name,category,coverage,description,type,date_coverage_pct,alphas,region,universe,delay
abnormal_return_earnings_release,matrix,100,Abnormal stock return around quarterly earnings release event,Matrix,100,34,USA,TOP3000,1
actual_cashflow_per_share_value_quarterly,matrix,47,Cash Flow Per Share - actual value for the quarter,Matrix,100,255,USA,TOP3000,1
actual_dividend_value_quarterly,matrix,61,Dividend - Actual value for the quarter,Matrix,100,53,USA,TOP3000,1
actual_eps_value_quarterly,matrix,100,Earnings Per Share (Income Statement/Per Share) (Actual),Matrix,100,394,USA,TOP3000,1
actual_sales_value_annual,matrix,99,Sales - Actual Value,Matrix,100,187,USA,TOP3000,1
actual_sales_value_quarterly,matrix,100,Sales - Value in financial services income statement (in millions),Matrix,100,224,USA,TOP3000,1
actuals_reporting_currency,vector,99,Home currency of instrument,Vector,100,180,USA,TOP3000,1
actuals_value_currency_code,matrix,100,Pricing Currency where the security trades,Matrix,100,1483,USA,TOP3000,1
anl4_adjusted_netincome_ft,matrix,87,Adjusted net income - forecast type (revision/new/...),Matrix,,40327,USA,TOP3000,1
anl4_ads1detailafv110_bk,vector,69,Broker name (int),Vector,,171,USA,TOP3000,1
anl4_ads1detailafv110_estvalue,vector,69,Estimation value,Vector,,141,USA,TOP3000,1
anl4_ads1detailafv110_person,vector,69,Broker Id,Vector,,776,USA,TOP3000,1
anl4_ads1detailafv110_prevval,vector,69,The Previous Estimation of Financial Item,Vector,,120,USA,TOP3000,1
anl4_ads1detailqfv110_bk,vector,63,Broker name (int),Vector,,357,USA,TOP3000,1
anl4_ads1detailqfv110_estvalue,vector,63,Estimation value,Vector,,115,USA,TOP3000,1
anl4_ads1detailqfv110_person,vector,63,Broker Id,Vector,,289,USA,TOP3000,1
anl4_ads1detailqfv110_prevval,vector,63,The previous estimation of financial item,Vector,,353,USA,TOP3000,1
anl4_adxqfv110_down,vector,70,Number of lower estimations,Vector,,957,USA,TOP3000,1
anl4_adxqfv110_high,vector,70,The highest estimation,Vector,,65,USA,TOP3000,1
anl4_adxqfv110_low,vector,70,The lowest estimation,Vector,,549,USA,TOP3000,1
anl4_adxqfv110_mean,vector,70,Mean of estimations,Vector,,82,USA,TOP3000,1
anl4_adxqfv110_median,vector,70,Median of estimations,Vector,,79,USA,TOP3000,1
anl4_adxqfv110_numest,vector,70,The number of forecasts counted in aggregation,Vector,,1385,USA,TOP3000,1
anl4_adxqfv110_pu,vector,70,The number of upper estimations,Vector,,4524,USA,TOP3000,1
anl4_ady_down,vector,72,Number of lower estimations,Vector,,116,USA,TOP3000,1
anl4_ady_high,vector,72,The highest estimation,Vector,,72,USA,TOP3000,1
anl4_ady_low,vector,72,The lowest estimation,Vector,,84,USA,TOP3000,1
anl4_ady_mean,vector,72,Mean of estimations,Vector,,40,USA,TOP3000,1
anl4_ady_median,vector,72,Median of estimations,Vector,,31,USA,TOP3000,1
anl4_ady_numest,vector,72,The number of forecasts counted in aggregation,Vector,,904,USA,TOP3000,1
anl4_ady_pu,vector,72,The number of upper estimations,Vector,,5474,USA,TOP3000,1
anl4_af_cfps_value,matrix,62,Cash Flow Per Share - Actual Value,Matrix,100,77,USA,TOP3000,1
anl4_af_div_value,matrix,76,Dividend - Actual value,Matrix,100,84,USA,TOP3000,1
anl4_af_eps_value,matrix,100,Earnings Per Share - Actual Value,Matrix,100,366,USA,TOP3000,1
anl4_afv4_actual,vector,92,Announced financial data,Vector,100,75,USA,TOP3000,1
anl4_afv4_cfps_high,matrix,68,Cash Flow Per Share - The highest estimation for the annual forecast,Matrix,100,66,USA,TOP3000,1
anl4_afv4_cfps_low,matrix,68,Cash Flow Per Share - The lowest estimation for the upcoming fiscal year,Matrix,100,78,USA,TOP3000,1
anl4_afv4_cfps_mean,matrix,68,Cash Flow Per Share - average of estimations for the annual frequency,Matrix,100,90,USA,TOP3000,1
anl4_afv4_cfps_median,matrix,68,Cash Flow Per Share - Median value among forecasts for the annual frequency,Matrix,100,87,USA,TOP3000,1
anl4_afv4_cfps_number,matrix,68,Cash Flow Per Share - number of estimations for annual frequency,Matrix,100,135,USA,TOP3000,1
anl4_afv4_div_high,matrix,82,Dividend per share - The highest estimation for the annual forecast.,Matrix,100,40,USA,TOP3000,1
anl4_afv4_div_low,matrix,82,Dividend - The lowest estimation for the annual forecast,Matrix,100,42,USA,TOP3000,1
anl4_afv4_div_mean,matrix,82,Dividend per share - average of estimations for annual frequency,Matrix,100,50,USA,TOP3000,1
anl4_afv4_div_median,matrix,82,Dividend per share - Median value among forecasts,Matrix,100,49,USA,TOP3000,1
anl4_afv4_div_number,matrix,82,Number of estimations for Dividend per share - annually,Matrix,100,68,USA,TOP3000,1
anl4_afv4_div_std,matrix,39,Dividend per share - standard deviation of estimations,Matrix,100,18,USA,TOP3000,1
anl4_afv4_dts_spe,matrix,69,Earnings per share - standard deviation of estimations,Matrix,100,115,USA,TOP3000,1
adjfactor,matrix,100,Adjustment factor applied to historical prices and dividends to account for splits and other corporate actions,Matrix,100,11,USA,TOP3000,1
adv20,matrix,100,Average daily volume in past 20 days,Matrix,100,100274,USA,TOP3000,1
analyst_revision_rank_derivative,matrix,100,Daily-indicator variant of momentum capturing recent price moves and analyst estimate revisions,Matrix,100,343,USA,TOP3000,1
anl4_afv4_eps_high,matrix,100,Earnings per share - The highest estimation,Matrix,100,363,USA,TOP3000,1
anl4_afv4_eps_low,matrix,100,Earnings per share - The lowest estimation for annual frequency,Matrix,100,249,USA,TOP3000,1
anl4_afv4_eps_mean,matrix,100,Earnings per share - mean of estimations for annual frequency,Matrix,100,651,USA,TOP3000,1
anl4_afv4_eps_number,matrix,100,Earnings per share - number of estimations for annual frequency,Matrix,100,248,USA,TOP3000,1
anl4_afv4_maxguidance,vector,70,Max guidance value,Vector,100,247,USA,TOP3000,1
anl4_afv4_median_eps,matrix,100,Earnings per share - median of estimations,Matrix,100,249,USA,TOP3000,1
anl4_afv4_minguidance,vector,70,Min guidance value,Vector,100,133,USA,TOP3000,1
anl4_bac1actualqfv110_actual,vector,65,Announced financial data,Vector,,106,USA,TOP3000,1
anl4_bac1actualqfv110_item,vector,66,Financial item,Vector,,137,USA,TOP3000,1
anl4_bac1conafv110_item,vector,73,Financial item,Vector,,153,USA,TOP3000,1
anl4_bac1conltv110_item,vector,70,Financial item,Vector,,31,USA,TOP3000,1
anl4_bac1conqfv110_item,vector,73,Financial item,Vector,,82,USA,TOP3000,1
anl4_bac1conrecv110_item,vector,62,Financial item,Vector,,138,USA,TOP3000,1
anl4_bac1detailafv110_item,vector,72,Financial item,Vector,,647,USA,TOP3000,1
anl4_bac1detaillt_item,vector,68,Financial item,Vector,,4038,USA,TOP3000,1
anl4_bac1detailqfv110_item,vector,69,Financial item,Vector,,172,USA,TOP3000,1
anl4_bac1detailrec_item,vector,71,Financial item,Vector,,2822,USA,TOP3000,1
anl4_basicafv4_actual,vector,92,Announced financial data for the annual period.,Vector,100,23,USA,TOP3000,1
anl4_basicconafv110_down,vector,73,Number of lower estimations,Vector,,143,USA,TOP3000,1
anl4_basicconafv110_high,vector,73,The highest estimation,Vector,,35,USA,TOP3000,1
anl4_basicconafv110_low,vector,73,The lowest estimation,Vector,,44,USA,TOP3000,1
anl4_basicconafv110_mean,vector,73,Mean of estimations,Vector,,52,USA,TOP3000,1
anl4_basicconafv110_median,vector,73,Median of estimations,Vector,,35,USA,TOP3000,1
anl4_basicconafv110_numest,vector,73,The number of forecasts counted in aggregation,Vector,,654,USA,TOP3000,1
anl4_basicconafv110_pu,vector,73,The number of upper estimations,Vector,,1749,USA,TOP3000,1
anl4_basicconltv110_down,vector,70,Number of lower estimations,Vector,,100,USA,TOP3000,1
anl4_basicconltv110_high,vector,70,The highest estimation,Vector,,128,USA,TOP3000,1
anl4_basicconltv110_low,vector,70,The lowest estimation,Vector,,52,USA,TOP3000,1
anl4_basicconltv110_mean,vector,70,Mean of estimations,Vector,,82,USA,TOP3000,1
anl4_basicconltv110_median,vector,70,Median of estimations,Vector,,122,USA,TOP3000,1
anl4_basicconltv110_numest,vector,70,The number of forecasts counted in aggregation,Vector,,1629,USA,TOP3000,1
anl4_basicconltv110_pu,vector,70,The number of upper estimations,Vector,,1174,USA,TOP3000,1
anl4_basicconqfv110_down,vector,73,Number of lower estimations,Vector,,1258,USA,TOP3000,1
anl4_basicconqfv110_high,vector,73,The highest estimation,Vector,,66,USA,TOP3000,1
anl4_basicconqfv110_low,vector,73,The lowest estimation,Vector,,53,USA,TOP3000,1
anl4_basicconqfv110_mean,vector,73,Mean of estimations,Vector,,1267,USA,TOP3000,1
anl4_basicconqfv110_median,vector,73,Median of estimations,Vector,,92,USA,TOP3000,1
anl4_basicconqfv110_numest,vector,73,The number of forecasts counted in aggregation,Vector,,1365,USA,TOP3000,1
anl4_basicconqfv110_pu,vector,73,The number of upper estimations,Vector,,3571,USA,TOP3000,1
anl4_basicdetaillt_bk,vector,68,Broker name (int),Vector,,61,USA,TOP3000,1
anl4_basicdetaillt_estvalue,vector,68,Estimation value,Vector,,91,USA,TOP3000,1
anl4_basicdetaillt_person,vector,68,Broker Id,Vector,,103,USA,TOP3000,1
anl4_basicdetaillt_prevval,vector,68,The Previous Estimation of Financial Item,Vector,,113,USA,TOP3000,1
anl4_basicdetailqfv110_bk,vector,69,Broker name (int),Vector,,39,USA,TOP3000,1
anl4_basicdetailqfv110_estvalue,vector,69,Estimation value,Vector,,41,USA,TOP3000,1
anl4_basicdetailqfv110_person,vector,69,Broker Id,Vector,,42,USA,TOP3000,1
anl4_basicdetailqfv110_prevval,vector,68,The previous estimation of financial item,Vector,,62,USA,TOP3000,1
anl4_basicdetailrec_bk,vector,71,Broker name (int),Vector,,85,USA,TOP3000,1
anl4_basicdetailrec_person,vector,71,Broker Id,Vector,,76,USA,TOP3000,1
anl4_basicdetailrec_ratingvalue,vector,71,Score on the given instrument,Vector,,488,USA,TOP3000,1
anl4_basicqfv4_actual,vector,100,Announced financial data,Vector,100,17,USA,TOP3000,1
anl4_basicqfv4_maxguidance,vector,48,Max guidance value,Vector,100,780,USA,TOP3000,1
anl4_basicqfv4_minguidance,vector,48,Min guidance value,Vector,100,718,USA,TOP3000,1
anl4_baz1v110_bk,vector,72,Broker name (int),Vector,,76,USA,TOP3000,1
anl4_baz1v110_estvalue,vector,72,Estimation value,Vector,,65,USA,TOP3000,1
anl4_baz1v110_person,vector,72,Broker Id,Vector,,623,USA,TOP3000,1
anl4_baz1v110_prevval,vector,71,The previous estimation of financial item,Vector,,38,USA,TOP3000,1
anl4_buy,vector,62,The number of recommendations to long the instrument,Vector,,530,USA,TOP3000,1
anl4_bvps_flag,matrix,82,Book value per share - forecast type (revision/new/...),Matrix,,14911,USA,TOP3000,1
anl4_bvps_high,matrix,65,"Book value - the highest estimation, per share",Matrix,,1079,USA,TOP3000,1
anl4_bvps_low,matrix,65,"Book value - the lowest estimation, per share",Matrix,,1541,USA,TOP3000,1
anl4_bvps_mean,matrix,65,Book value per share - average of estimations,Matrix,,984,USA,TOP3000,1
anl4_bvps_median,matrix,65,Book value per share - Median value among forecasts,Matrix,,933,USA,TOP3000,1
anl4_bvps_number,matrix,65,Book value per share - number of estimations,Matrix,,1393,USA,TOP3000,1
anl4_bvps_value,matrix,52,Book value per share - announced financial value,Matrix,100,516,USA,TOP3000,1
anl4_capex_flag,matrix,85,Capital Expenditures - forecast type (revision/new/...),Matrix,,6532,USA,TOP3000,1
anl4_capex_high,matrix,62,Capital Expenditures - The highest estimation,Matrix,,8192,USA,TOP3000,1
anl4_capex_low,matrix,62,Capital Expenditures - The lowest estimation,Matrix,,7216,USA,TOP3000,1
anl4_capex_mean,matrix,62,Capital Expenditures - mean of estimations,Matrix,,731,USA,TOP3000,1
anl4_capex_number,matrix,62,Capital Expenditures - number of estimations,Matrix,,861,USA,TOP3000,1
anl4_capex_std,matrix,26,Capital Expenditures - standard deviation of estimations,Matrix,,3045,USA,TOP3000,1
anl4_capex_value,matrix,66,Capital Expenditures - announced financial value,Matrix,100,6069,USA,TOP3000,1
anl4_cff_flag,matrix,82,Cash Flow From Financing Activities - forecast type (revision/new/...),Matrix,,4016,USA,TOP3000,1
anl4_cff_high,matrix,59,Cash Flow From Financing - The highest of forecasted values,Matrix,,2114,USA,TOP3000,1
anl4_cff_low,matrix,59,Cash Flow From Financing - The lowest estimation,Matrix,,4947,USA,TOP3000,1
anl4_cff_mean,matrix,59,Cash Flow From Financing - mean of estimations,Matrix,,244,USA,TOP3000,1
anl4_cff_median,matrix,59,Cash Flow From Financing Activities - Median value among forecasts,Matrix,,329,USA,TOP3000,1
anl4_cff_number,matrix,59,Cash Flow From Financing - number of estimations,Matrix,,603,USA,TOP3000,1
anl4_cff_value,matrix,48,Cash Flow From Financing - announced financial value,Matrix,100,584,USA,TOP3000,1
anl4_cfi_flag,matrix,83,Cash Flow From Investing - forecast type (revision/new/...),Matrix,,2651,USA,TOP3000,1
anl4_cfi_high,matrix,58,Cash Flow From Investing - The highest estimation,Matrix,,1440,USA,TOP3000,1
anl4_cfi_low,matrix,58,Cash Flow From Investing - The lowest estimation,Matrix,,3011,USA,TOP3000,1
anl4_cfi_mean,matrix,58,Cash Flow From Investing - mean of estimations,Matrix,,216,USA,TOP3000,1
anl4_cfi_median,matrix,58,Cash Flow From Investing - median of estimations,Matrix,,407,USA,TOP3000,1
anl4_cfi_number,matrix,58,Cash Flow From Investing - number of estimations,Matrix,,297,USA,TOP3000,1
anl4_cfi_value,matrix,49,Cash Flow From Investing - announced financial value,Matrix,100,2069,USA,TOP3000,1
anl4_cfo_flag,matrix,83,Cash Flow From Operations - forecast type (revision/new/...),Matrix,,2734,USA,TOP3000,1
anl4_cfo_high,matrix,62,Cash Flow From Operations - The highest value among forecasts,Matrix,,2230,USA,TOP3000,1
anl4_cfo_low,matrix,62,Cash Flow From Operations - The lowest estimation,Matrix,,6785,USA,TOP3000,1
anl4_cfo_mean,matrix,62,Cash Flow From Operations - mean of estimations,Matrix,,318,USA,TOP3000,1
anl4_cfo_median,matrix,62,Cash Flow From Operations - median of estimations,Matrix,,2418,USA,TOP3000,1
anl4_cfo_number,matrix,62,Cash Flow From Operations - number of estimations,Matrix,,962,USA,TOP3000,1
anl4_cfo_value,matrix,58,Cash Flow From Operations - announced financial value,Matrix,100,6619,USA,TOP3000,1
anl4_cuo1actualqfv110_actual,vector,63,Announced financial data,Vector,,531,USA,TOP3000,1
anl4_cuo1actualqfv110_item,vector,65,Financial item,Vector,,229,USA,TOP3000,1
anl4_cuo1conafv110_item,vector,72,Financial item,Vector,,169,USA,TOP3000,1
anl4_cuo1conqfv110_item,vector,70,Financial item,Vector,,1059,USA,TOP3000,1
anl4_cuo1detailafv110_item,vector,69,Financial item,Vector,,3912,USA,TOP3000,1
anl4_cuo1detailqfv110_item,vector,63,Financial item,Vector,,2837,USA,TOP3000,1
anl4_cuo1guidaf_item,vector,30,Financial item,Vector,,25,USA,TOP3000,1
anl4_cuo1guidaf_maxguidance,vector,29,Max guidance value,Vector,,43,USA,TOP3000,1
anl4_cuo1guidaf_minguidance,vector,30,Minimum guidance value,Vector,,72,USA,TOP3000,1
anl4_dei2laf_item,vector,49,Financial item,Vector,,1176,USA,TOP3000,1
anl4_dei2lqfv110_item,vector,43,Financial item,Vector,,2809,USA,TOP3000,1
anl4_dei3lafv110_item,vector,54,Financial item,Vector,,735,USA,TOP3000,1
anl4_dei3lltv110_item,vector,47,Financial item,Vector,,3970,USA,TOP3000,1
anl4_dei3lqfv110_item,vector,51,Financial item,Vector,,407,USA,TOP3000,1
anl4_dei3lrec_item,vector,55,Financial item,Vector,,433,USA,TOP3000,1
anl4_detailltv4_est,vector,100,Long term estimation value,Vector,100,9,USA,TOP3000,1
anl4_detailltv4_preest,vector,100,The previous estimation of financial item,Vector,100,9,USA,TOP3000,1
anl4_detailltv4v104_est,vector,79,Estimation value,Vector,,76,USA,TOP3000,1
anl4_detailltv4v104_preest,vector,79,The previous estimation of financial item,Vector,,75,USA,TOP3000,1
anl4_detailrecv4_est,vector,100,Estimation value for recommendation detail,Vector,100,41,USA,TOP3000,1
anl4_detailrecv4v104_est,vector,79,Estimation value,Vector,,974,USA,TOP3000,1
anl4_dez1afv4_est,vector,97,Estimation value,Vector,100,219,USA,TOP3000,1
anl4_dez1afv4_preest,vector,97,The previous estimation of finanicial item,Vector,100,68,USA,TOP3000,1
anl4_dez1basicafv4_est,vector,100,Estimation value,Vector,100,21,USA,TOP3000,1
anl4_dez1basicafv4_preest,vector,100,The previous estimation of finanicial item,Vector,100,11,USA,TOP3000,1
anl4_dez1basicafv4v104_est,vector,81,Estimation value,Vector,,107,USA,TOP3000,1
anl4_dez1basicafv4v104_preest,vector,81,The previous estimation of financial item,Vector,,50,USA,TOP3000,1
anl4_dez1basicqfv4_est,vector,100,Estimation value,Vector,100,22,USA,TOP3000,1
anl4_dez1basicqfv4_preest,vector,100,The previous estimation of finanicial item,Vector,100,3,USA,TOP3000,1
anl4_dez1basicqfv4v104_est,vector,79,Estimation value,Vector,,673,USA,TOP3000,1
anl4_dez1basicqfv4v104_preest,vector,79,The previous estimation of financial item,Vector,,298,USA,TOP3000,1
anl4_dez1qfv4_est,vector,96,Estimation value,Vector,100,973,USA,TOP3000,1
anl4_dez1qfv4_preest,vector,96,The previous estimation of finanicial item,Vector,100,515,USA,TOP3000,1
anl4_dez1safv4_est,vector,43,Estimation value,Vector,100,43,USA,TOP3000,1
anl4_dez1safv4_preest,vector,41,The previous estimation of finanicial item,Vector,100,39,USA,TOP3000,1
anl4_dts_ptp,matrix,51,Pretax income - std of estimations,Matrix,,799,USA,TOP3000,1
anl4_dts_rspe,matrix,48,Reported Earnings per share - standard deviation of estimations,Matrix,,3255,USA,TOP3000,1
anl4_eaz1laf_bk,vector,49,Broker name (int),Vector,,688,USA,TOP3000,1
anl4_eaz1laf_estvalue,vector,48,Estimation value,Vector,,22,USA,TOP3000,1
anl4_eaz1laf_person,vector,49,Broker Id,Vector,,558,USA,TOP3000,1
anl4_eaz1laf_prevval,vector,48,The previous estimation of financial item,Vector,,37,USA,TOP3000,1
anl4_eaz1lqfv110_bk,vector,43,Broker name (int),Vector,,188,USA,TOP3000,1
anl4_eaz1lqfv110_estvalue,vector,42,Estimation value,Vector,,31,USA,TOP3000,1
anl4_eaz1lqfv110_person,vector,43,Broker Id,Vector,,252,USA,TOP3000,1
anl4_eaz1lqfv110_prevval,vector,41,The previous estimation of financial item,Vector,,18,USA,TOP3000,1
anl4_eaz2lafv110_bk,vector,54,Broker name (int),Vector,,736,USA,TOP3000,1
anl4_eaz2lafv110_estvalue,vector,53,Estimation value,Vector,,43,USA,TOP3000,1
anl4_eaz2lafv110_person,vector,54,Broker Id,Vector,,43,USA,TOP3000,1
anl4_eaz2lafv110_prevval,vector,52,The previous estimation of financial item,Vector,,22,USA,TOP3000,1
anl4_eaz2lltv110_bk,vector,47,Broker name (int),Vector,,741,USA,TOP3000,1
anl4_eaz2lltv110_estvalue,vector,46,Estimation value,Vector,,36,USA,TOP3000,1
anl4_eaz2lltv110_person,vector,47,Broker Id,Vector,,910,USA,TOP3000,1
anl4_eaz2lltv110_prevval,vector,45,The previous estimation of financial item,Vector,,77,USA,TOP3000,1
anl4_eaz2lqfv110_bk,vector,51,Broker name (int),Vector,,159,USA,TOP3000,1
anl4_eaz2lqfv110_estvalue,vector,50,Estimation value,Vector,,140,USA,TOP3000,1
anl4_eaz2lqfv110_person,vector,51,Broker Id,Vector,,154,USA,TOP3000,1
anl4_eaz2lqfv110_prevval,vector,49,The previous estimation of financial item,Vector,,153,USA,TOP3000,1
anl4_eaz2lrec_bk,vector,55,Broker name (int),Vector,,426,USA,TOP3000,1
anl4_eaz2lrec_person,vector,55,Broker Id,Vector,,1466,USA,TOP3000,1
anl4_eaz2lrec_ratingvalue,vector,53,Score on the given instrument,Vector,,5521,USA,TOP3000,1
anl4_ebit_high,matrix,71,Earnings before interest and taxes - The highest estimation,Matrix,,3274,USA,TOP3000,1
anl4_ebit_low,matrix,71,Earnings before interest and taxes - The lowest estimation,Matrix,,3754,USA,TOP3000,1
anl4_ebit_mean,matrix,71,Earnings before interest and taxes - mean of estimations,Matrix,,645,USA,TOP3000,1
anl4_ebit_median,matrix,71,Earnings before interest and taxes - median of estimations,Matrix,,1855,USA,TOP3000,1
anl4_ebit_number,matrix,71,Earnings before interest and taxes - number of estimations,Matrix,,2719,USA,TOP3000,1
anl4_ebit_std,matrix,47,Earnings before interest and taxes - standard deviation of estimations,Matrix,,1443,USA,TOP3000,1
anl4_ebit_value,matrix,95,Earnings before interest and taxes - announced financial value,Matrix,100,14916,USA,TOP3000,1
anl4_ebitda_flag,matrix,86,"Earnings before interest, taxes, depreciation and amortization - forecast type (revision/new/...)",Matrix,,3862,USA,TOP3000,1
anl4_ebitda_high,matrix,58,"Earnings before interest, taxes, depreciation, and amortization - the highest estimation",Matrix,,4988,USA,TOP3000,1
anl4_ebitda_low,matrix,58,"Earnings before interest, taxes, depreciation and amortization - The lowest estimation",Matrix,,6288,USA,TOP3000,1
anl4_ebitda_mean,matrix,58,"Earnings before interest, taxes, depreciation and amortization - mean of estimations",Matrix,,327,USA,TOP3000,1
anl4_ebitda_number,matrix,58,"Earnings before interest, taxes, depreciation and amortization - number of estimations",Matrix,,459,USA,TOP3000,1
anl4_ebitda_std,matrix,36,"Earnings before interest, taxes, depreciation, and amortization - standard deviation of estimations",Matrix,,554,USA,TOP3000,1
anl4_ebitda_value,matrix,81,"Earnings before interest, taxes, depreciation and amortization - announced financial value",Matrix,100,14392,USA,TOP3000,1
anl4_epsa_flag,matrix,100,Earnings per share adjusted by excluding extraordinary items and stock option expenses - forecast type (revision/new/...),Matrix,,828,USA,TOP3000,1
anl4_epsr_flag,matrix,87,"GAAP Earnings - estimation type (revision/new/...), per share",Matrix,,11265,USA,TOP3000,1
anl4_epsr_high,matrix,72,GAAP Earnings per share - The highest estimation,Matrix,,2462,USA,TOP3000,1
anl4_epsr_low,matrix,72,GAAP Earnings per share - The lowest estimation,Matrix,,4838,USA,TOP3000,1
anl4_epsr_mean,matrix,72,GAAP Earnings per share - mean of estimations,Matrix,,1023,USA,TOP3000,1
anl4_epsr_number,matrix,72,GAAP Earnings per share - number of estimations,Matrix,,4000,USA,TOP3000,1
anl4_epsr_value,matrix,99,GAAP Earnings per share - announced financial value,Matrix,100,1777,USA,TOP3000,1
anl4_fcf_flag,matrix,86,Free cash flow - forecast type (revision/new/...),Matrix,,3595,USA,TOP3000,1
anl4_fcf_high,matrix,55,"Free cash flow - aggregation on estimations, max",Matrix,,1074,USA,TOP3000,1
anl4_fcf_low,matrix,55,Free Cash Flow - The lowest estimation,Matrix,,3371,USA,TOP3000,1
anl4_fcf_mean,matrix,55,Free Cash Flow - mean of estimations,Matrix,,265,USA,TOP3000,1
anl4_fcf_median,matrix,55,"Free cash flow - aggregation on estimations, 50th percentile",Matrix,,1289,USA,TOP3000,1
anl4_fcf_number,matrix,55,Free Cash Flow - number of estimations,Matrix,,412,USA,TOP3000,1
anl4_fcf_value,matrix,53,Free cash flow- announced financial value,Matrix,100,1603,USA,TOP3000,1
anl4_fcfps_flag,matrix,89,Free cash flow per share - forecast type (revision/new/...),Matrix,,1372,USA,TOP3000,1
anl4_fcfps_high,matrix,44,Free Cash Flow Per Share - the highest estimation,Matrix,,230,USA,TOP3000,1
anl4_fcfps_low,matrix,44,Free Cash Flow Per Share - the lowest estimation,Matrix,,298,USA,TOP3000,1
anl4_fcfps_mean,matrix,44,Free cash flow per share - mean of estimations,Matrix,,147,USA,TOP3000,1
anl4_fcfps_median,matrix,44,"Free cash flow - summary on estimations, 50th-percentile, per share",Matrix,,182,USA,TOP3000,1
anl4_fcfps_number,matrix,44,Free Cash Flow per Share - number of estimations,Matrix,,4840,USA,TOP3000,1
anl4_ffo_flag,matrix,100,Funds from Operation - forecast type (revision/new/...),Matrix,,6139,USA,TOP3000,1
anl4_flag_erbfintax,matrix,82,Earnings before interest and taxes - forecast type (revision/new/...),Matrix,,9855,USA,TOP3000,1
anl4_fsactualafv4_actual,vector,76,Announced financial data,Vector,100,8,USA,TOP3000,1
anl4_fsactualafv4_item,vector,79,Financial item,Vector,100,2619,USA,TOP3000,1
anl4_fsactualqfv4_actual,vector,77,Announced financial data,Vector,100,2,USA,TOP3000,1
anl4_fsactualqfv4_item,vector,78,Financial item,Vector,100,130,USA,TOP3000,1
anl4_fsdetailltv4v104_item,vector,80,Financial item,Vector,,3403,USA,TOP3000,1
anl4_fsdetailrecv4v104_item,vector,80,Financial item,Vector,,5162,USA,TOP3000,1
anl4_fsdtlestmtafv4_item,vector,79,Financial item,Vector,100,4109,USA,TOP3000,1
anl4_fsdtlestmtbscqv104_item,vector,79,Financial item,Vector,,1075,USA,TOP3000,1
anl4_fsdtlestmtbscv104_item,vector,81,Financial item,Vector,,886,USA,TOP3000,1
anl4_fsdtlestmtqfv4_item,vector,73,Financial item,Vector,100,454,USA,TOP3000,1
anl4_fsdtlestmtsafv4_item,vector,31,Financial item,Vector,100,30,USA,TOP3000,1
anl4_fsgdncbscv4_maxguidance,vector,32,Max guidance value,Vector,100,19,USA,TOP3000,1
anl4_fsgdncbscv4_minguidance,vector,32,Minimum guidance value,Vector,100,9,USA,TOP3000,1
anl4_fsguidanceafv4_item,vector,45,Financial item,Vector,100,42,USA,TOP3000,1
anl4_fsguidanceafv4_maxguidance,vector,45,Maximum guidance value,Vector,100,3,USA,TOP3000,1
anl4_fsguidanceafv4_minguidance,vector,45,Min guidance value,Vector,100,4,USA,TOP3000,1
anl4_fsguidancebasicqfv4_item,vector,32,Financial item,Vector,100,3709,USA,TOP3000,1
anl4_fsguidanceqfv4_item,vector,31,Financial item,Vector,100,2143,USA,TOP3000,1
anl4_fsguidanceqfv4_maxguidance,vector,31,Max guidance value,Vector,100,33,USA,TOP3000,1
anl4_fsguidanceqfv4_minguidance,vector,31,Min guidance value,Vector,100,30,USA,TOP3000,1
anl4_gric_flag,matrix,90,Gross income - forecast type (revision/new/...),Matrix,,8302,USA,TOP3000,1
anl4_gric_high,matrix,60,Gross income - The highest estimation,Matrix,,847,USA,TOP3000,1
anl4_gric_low,matrix,60,Gross income - The lowest estimation,Matrix,,1982,USA,TOP3000,1
anl4_gric_mean,matrix,60,Gross income - mean of estimations,Matrix,,635,USA,TOP3000,1
anl4_gric_median,matrix,60,Gross income - median of estimations,Matrix,,1149,USA,TOP3000,1
anl4_gric_number,matrix,60,Gross income - number of estimations,Matrix,,1293,USA,TOP3000,1
anl4_gric_std,matrix,41,Gross income - std of estimations,Matrix,,2984,USA,TOP3000,1
anl4_gric_value,matrix,70,Gross income- announced financial value,Matrix,100,2104,USA,TOP3000,1
anl4_guiafv4_est,vector,70,Estimation value,Vector,100,46,USA,TOP3000,1
anl4_guibasicqfv4_est,vector,48,Estimation value,Vector,100,2717,USA,TOP3000,1
anl4_guiqfv4_est,vector,48,Estimation value,Vector,100,1792,USA,TOP3000,1
anl4_hold,vector,62,The number of recommendations not clear about short or long the instrument,Vector,,914,USA,TOP3000,1
anl4_mark,vector,62,Recommendation consensus score,Vector,,762,USA,TOP3000,1
anl4_median_capexp,matrix,62,Capital Expenditures - median of estimations,Matrix,,452,USA,TOP3000,1
anl4_median_epsreported,matrix,72,GAAP Earnings per share - median of estimations,Matrix,,3655,USA,TOP3000,1
anl4_medianepsbfam,matrix,58,"Earnings before interest, taxes, depreciation and amortization - median of estimations",Matrix,,1029,USA,TOP3000,1
anl4_netdebt_flag,matrix,86,Net debt - forecast type (revision/new/...),Matrix,,12617,USA,TOP3000,1
anl4_netdebt_high,matrix,52,Net debt - the highest estimation,Matrix,,138,USA,TOP3000,1
anl4_netdebt_low,matrix,52,Net debt - the lowest estimation,Matrix,,266,USA,TOP3000,1
anl4_netdebt_mean,matrix,52,Net debt - mean of estimations,Matrix,,445,USA,TOP3000,1
anl4_netdebt_median,matrix,52,Net Debt - median of estimations,Matrix,,111,USA,TOP3000,1
anl4_netdebt_number,matrix,52,Net debt - Number of estimations,Matrix,,314,USA,TOP3000,1
anl4_netprofit_flag,matrix,88,Net profit - forecast type (revision/new/...),Matrix,,9753,USA,TOP3000,1
anl4_netprofit_high,matrix,77,Net Profit - The highest estimation,Matrix,,552,USA,TOP3000,1
anl4_netprofit_low,matrix,77,Net Profit - The Lowest Estimation,Matrix,,1405,USA,TOP3000,1
anl4_netprofit_mean,matrix,77,Net profit - mean of estimations,Matrix,,702,USA,TOP3000,1
anl4_netprofit_median,matrix,77,Net profit - Median of estimations,Matrix,,1102,USA,TOP3000,1
anl4_netprofit_number,matrix,77,Net profit - number of estimations,Matrix,,7746,USA,TOP3000,1
anl4_netprofit_std,matrix,60,Net profit - standard deviation of estimations,Matrix,,334,USA,TOP3000,1
anl4_netprofit_value,matrix,100,Net profit- announced financial value,Matrix,100,1460,USA,TOP3000,1
anl4_netprofita_high,matrix,75,Adjusted Net Income - the highest estimation,Matrix,,976,USA,TOP3000,1
anl4_netprofita_low,matrix,75,Adjusted net income - the lowest estimation,Matrix,,3944,USA,TOP3000,1
anl4_netprofita_mean,matrix,75,Adjusted net income - mean of estimations,Matrix,,1308,USA,TOP3000,1
anl4_netprofita_median,matrix,75,Adjusted net income - median of estimations,Matrix,,701,USA,TOP3000,1
anl4_netprofita_number,matrix,75,Adjusted net income - number of estimations,Matrix,,2374,USA,TOP3000,1
anl4_netprofita_std,matrix,50,Adjusted net income - std of estimations,Matrix,,248,USA,TOP3000,1
anl4_netprofita_value,matrix,93,Adjusted net income- announced financial value,Matrix,100,747,USA,TOP3000,1
anl4_norec,vector,62,The number of brokers with no recommendation,Vector,,54,USA,TOP3000,1
anl4_ptp_flag,matrix,83,Pretax income - forecast type (revision/new/...),Matrix,,20309,USA,TOP3000,1
anl4_ptp_high,matrix,73,Pretax income - the highest estimation,Matrix,,3237,USA,TOP3000,1
anl4_ptp_low,matrix,73,Pretax income - the lowest estimation,Matrix,,4491,USA,TOP3000,1
anl4_ptp_mean,matrix,73,Pretax income - mean of estimations,Matrix,,723,USA,TOP3000,1
anl4_ptp_median,matrix,73,Pretax income - median of estimations,Matrix,,663,USA,TOP3000,1
anl4_ptp_number,matrix,73,Pretax Income - number of estimations,Matrix,,5734,USA,TOP3000,1
anl4_ptp_value,matrix,94,Pretax income- announced financial value,Matrix,100,1231,USA,TOP3000,1
anl4_ptpr_flag,matrix,90,Reported Pretax income - forecast type (revision/new/...),Matrix,,7116,USA,TOP3000,1
anl4_ptpr_high,matrix,41,Reported pretax income - the highest estimation,Matrix,,310,USA,TOP3000,1
anl4_ptpr_low,matrix,41,Reported Pretax Income - The Lowest Estimation,Matrix,,2838,USA,TOP3000,1
anl4_ptpr_mean,matrix,41,Reported Pretax income - mean of estimations,Matrix,,259,USA,TOP3000,1
anl4_ptpr_median,matrix,41,Reported pretax income - Median of estimations,Matrix,,356,USA,TOP3000,1
anl4_ptpr_number,matrix,41,Reported Pretax Income - number of estimations,Matrix,,9231,USA,TOP3000,1
anl4_qf_az_cfps_mean,matrix,33,Cash Flow Per Share - average of estimations,Matrix,,241,USA,TOP3000,1
anl4_qf_az_cfps_median,matrix,33,Cash Flow Per Share - Median value among forecasts,Matrix,,100,USA,TOP3000,1
anl4_qf_az_cfps_number,matrix,33,Cash Flow Per Share - number of estimations,Matrix,,67,USA,TOP3000,1
anl4_qf_az_div_mean,matrix,49,Dividend per share - average of estimations,Matrix,,68,USA,TOP3000,1
anl4_qf_az_div_median,matrix,49,Dividend per share - median of estimations,Matrix,,46,USA,TOP3000,1
anl4_qf_az_div_number,matrix,49,Dividend per share - number of estimations,Matrix,,54,USA,TOP3000,1
anl4_qf_az_dts_spe,matrix,57,Earnings per share - std of estimations,Matrix,,874,USA,TOP3000,1
anl4_qf_az_eps,matrix,78,"EPS - aggregation on estimations, 50th percentile",Matrix,,499,USA,TOP3000,1
anl4_qf_az_eps_mean,matrix,78,Earnings per share - mean of estimations,Matrix,,1030,USA,TOP3000,1
anl4_qf_az_eps_number,matrix,78,Earnings per share - number of estimations,Matrix,,10003,USA,TOP3000,1
anl4_qf_az_hgih_spe,matrix,78,Earnings per share - The highest estimation,Matrix,,551,USA,TOP3000,1
anl4_qf_az_hgih_spfc,matrix,33,"Cash Flow - The highest estimation, per share",Matrix,,253,USA,TOP3000,1
anl4_qf_az_hgih_vid,matrix,49,Dividend per share - The highest estimation,Matrix,,80,USA,TOP3000,1
anl4_qf_az_wol_spe,matrix,78,Earnings per share - The lowest estimation,Matrix,,494,USA,TOP3000,1
anl4_qf_az_wol_spfc,matrix,33,Cash Flow Per Share - The lowest estimation,Matrix,,102,USA,TOP3000,1
anl4_qf_az_wol_vid,matrix,49,Dividend per share - The lowest value among forecasts,Matrix,,92,USA,TOP3000,1
anl4_qfd1_az_cfps_median,matrix,33,Cash Flow Per Share - Median value among forecasts,Matrix,,160,USA,TOP3000,1
anl4_qfd1_az_cfps_number,matrix,33,Cash Flow Per Share - number of estimations,Matrix,,57,USA,TOP3000,1
anl4_qfd1_az_div_median,matrix,49,Dividend per share - median of estimations,Matrix,,93,USA,TOP3000,1
anl4_qfd1_az_div_number,matrix,49,Dividend per share - number of estimations,Matrix,,70,USA,TOP3000,1
anl4_qfd1_az_dts_spe,matrix,57,Earnings per share - std of estimations,Matrix,,860,USA,TOP3000,1
anl4_qfd1_az_eps_number,matrix,78,Earnings per share - number of estimations,Matrix,,5761,USA,TOP3000,1
anl4_qfd1_az_hgih_spe,matrix,78,Earnings per share - The highest estimation,Matrix,,706,USA,TOP3000,1
anl4_qfd1_az_hgih_spfc,matrix,33,"Cash Flow - The highest estimation, per share",Matrix,,117,USA,TOP3000,1
anl4_qfd1_az_hgih_vid,matrix,49,Dividend per share - The highest estimation,Matrix,,70,USA,TOP3000,1
anl4_qfd1_az_wol_spe,matrix,78,Earnings per share - The lowest estimation,Matrix,,429,USA,TOP3000,1
anl4_qfd1_az_wol_spfc,matrix,33,Cash Flow Per Share - The lowest estimation,Matrix,,79,USA,TOP3000,1
anl4_qfd1_az_wol_vid,matrix,49,Dividend per share - The lowest value among forecasts,Matrix,,99,USA,TOP3000,1
anl4_qfd1_azeps,matrix,78,"EPS - aggregation on estimations, 50th percentile",Matrix,,458,USA,TOP3000,1
anl4_qfv4_actual,vector,99,Announced financial data,Vector,100,473,USA,TOP3000,1
anl4_qfv4_cfps_high,matrix,40,Cash Flow Per Share - The highest estimation for the quarter,Matrix,100,7,USA,TOP3000,1
anl4_qfv4_cfps_low,matrix,40,Cash Flow Per Share - The lowest estimation,Matrix,100,10,USA,TOP3000,1
anl4_qfv4_cfps_mean,matrix,40,Cash Flow Per Share - average of estimations,Matrix,100,9,USA,TOP3000,1
anl4_qfv4_cfps_median,matrix,40,Cash Flow Per Share - Median value among forecasts,Matrix,100,5,USA,TOP3000,1
anl4_qfv4_cfps_number,matrix,40,Cash Flow Per Share - number of estimations,Matrix,100,10,USA,TOP3000,1
anl4_qfv4_div_high,matrix,62,Dividend per share - The highest estimation,Matrix,100,11,USA,TOP3000,1
anl4_qfv4_div_low,matrix,62,Dividend per share - The lowest estimation,Matrix,100,23,USA,TOP3000,1
anl4_qfv4_div_mean,matrix,62,Dividend per share - mean of estimations,Matrix,100,13,USA,TOP3000,1
anl4_qfv4_div_median,matrix,62,Dividend per share - median of estimations,Matrix,100,24,USA,TOP3000,1
anl4_qfv4_div_number,matrix,62,Dividend - number of estimations,Matrix,100,21,USA,TOP3000,1
anl4_qfv4_dts_spe,matrix,72,Earnings per share - standard deviation of estimations,Matrix,100,519,USA,TOP3000,1
anl4_qfv4_eps_high,matrix,100,Earnings per share - The highest estimation,Matrix,100,70,USA,TOP3000,1
anl4_qfv4_eps_low,matrix,100,Earnings per share - The lowest estimation,Matrix,100,50,USA,TOP3000,1
anl4_qfv4_eps_mean,matrix,100,Earnings per share - mean of estimations,Matrix,100,51,USA,TOP3000,1
anl4_qfv4_eps_number,matrix,100,Earnings per share - number of estimations,Matrix,100,475,USA,TOP3000,1
anl4_qfv4_maxguidance,vector,48,Max guidance value,Vector,100,2978,USA,TOP3000,1
anl4_qfv4_median_eps,matrix,100,Earnings per share - median of estimations,Matrix,100,50,USA,TOP3000,1
anl4_qfv4_minguidance,vector,48,Min guidance value,Vector,100,2481,USA,TOP3000,1
anl4_rd_exp_flag,matrix,98,Research and Development Expense - forecast type (revision/new/...),Matrix,,3953,USA,TOP3000,1
anl4_rd_exp_high,matrix,29,Research and Development Expense - the highest estimation,Matrix,,198,USA,TOP3000,1
anl4_rd_exp_low,matrix,29,Research and Development Expense - the lowest estimation,Matrix,,3112,USA,TOP3000,1
anl4_rd_exp_mean,matrix,29,Research and Development Expense - mean of estimations,Matrix,,3570,USA,TOP3000,1
anl4_rd_exp_median,matrix,29,Research and Development Expense - Median of estimations,Matrix,,165,USA,TOP3000,1
anl4_rd_exp_number,matrix,29,Research and Development Expense - Number of Estimations,Matrix,,213,USA,TOP3000,1
anl4_tbve_ft,matrix,93,Tangible Book Value per Share - forecast type (revision/new/...),Matrix,,8302,USA,TOP3000,1
anl4_tbvps_high,matrix,33,Tangible Book Value per Share - The highest estimation,Matrix,,153,USA,TOP3000,1
anl4_tbvps_low,matrix,33,Tangible Book Value per Share - The lowest estimation,Matrix,,299,USA,TOP3000,1
anl4_tbvps_mean,matrix,33,Tangible Book Value per Share - mean of estimations,Matrix,,265,USA,TOP3000,1
anl4_tbvps_median,matrix,33,Tangible Book Value per Share - median of estimations,Matrix,,142,USA,TOP3000,1
anl4_tbvps_number,matrix,33,Tangible Book Value per Share - number of estimations,Matrix,,1428,USA,TOP3000,1
anl4_tot_gw_ft,matrix,85,Total Goodwill - forecast type (revision/new/...),Matrix,,6575,USA,TOP3000,1
anl4_total_rec,vector,62,The total number of recommendations,Vector,,2473,USA,TOP3000,1
anl4_totassets_flag,matrix,81,Total Assets - forecast type (revision/new/...),Matrix,,10934,USA,TOP3000,1
anl4_totassets_high,matrix,72,Total Assets - The highest estimation,Matrix,,692,USA,TOP3000,1
anl4_totassets_low,matrix,72,Total Assets - The lowest estimation,Matrix,,2258,USA,TOP3000,1
anl4_totassets_mean,matrix,72,Total Assets - mean of estimations,Matrix,,508,USA,TOP3000,1
anl4_totassets_median,matrix,72,Total Assets - median of estimations,Matrix,,439,USA,TOP3000,1
anl4_totassets_number,matrix,72,Total Assets - number of estimations,Matrix,,5631,USA,TOP3000,1
anl4_totassets_std,matrix,32,Total Assets - standard deviation of estimations,Matrix,,1181,USA,TOP3000,1
anl4_totassets_value,matrix,65,Total Assets - actual value,Matrix,100,1246,USA,TOP3000,1
anl4_totgw_high,matrix,54,Total Goodwill - The highest estimation,Matrix,,153,USA,TOP3000,1
anl4_totgw_low,matrix,54,Total Goodwill - The lowest estimation,Matrix,,173,USA,TOP3000,1
anl4_totgw_mean,matrix,54,Total Goodwill - mean of estimations,Matrix,,221,USA,TOP3000,1
anl4_totgw_median,matrix,54,Total Goodwill - median of estimations,Matrix,,147,USA,TOP3000,1
anl4_totgw_number,matrix,54,Total Goodwill - number of estimations,Matrix,,235,USA,TOP3000,1
anl4_under,vector,62,The number of Underweight recommendations,Vector,,110,USA,TOP3000,1
basic_shares_max_guidance_qtr,matrix,100,The maximum guidance value for Basic Shares.,Matrix,100,97,USA,TOP3000,1
book_value_per_share_2,matrix,75,Book Value Per Share - Actual Value,Matrix,100,64,USA,TOP3000,1
book_value_per_share_min_guidance_qtr,matrix,100,Book value per share - minimum guidance value,Matrix,100,43,USA,TOP3000,1
book_value_per_share_reported_value,matrix,52,Book Value Per Share - Actual Value,Matrix,100,106,USA,TOP3000,1
asia_pacific_sales_exposure,matrix,81,Proportion of company sales from the Asia-Pacific region,Matrix,100,107,USA,TOP3000,1
asset_growth_rate,matrix,96,Aggregate Gamma,Matrix,100,22,USA,TOP3000,1
book_leverage_ratio_3,matrix,100,Book leverage ratio; total assets divided by book equity,Matrix,100,115,USA,TOP3000,1
assets,matrix,50,Assets - Total,Matrix,100,143708,USA,TOP3000,1
assets_curr,matrix,50,Current Assets - Total,Matrix,100,14590,USA,TOP3000,1
bookvalue_ps,matrix,50,Book Value Per Share,Matrix,100,9704,USA,TOP3000,1
beta_last_30_days_spy,matrix,78,"The rolling beta value of the security relative to SPY, calculated via regression over the last 30 calendar days, representing market sensitivity",Matrix,100,1391,USA,TOP3000,1
beta_last_360_days_spy,matrix,76,"The rolling beta value of the security relative to SPY, calculated via regression over the last 360 calendar days, representing market sensitivity",Matrix,100,1310,USA,TOP3000,1
beta_last_60_days_spy,matrix,78,"The rolling beta value of the security relative to SPY, calculated via regression over the last 60 calendar days, representing market sensitivity",Matrix,100,1641,USA,TOP3000,1
beta_last_90_days_spy,matrix,78,"The rolling beta value of the security relative to SPY, calculated via regression over the last 90 calendar days, representing market sensitivity",Matrix,100,1382,USA,TOP3000,1
call_breakeven_10,matrix,70,"Price at which a stock's call options with expiration 10 days in the future break even based on its recent bid/ask mean, weighted by open interest or volume",Matrix,100,2413,USA,TOP3000,1
call_breakeven_1080,matrix,70,Price at which a stock's call options with expiration 1080 days in the future break even based on its recent bid/ask mean.,Matrix,100,1102,USA,TOP3000,1
call_breakeven_120,matrix,70,"Price at which a stock's call options with expiration 120 days in the future break even based on its recent bid/ask mean, weighted by open interest or volume",Matrix,100,900,USA,TOP3000,1
call_breakeven_150,matrix,70,"Price at which a stock's call options with expiration 150 days in the future break even based on its recent bid/ask mean, weighted by open interest or volume",Matrix,100,641,USA,TOP3000,1
call_breakeven_180,matrix,70,Open-interest-weighted mean breakeven price at which buyers of call options break even for options expiring in 180 days,Matrix,100,835,USA,TOP3000,1
call_breakeven_20,matrix,70,"Open-interest-weighted average breakeven price of call options expiring in 20 days, representing the price at which call buyers break even",Matrix,100,1673,USA,TOP3000,1
call_breakeven_270,matrix,70,Price at which a stock's call options with expiration 270 days in the future break even based on its recent bid/ask mean,Matrix,100,627,USA,TOP3000,1
call_breakeven_30,matrix,70,"Open-interest-weighted average breakeven price of call options expiring in 30 days, representing the price at which call buyers break even",Matrix,100,944,USA,TOP3000,1
call_breakeven_360,matrix,70,"Weighted mean break-even price of call options expiring in 360 days, based on recent bid/ask prices",Matrix,100,554,USA,TOP3000,1
call_breakeven_60,matrix,70,"Open interest-weighted mean breakeven price for call options expiring in 60 days, showing average price at which call buyers break even",Matrix,100,557,USA,TOP3000,1
call_breakeven_720,matrix,70,Weighted mean breakeven price of call options expiring in 720 days indicating the price at which call buyers break even,Matrix,100,547,USA,TOP3000,1
call_breakeven_90,matrix,70,Price at which a stock's call options with expiration 90 days in the future break even based on its recent bid/ask mean,Matrix,100,400,USA,TOP3000,1
cap,matrix,100,Daily market capitalization (in millions),Matrix,100,404135,USA,TOP3000,1
close,matrix,100,Daily close price,Matrix,100,532819,USA,TOP3000,1
capex,matrix,50,Capital Expenditures,Matrix,100,27042,USA,TOP3000,1
cash,matrix,50,Cash,Matrix,100,11570,USA,TOP3000,1
cash_st,matrix,50,Cash and Short-Term Investments,Matrix,100,8407,USA,TOP3000,1
cashflow,matrix,50,Cashflow (Annual),Matrix,100,9556,USA,TOP3000,1
cashflow_dividends,matrix,50,Cash Dividends (Cash Flow),Matrix,100,5851,USA,TOP3000,1
cashflow_fin,matrix,50,Financing Activities - Net Cash Flow,Matrix,100,7532,USA,TOP3000,1
cashflow_invst,matrix,50,Investing Activities - Net Cash Flow,Matrix,100,4843,USA,TOP3000,1
cashflow_op,matrix,50,Operating Activities - Net Cash Flow,Matrix,100,14976,USA,TOP3000,1
cogs,matrix,50,Cost of Goods Sold,Matrix,100,10028,USA,TOP3000,1
capex_to_depreciation_linkage,matrix,97,Linkage or ratio between capital expenditures and depreciation expense; may indicate asset reinvestment,Matrix,100,12,USA,TOP3000,1
capex_to_total_assets,matrix,100,TTM capital expenditure divided by total assets; measure of investment intensity,Matrix,100,16,USA,TOP3000,1
cash_burn_rate,matrix,93,Cash Burn Rate,Matrix,100,39,USA,TOP3000,1
cash_earnings_return_on_equity,matrix,95,Cash Earnings Return On Equity: a profitability metric measuring cash earnings as a proportion of shareholder equity,Matrix,100,17,USA,TOP3000,1
cash_flow_return_on_invested_capital,matrix,45,Cash Flow Return on Invested Capital; trailing 12-month cash flow divided by average invested capital,Matrix,100,2,USA,TOP3000,1
change_in_eps_surprise,matrix,100,Change in earnings per share (EPS) surprise compared to the previous earnings period,Matrix,100,12,USA,TOP3000,1
coefficient_variation_fy1_eps,matrix,96,Coefficient of variation (dispersion) of EPS estimates for fiscal year 1; analyst disagreement,Matrix,100,18,USA,TOP3000,1
coefficient_variation_fy2_eps,matrix,100,"Dispersion of FY2 EPS analyst forecasts, calculated as standard deviation divided by the mean of FY2 estimates",Matrix,100,4,USA,TOP3000,1
capital_expenditure_amount,matrix,75,Capital Expenditures - Total value,Matrix,100,31,USA,TOP3000,1
capital_expenditure_guidance_value,matrix,36,Capital Expenditures - Total value for the annual guidance,Matrix,100,28,USA,TOP3000,1
capital_expenditure_max_guidance_qtr,matrix,100,The maximum guidance value for Capital Expenditures,Matrix,100,33,USA,TOP3000,1
capital_expenditure_reported_value,matrix,66,Capital Expenditures - Total (Cash Flow/Investing) (Millions),Matrix,100,34,USA,TOP3000,1
cash_flow_financing_max_guidance,matrix,100,Cash Flow From Financing - Maximum guidance value provided annually,Matrix,100,65,USA,TOP3000,1
cash_flow_from_financing,matrix,64,Cash Flow From Financing - Value,Matrix,100,42,USA,TOP3000,1
cash_flow_from_investing,matrix,65,Cash Flow from Investing - Value,Matrix,100,69,USA,TOP3000,1
cash_flow_from_operations,matrix,71,Cash Flow from Operations - Value for the annual period,Matrix,100,261,USA,TOP3000,1
cash_flow_operations_min_guidance,matrix,100,Minimum guidance value for Cash Flow from Operations on an annual basis.,Matrix,100,16,USA,TOP3000,1
cashflow_per_share_average,matrix,40,Cash Flow Per Share - average of estimations with a delay of 1 quarter,Matrix,100,26,USA,TOP3000,1
cashflow_per_share_estimate_count,matrix,40,Cash Flow Per Share - number of estimations - delay1,Matrix,100,24,USA,TOP3000,1
cashflow_per_share_max_guidance,matrix,100,The maximum guidance value for Cash Flow Per Share on an annual basis.,Matrix,100,28,USA,TOP3000,1
cashflow_per_share_max_guidance_quarterly,matrix,100,The maximum guidance value for Cash Flow Per Share.,Matrix,100,39,USA,TOP3000,1
cashflow_per_share_maximum,matrix,40,"Cash Flow - The highest estimation, per share, with a delay of 1 quarter",Matrix,100,8,USA,TOP3000,1
cashflow_per_share_median_value,matrix,40,Cash Flow Per Share - Median value among forecasts,Matrix,100,11,USA,TOP3000,1
cashflow_per_share_min_guidance,matrix,100,Cash Flow Per Share - Minimum guidance value for the annual period,Matrix,100,33,USA,TOP3000,1
cashflow_per_share_min_guidance_quarterly,matrix,100,Minimum guidance value for Cash Flow Per Share,Matrix,100,39,USA,TOP3000,1
cashflow_per_share_minimum,matrix,40,"Cash Flow Per Share - The lowest estimation, delay 1 quarter",Matrix,100,5,USA,TOP3000,1
cashflow_efficiency_rank_derivative,matrix,100,Ranks stocks by their ability to generate cash flows and operational profitability,Matrix,100,193,USA,TOP3000,1
composite_factor_score_derivative,matrix,100,Momentum score based on analyst revisions; intraday variant,Matrix,100,152,USA,TOP3000,1
earnings_certainty_rank_derivative,matrix,100,Measures the sustainability and certainty of earnings quality,Matrix,100,164,USA,TOP3000,1
consensus_analyst_rating,matrix,100,Street Consensus Rating,Matrix,100,16,USA,TOP3000,1
credit_risk_premium_indicator,matrix,100,Sensitivity of the company’s stock to changes in the credit risk premium (spread between BAA and AAA bond yields),Matrix,100,6,USA,TOP3000,1
current_liabilities_to_price,matrix,85,Current Liabilities-to-Price,Matrix,100,34,USA,TOP3000,1
current_ratio_2,matrix,36,Current Ratio; current assets divided by current liabilities,Matrix,100,2,USA,TOP3000,1
distress_risk_measure,matrix,84,Distress measure score (quantifies financial distress or bankruptcy risk),Matrix,100,15,USA,TOP3000,1
dividends_to_gross_profit,matrix,100,Total dividends paid divided by gross profit.,Matrix,100,9,USA,TOP3000,1
earnings_expectation_module_score,matrix,100,Earnings Expectations (submodule of Momentum Analyst II),Matrix,100,21,USA,TOP3000,1
earnings_momentum_analyst_score,matrix,100,Reported Earnings Momentum (submodule of Momentum Analyst II),Matrix,100,14,USA,TOP3000,1
earnings_momentum_composite_score,matrix,100,"Composite score reflecting overall earnings momentum, calculated from related earnings momentum signals",Matrix,100,7,USA,TOP3000,1
earnings_momentum_composite_score_2,matrix,100,Composite score summarizing multiple earnings momentum signals into a single metric,Matrix,100,5,USA,TOP3000,1
correlation_last_30_days_spy,matrix,78,"The Pearson correlation coefficient of daily log returns between the security and SPY, calculated over the most recent 30 calendar days",Matrix,100,1080,USA,TOP3000,1
correlation_last_360_days_spy,matrix,76,"The Pearson correlation coefficient of daily log returns between the security and SPY, calculated over the most recent 360 calendar days",Matrix,100,1269,USA,TOP3000,1
correlation_last_60_days_spy,matrix,78,"The Pearson correlation coefficient of daily log returns between the security and SPY, calculated over the most recent 60 calendar days",Matrix,100,1616,USA,TOP3000,1
correlation_last_90_days_spy,matrix,78,"The Pearson correlation coefficient of daily log returns between the security and SPY, calculated over the most recent 90 calendar days",Matrix,100,943,USA,TOP3000,1
country,group,100,Country grouping,Group,100,20344,USA,TOP3000,1
currency,group,100,Currency,Group,100,4010,USA,TOP3000,1
cusip,symbol,100,CUSIP Value,Symbol,100,58,USA,TOP3000,1
dividend,matrix,100,Dividend,Matrix,100,11499,USA,TOP3000,1
current_ratio,matrix,50,Current Ratio,Matrix,100,6855,USA,TOP3000,1
debt,matrix,50,Debt,Matrix,100,27187,USA,TOP3000,1
debt_lt,matrix,50,Long-Term Debt - Total,Matrix,100,15523,USA,TOP3000,1
debt_st,matrix,50,Debt in Current Liabilities,Matrix,100,9817,USA,TOP3000,1
depre_amort,matrix,50,Depreciation and Amortization - Total,Matrix,100,4664,USA,TOP3000,1
dividend_estimate_average,matrix,62,Dividend per share - average of estimations - delay 1,Matrix,100,5,USA,TOP3000,1
dividend_estimate_count,matrix,62,Dividend per share - number of estimations with a delay of 1 quarter,Matrix,100,21,USA,TOP3000,1
dividend_estimate_maximum,matrix,62,Dividend per share - The highest value among forecasts with a delay of 1 quarter,Matrix,100,9,USA,TOP3000,1
dividend_estimate_median_value,matrix,62,Dividend per share - median of estimations,Matrix,100,13,USA,TOP3000,1
dividend_estimate_minimum,matrix,62,Dividend per share - The lowest value among forecasts - D1,Matrix,100,35,USA,TOP3000,1
dividend_estimate_standard_deviation,matrix,27,Dividend per share - standard deviation of estimations,Matrix,100,4,USA,TOP3000,1
dividend_estimate_stddev_quarterly,matrix,27,Dividend per share - standard deviation of estimations,Matrix,100,4,USA,TOP3000,1
dividend_estimate_value,vector,47,Dividend per share - estimated value,Vector,100,1,USA,TOP3000,1
dividend_max_guidance_quarterly,matrix,100,Maximum guidance value for Dividend per share,Matrix,100,98,USA,TOP3000,1
dividend_max_guidance_value,matrix,100,The maximum guidance value for Dividend per share on an annual basis.,Matrix,100,127,USA,TOP3000,1
dividend_min_guidance_quarterly,matrix,100,Minimum guidance value for Dividend per share,Matrix,100,64,USA,TOP3000,1
dividend_min_guidance_value,matrix,100,Minimum guidance value for Dividend per share on an annual basis,Matrix,100,84,USA,TOP3000,1
dividend_previous_estimate_value,vector,46,The previous estimation of dividend,Vector,100,0,USA,TOP3000,1
earnings_per_share_average,matrix,100,Earnings per share - mean of estimations,Matrix,100,182,USA,TOP3000,1
earnings_per_share_estimate_count,matrix,100,Earnings per share - number of estimations,Matrix,100,320,USA,TOP3000,1
earnings_per_share_guidance_value,matrix,36,Earnings Per Share - guidance value for annual frequency,Matrix,100,59,USA,TOP3000,1
earnings_per_share_max_guidance,matrix,100,The maximum guidance value for Earnings Per Share on an annual basis.,Matrix,100,35,USA,TOP3000,1
earnings_per_share_maximum,matrix,100,Earnings per share - The highest estimation,Matrix,100,35,USA,TOP3000,1
earnings_per_share_median_value,matrix,100,Earnings per share - median of estimations,Matrix,100,62,USA,TOP3000,1
earnings_per_share_min_guidance,matrix,100,Minimum guidance value for Earnings Per Share on an annual basis.,Matrix,100,32,USA,TOP3000,1
earnings_per_share_minimum,matrix,100,Earnings per share - The lowest estimation,Matrix,100,31,USA,TOP3000,1
earnings_per_share_nongaap_value,matrix,80,Non-GAAP Earnings Per Share - Actual Value,Matrix,100,50,USA,TOP3000,1
earnings_per_share_reported,matrix,96,Reported Earnings Per Share - Actual Value,Matrix,100,85,USA,TOP3000,1
earnings_per_share_reported_value,matrix,99,Reported Earnings Per Share - Actual Value,Matrix,100,123,USA,TOP3000,1
earnings_per_share_standard_deviation,matrix,72,Earnings per share - standard deviation of estimations,Matrix,100,273,USA,TOP3000,1
earnings_revision_magnitude,matrix,81,"Magnitude of analyst EPS forecast revisions; three-month change in median FY1 estimate, scaled",Matrix,100,7,USA,TOP3000,1
earnings_shortfall_metric,matrix,100,Measure of earnings shortfall (actual earnings below consensus expectations),Matrix,100,8,USA,TOP3000,1
earnings_torpedo_indicator,matrix,100,Next four quarter EPS estimate plus trailing twelve-month real earnings surprise divided by trailing EPS.,Matrix,100,6,USA,TOP3000,1
emea_sales_exposure,matrix,84,"Proportion of company’s sales coming from the Europe, Middle East, and Africa (EMEA) region",Matrix,100,7,USA,TOP3000,1
enterprise_value_weighted_value_score,matrix,100,Earnings Valuation (submodule of Value Analyst II),Matrix,100,38,USA,TOP3000,1
equity_value_score,matrix,100,Earnings Quality (submodule of Value Analyst II),Matrix,100,11,USA,TOP3000,1
ebit,matrix,50,Earnings Before Interest and Taxes,Matrix,100,19630,USA,TOP3000,1
ebitda,matrix,50,Earnings Before Interest,Matrix,100,19850,USA,TOP3000,1
employee,matrix,50,Employees,Matrix,100,5213,USA,TOP3000,1
enterprise_value,matrix,50,Enterprise Value,Matrix,100,38772,USA,TOP3000,1
eps,matrix,50,Earnings Per Share (Basic) - Including Extraordinary Items,Matrix,100,16403,USA,TOP3000,1
equity,matrix,50,Common/Ordinary Equity - Total,Matrix,100,21864,USA,TOP3000,1
ebit_reported_value,matrix,95,Earnings Before Interest & Taxes - actual value for the quarter,Matrix,100,122,USA,TOP3000,1
ebitda_reported_value,matrix,81,EBITDA value for the quarter.,Matrix,100,131,USA,TOP3000,1
eps_adjusted_min_guidance_qtr,matrix,100,Minimum guidance value for adjusted Earnings per share excluding extraordinary items and stock option expenses.,Matrix,100,28,USA,TOP3000,1
eps_adjusted_min_guidance_value,matrix,100,The minimum guidance value for adjusted earnings per share excluding extraordinary items and stock option expenses on an annual basis.,Matrix,100,24,USA,TOP3000,1
eps_estimate_value,vector,99,Earnings per share - estimation value,Vector,100,44,USA,TOP3000,1
eps_guidance_value_quarterly,matrix,30,Earnings Per Share - Basic value,Matrix,100,26,USA,TOP3000,1
eps_max_guidance_quarterly,matrix,100,The maximum guidance value for Earnings Per Share.,Matrix,100,79,USA,TOP3000,1
eps_min_guidance_quarterly,matrix,100,Minimum guidance value for Earnings per Share,Matrix,100,52,USA,TOP3000,1
eps_previous_estimate_value,vector,99,The previous estimation of Earnings Per Share,Vector,100,29,USA,TOP3000,1
eps_reported_min_guidance_qtr,matrix,100,Reported Earnings Per Share - Minimum guidance value,Matrix,100,48,USA,TOP3000,1
est_bookvalue_ps,matrix,68,Book value per share - average of estimations,Matrix,,1348,USA,TOP3000,1
est_capex,matrix,64,Capital Expenditures - mean of estimations,Matrix,,5151,USA,TOP3000,1
est_cashflow_fin,matrix,62,Cash Flow From Financing - mean of estimations,Matrix,,843,USA,TOP3000,1
est_cashflow_invst,matrix,62,Cash Flow From Investing - mean of estimations,Matrix,,668,USA,TOP3000,1
est_cashflow_op,matrix,65,Cash Flow From Operations - mean of estimations,Matrix,,2016,USA,TOP3000,1
est_cashflow_ps,matrix,33,Cash Flow Per Share - average of estimations,Matrix,,292,USA,TOP3000,1
est_dividend_ps,matrix,49,Dividend per share - average of estimations,Matrix,,366,USA,TOP3000,1
est_ebit,matrix,73,Earnings before interest and taxes - mean of estimations,Matrix,,1959,USA,TOP3000,1
est_ebitda,matrix,60,"Earnings before interest, taxes, depreciation, and amortization - mean of estimations",Matrix,,1835,USA,TOP3000,1
est_eps,matrix,78,Earnings per share - mean of estimations,Matrix,,6459,USA,TOP3000,1
est_epsa,matrix,16,Earnings per share adjusted by excluding extraordinary items and stock option expenses - average of estimations,Matrix,,1429,USA,TOP3000,1
est_epsr,matrix,74,GAAP Earnings per share - mean of estimations,Matrix,,2660,USA,TOP3000,1
est_fcf,matrix,58,Free Cash Flow - Mean of Estimations,Matrix,,1338,USA,TOP3000,1
est_fcf_ps,matrix,46,Free Cash Flow Per Share - Mean of Estimations,Matrix,,263,USA,TOP3000,1
est_ffo,matrix,4,"Funds From Operation - Summary on Estimations, Mean",Matrix,,44,USA,TOP3000,1
est_grossincome,matrix,62,Gross income - Mean of estimations,Matrix,,1238,USA,TOP3000,1
est_netdebt,matrix,54,Net debt - mean of estimations,Matrix,,290,USA,TOP3000,1
est_netprofit,matrix,79,Net profit - mean of estimations,Matrix,,2224,USA,TOP3000,1
est_netprofit_adj,matrix,77,Adjusted net income - Mean of estimations,Matrix,,1354,USA,TOP3000,1
est_ptp,matrix,75,Pretax income - mean of estimations,Matrix,,1997,USA,TOP3000,1
est_ptpr,matrix,44,Reported pretax income - mean of estimations,Matrix,,551,USA,TOP3000,1
est_rd_expense,matrix,31,Research and Development Expense - mean of estimations,Matrix,,4686,USA,TOP3000,1
est_sales,matrix,75,Sales - mean of estimations,Matrix,,2621,USA,TOP3000,1
est_sga,matrix,51,SGA - mean of estimations,Matrix,,493,USA,TOP3000,1
est_shequity,matrix,76,Mean of SH Equity segment - mean of estimations,Matrix,,1152,USA,TOP3000,1
est_tbv_ps,matrix,35,Tangible Book Value per Share - mean of estimations,Matrix,,198,USA,TOP3000,1
est_tot_assets,matrix,75,Total Assets - mean of estimations,Matrix,,1216,USA,TOP3000,1
est_tot_goodwill,matrix,57,Total Goodwill - mean of estimations,Matrix,,471,USA,TOP3000,1
estimate_value_currency_code,vector,100,Home currency of instrument,Vector,100,29,USA,TOP3000,1
estimate_value_currency_code_detail_qtr,vector,96,Home currency of instrument,Vector,100,81,USA,TOP3000,1
estimate_value_currency_code_qtr,vector,100,Home currency of instrument,Vector,100,67,USA,TOP3000,1
financing_cashflow_reported_value,matrix,48,Cash Flow From Financing - Value,Matrix,100,193,USA,TOP3000,1
exchange,group,100,Exchange grouping,Group,100,49439,USA,TOP3000,1
fcf_yield_multiplied_forward_roe,matrix,97,"Product of trailing twelve-month free cash flow yield and forward return on equity (ROE), typically calculated by multiplying TTM FCF per share with next period’s ROE, scaled by price",Matrix,100,17,USA,TOP3000,1
fcf_yield_times_forward_roe,matrix,100,Product of trailing twelve-month free cash flow yield and next four-quarter forward return on equity,Matrix,100,5,USA,TOP3000,1
fcf_yield_times_forward_roe_2,matrix,100,"Product of trailing twelve-month free cash flow yield and forward one-year return on equity, scaled by price",Matrix,100,4,USA,TOP3000,1
fifteen_to_thirtysix_week_price_ratio,matrix,100,Stock price ratio measured over past 15-36 weeks; price momentum indicator,Matrix,100,3,USA,TOP3000,1
fifty_to_two_hundred_day_price_ratio,matrix,100,50-day moving average price divided by 200-day moving average price; medium-term momentum indicator,Matrix,100,1,USA,TOP3000,1
financial_statement_value_score,matrix,100,Financial Statement Valuation (submodule of Value Analyst II),Matrix,100,11,USA,TOP3000,1
five_year_dividend_growth_rate_2,matrix,33,Five-year dividend growth rate,Matrix,100,3,USA,TOP3000,1
five_year_eps_stability,matrix,100,Standard deviation of last five years’ trailing twelve-month EPS divided by their mean.,Matrix,100,7,USA,TOP3000,1
five_year_eps_trend_r_squared_2,matrix,100,"R-squared of the five-year trailing twelve-month EPS trend line, indicating earnings trend fit.",Matrix,100,3,USA,TOP3000,1
five_year_eps_trend_slope_2,matrix,100,Slope coefficient of the five-year trailing twelve-month EPS trend line.,Matrix,100,8,USA,TOP3000,1
fixed_cash_to_current_liabilities_ratio,matrix,50,"Ratio of cash and equivalents to current liabilities, using a fixed calculation method.",Matrix,100,7,USA,TOP3000,1
fn_accrued_liab_a,matrix,39,"Carrying value as of the balance sheet date of obligations incurred and payable, pertaining to costs that are statutory in nature, are incurred on contractual obligations, or accumulate over time and for which invoices have not yet been received or will not be rendered.",Matrix,,6053,USA,TOP3000,1
fn_accrued_liab_curr_a,matrix,36,"Carrying value as of the balance sheet date of obligations incurred and payable, pertaining to costs that are statutory in nature, are incurred on contractual obligations, or accumulate over time and for which invoices have not yet been received or will not be rendered.",Matrix,,1225,USA,TOP3000,1
fn_accrued_liab_curr_q,matrix,34,"Carrying value as of the balance sheet date of obligations incurred and payable, pertaining to costs that are statutory in nature, are incurred on contractual obligations, or accumulate over time and for which invoices have not yet been received or will not be rendered.",Matrix,,994,USA,TOP3000,1
fn_accrued_liab_q,matrix,37,"Carrying value as of the balance sheet date of obligations incurred and payable, pertaining to costs that are statutory in nature, are incurred on contractual obligations, or accumulate over time and for which invoices have not yet been received or will not be rendered.",Matrix,,946,USA,TOP3000,1
fn_accum_depr_depletion_and_amortization_ppne_a,matrix,63,"Amount of accumulated depreciation, depletion and amortization for physical assets used in the normal conduct of business to produce goods and services.",Matrix,,676,USA,TOP3000,1
fn_accum_depr_depletion_and_amortization_ppne_q,matrix,38,"Amount of accumulated depreciation, depletion and amortization for physical assets used in the normal conduct of business to produce goods and services.",Matrix,,283,USA,TOP3000,1
fn_accum_oth_income_loss_fx_adj_net_of_tax_a,matrix,32,"Accumulated adjustment, net of tax, that results from the process of translating subsidiary financial statements and foreign equity investments into the reporting currency from the functional currency of the reporting entity, net of reclassification of realized foreign currency translation gains or losses.",Matrix,,557,USA,TOP3000,1
fn_accum_oth_income_loss_fx_adj_net_of_tax_q,matrix,26,"Accumulated adjustment, net of tax, that results from the process of translating subsidiary financial statements and foreign equity investments into the reporting currency from the functional currency of the reporting entity, net of reclassification of realized foreign currency translation gains or losses.",Matrix,,238,USA,TOP3000,1
fn_accum_oth_income_loss_net_of_tax_a,matrix,69,"Accumulated change in equity from transactions and other events and circumstances from non-owner sources, net of tax effect, at period end. Excludes Net Income (Loss), and accumulated changes in equity from transactions resulting from investments by owners and distributions to owners. Includes foreign currency translation items, certain pension adjustments, unrealized gains and losses on certain investments in debt and equity securities, other than temporary impairment (OTTI) losses related to factors other than credit losses on available-for-sale and held-to-maturity debt securities that an entity does not intend to sell and it is not more likely than not that the entity will be required to sell before recovery of the amortized cost basis, as well as changes in the fair value of derivatives related to the effective portion of a designated cash flow hedge.",Matrix,,1700,USA,TOP3000,1
fn_accum_oth_income_loss_net_of_tax_q,matrix,66,"Accumulated change in equity from transactions and other events and circumstances from non-owner sources, net of tax effect, at period end. Excludes Net Income (Loss), and accumulated changes in equity from transactions resulting from investments by owners and distributions to owners. Includes foreign currency translation items, certain pension adjustments, unrealized gains and losses on certain investments in debt and equity securities, other than temporary impairment (OTTI) losses related to factors other than credit losses on available-for-sale and held-to-maturity debt securities that an entity does not intend to sell and it is not more likely than not that the entity will be required to sell before recovery of the amortized cost basis, as well as changes in the fair value of derivatives related to the effective portion of a designated cash flow hedge.",Matrix,,770,USA,TOP3000,1
fn_allocated_share_based_compensation_expense_a,matrix,67,"Represents the expense recognized during the period arising from equity-based compensation arrangements (for example, shares of stock, unit, stock options or other equity instruments) with employees, directors and certain consultants qualifying for treatment as employees.",Matrix,,840,USA,TOP3000,1
fn_allocated_share_based_compensation_expense_q,matrix,65,"Represents the expense recognized during the period arising from equity-based compensation arrangements (for example, shares of stock, units, stock options, or other equity instruments) with employees, directors, and certain consultants qualifying for treatment as employees.",Matrix,,1140,USA,TOP3000,1
fn_allowance_for_doubtful_accounts_receivable_a,matrix,52,"For an unclassified balance sheet, a valuation allowance for receivables due a company that are expected to be uncollectible.",Matrix,,510,USA,TOP3000,1
fn_allowance_for_doubtful_accounts_receivable_q,matrix,38,"For an unclassified balance sheet, a valuation allowance for receivables due a company that are expected to be uncollectible.",Matrix,,268,USA,TOP3000,1
fn_amortization_of_intangible_assets_a,matrix,49,"The aggregate expense charged against earnings to allocate the cost of intangible assets (nonphysical assets not used in production) in a systematic and rational manner to the periods expected to benefit from such assets. As a noncash expense, this element is added back to net income when calculating cash provided by or used in operations using the indirect method.",Matrix,,370,USA,TOP3000,1
fn_amortization_of_intangible_assets_q,matrix,38,"The aggregate expense charged against earnings to allocate the cost of intangible assets (nonphysical assets not used in production) in a systematic and rational manner to the periods expected to benefit from such assets. As a noncash expense, this element is added back to net income when calculating cash provided by or used in operations using the indirect method.",Matrix,,414,USA,TOP3000,1
fn_antidilutive_securities_excl_from_eps_a,matrix,60,Securities (including those issuable pursuant to contingent stock agreements) that could potentially dilute basic earnings per share (EPS) or earnings per unit (EPU) in the future that were not included in the computation of diluted EPS or EPU because to do so would increase EPS or EPU amounts or decrease loss per share or unit amounts for the period presented.,Matrix,,873,USA,TOP3000,1
fn_antidilutive_securities_excl_from_eps_q,matrix,58,Securities (including those issuable pursuant to contingent stock agreements) that could potentially dilute basic earnings per share (EPS) or earnings per unit (EPU) in the future that were not included in the computation of diluted EPS or EPU because to do so would increase EPS or EPU amounts or decrease loss per share or unit amounts for the period presented.,Matrix,,615,USA,TOP3000,1
fn_assets_fair_val_a,matrix,33,"Asset Fair Value, Recurring, Total",Matrix,,937,USA,TOP3000,1
fn_assets_fair_val_l1_a,matrix,40,"Asset Fair Value, Recurring, Level 1",Matrix,,302,USA,TOP3000,1
fn_assets_fair_val_l1_q,matrix,38,"Asset Fair Value, Recurring, Level 1",Matrix,,287,USA,TOP3000,1
fn_assets_fair_val_l2_a,matrix,39,"Asset Fair Value, Recurring, Level 2",Matrix,,420,USA,TOP3000,1
fn_assets_fair_val_l2_q,matrix,38,"Asset Fair Value, Recurring, Level 2",Matrix,,214,USA,TOP3000,1
fn_assets_fair_val_l3_a,matrix,39,"Asset Fair Value, Recurring, Level 3",Matrix,,388,USA,TOP3000,1
fn_assets_fair_val_l3_q,matrix,38,"Asset Fair Value, Recurring, Level 3",Matrix,,221,USA,TOP3000,1
fn_assets_fair_val_q,matrix,33,"Asset Fair Value, Recurring, Total",Matrix,,186,USA,TOP3000,1
fn_avg_diluted_sharesout_adj_a,matrix,58,The sum of dilutive potential common shares or units used in the calculation of the diluted per-share or per-unit computation.,Matrix,,209,USA,TOP3000,1
fn_avg_diluted_sharesout_adj_q,matrix,57,The sum of dilutive potential common shares or units used in the calculation of the diluted per-share or per-unit computation.,Matrix,,234,USA,TOP3000,1
fn_business_acq_ppne_a,matrix,23,"Business Combination, Assumed Property, Plant and Equipment",Matrix,,1908,USA,TOP3000,1
fn_business_acq_ppne_q,matrix,28,"Business Combination, Assumed Property Plant And Equipment",Matrix,,174,USA,TOP3000,1
fn_business_combination_assets_aquired_goodwill_a,matrix,31,"Business Combination, Portion of Purchase Price Allocated to Goodwill",Matrix,,219,USA,TOP3000,1
fn_business_combination_assets_aquired_goodwill_q,matrix,36,"Business Combination, Portion of Purchase Price Allocated to Goodwill",Matrix,,224,USA,TOP3000,1
fn_business_combination_purchase_price_a,matrix,48,"Business Combination, Purchase Price",Matrix,,407,USA,TOP3000,1
fn_business_combination_purchase_price_q,matrix,43,"Business Combination, Purchase Price",Matrix,,242,USA,TOP3000,1
fn_comp_fair_value_assumptions_weighted_avg_vol_rate_a,matrix,55,Weighted average expected volatility rate of share-based compensation awards.,Matrix,,453,USA,TOP3000,1
fn_comp_fair_value_assumptions_weighted_avg_vol_rate_q,matrix,26,Weighted average expected volatility rate of share-based compensation awards.,Matrix,,345,USA,TOP3000,1
fn_comp_non_opt_forfeited_a,matrix,58,"The number of equity-based payment instruments, excluding stock (or unit) options, that were forfeited during the reporting period.",Matrix,,817,USA,TOP3000,1
fn_comp_non_opt_forfeited_q,matrix,28,"The number of equity-based payment instruments, excluding stock (or unit) options, that were forfeited during the reporting period.",Matrix,,179,USA,TOP3000,1
fn_comp_non_opt_grants_a,matrix,61,"The number of grants made during the period on other than stock (or unit) option plans (for example, phantom stock or unit plan, stock or unit appreciation rights plan, performance target plan).",Matrix,,860,USA,TOP3000,1
fn_comp_non_opt_grants_q,matrix,40,"The number of grants made during the period on other than stock (or unit) option plans (for example, phantom stock or unit plan, stock or unit appreciation rights plan, performance target plan).",Matrix,,163,USA,TOP3000,1
fn_comp_non_opt_nonvested_number_a,matrix,62,"The number of non-vested equity-based payment instruments, excluding stock (or unit) options, that validly exist and are outstanding as of the balance sheet date.",Matrix,,704,USA,TOP3000,1
fn_comp_non_opt_nonvested_number_q,matrix,36,"The number of non-vested equity-based payment instruments, excluding stock (or unit) options, that validly exist and are outstanding as of the balance sheet date.",Matrix,,248,USA,TOP3000,1
fn_comp_non_opt_vested_a,matrix,61,"The number of equity-based payment instruments, excluding stock (or unit) options, that vested during the reporting period.",Matrix,,558,USA,TOP3000,1
fn_comp_non_opt_vested_q,matrix,30,"The number of equity-based payment instruments, excluding stock (or unit) options, that vested during the reporting period.",Matrix,,416,USA,TOP3000,1
fn_comp_not_rec_a,matrix,65,Unrecognized cost of unvested share-based compensation awards.,Matrix,,1255,USA,TOP3000,1
fn_comp_not_rec_q,matrix,38,Unrecognized cost of unvested share-based compensation awards.,Matrix,,342,USA,TOP3000,1
fn_comp_not_rec_stock_options_a,matrix,52,Unrecognized cost of unvested stock option awards.,Matrix,,246,USA,TOP3000,1
fn_comp_not_rec_stock_options_q,matrix,30,Unrecognized cost of unvested stock option awards.,Matrix,,355,USA,TOP3000,1
fn_comp_number_of_shares_authorized_a,matrix,43,"Count of unique IDs of industry participants. Industry stands for an aggregate view of all equity clearance activity for the date, symbol, and transaction type in question.",Matrix,,166,USA,TOP3000,1
fn_comp_number_of_shares_authorized_q,matrix,26,"The maximum number of shares (or other type of equity) originally approved (usually by shareholders and board of directors), net of any subsequent amendments and adjustments, for awards under the equity-based compensation plan. As stock or unit options and equity instruments other than options are awarded to participants, the shares or units remain authorized and become reserved for issuance under outstanding awards (not necessarily vested).",Matrix,,152,USA,TOP3000,1
fn_comp_options_exercisable_number_a,matrix,59,The number of shares into which fully or partially vested stock options outstanding as of the balance sheet date can be currently converted under the option plan.,Matrix,,762,USA,TOP3000,1
fn_comp_options_exercisable_number_q,matrix,27,The number of shares into which fully or partially vested stock options outstanding as of the balance sheet date can be currently converted under the option plan.,Matrix,,209,USA,TOP3000,1
fn_comp_options_exercisable_weighted_avg_a,matrix,58,The weighted-average price as of the balance sheet date at which grantees can acquire the shares reserved for issuance on vested portions of options outstanding and currently exercisable under the stock option plan.,Matrix,,235,USA,TOP3000,1
fn_comp_options_exercisable_weighted_avg_q,matrix,27,The weighted-average price as of the balance sheet date at which grantees can acquire the shares reserved for issuance on vested portions of options outstanding and currently exercisable under the stock option plan.,Matrix,,322,USA,TOP3000,1
fn_comp_options_exercises_weighted_avg_a,matrix,62,"Share-Based Compensation, Options Assumed, Weighted Average Exercise Price",Matrix,,931,USA,TOP3000,1
fn_comp_options_exercises_weighted_avg_q,matrix,28,"Share-Based Compensation, Options Assumed, Weighted Average Exercise Price",Matrix,,254,USA,TOP3000,1
fn_comp_options_forfeitures_and_expirations_a,matrix,59,"For presentations that combine terminations, the number of shares under options that were canceled during the reporting period as a result of occurrence of a terminating event specified in contractual agreements pertaining to the stock option plan or that expired.",Matrix,,659,USA,TOP3000,1
fn_comp_options_forfeitures_and_expirations_q,matrix,28,"For presentations that combine terminations, the number of shares under options that were cancelled during the reporting period as a result of occurrence of a terminating event specified in contractual agreements pertaining to the stock option plan or that expired.",Matrix,,240,USA,TOP3000,1
fn_comp_options_grants_a,matrix,64,Net number of share options (or share units) granted during the period.,Matrix,,1326,USA,TOP3000,1
fn_comp_options_grants_fair_value_a,matrix,52,Annual Share-Based Compensation Arrangement by Share-Based Payment Award Options Grants in Period Weighted Average Grant Date Fair Value,Matrix,,575,USA,TOP3000,1
fn_comp_options_grants_fair_value_q,matrix,24,Annual Share-Based Compensation Arrangement by Share-Based Payment Award Options Grants in Period Weighted Average Grant Date Fair Value,Matrix,,317,USA,TOP3000,1
fn_comp_options_grants_q,matrix,45,Net number of share options (or share units) granted during the period.,Matrix,,262,USA,TOP3000,1
fn_comp_options_grants_weighted_avg_a,matrix,57,Weighted average price at which grantees could have acquired the underlying shares with respect to stock options that were terminated.,Matrix,,493,USA,TOP3000,1
fn_comp_options_grants_weighted_avg_q,matrix,29,Weighted average price at which grantees could have acquired the underlying shares with respect to stock options that were terminated.,Matrix,,1251,USA,TOP3000,1
fn_comp_options_out_intrinsic_value_a,matrix,53,The intrinsic value of a stock option is the amount by which the market value of the underlying stock exceeds the exercise price of the option.,Matrix,,481,USA,TOP3000,1
fn_comp_options_out_intrinsic_value_q,matrix,22,The intrinsic value of a stock option is the amount by which the market value of the underlying stock exceeds the exercise price of the option.,Matrix,,177,USA,TOP3000,1
fn_comp_options_out_number_a,matrix,62,"Number of options outstanding, including both vested and non-vested options.",Matrix,,560,USA,TOP3000,1
fn_comp_options_out_number_q,matrix,34,"Number of options outstanding, including both vested and non-vested options.",Matrix,,265,USA,TOP3000,1
fn_comp_options_out_weighted_avg_a,matrix,65,Weighted average price at which grantees can acquire the shares reserved for issuance under the stock option plan.,Matrix,,633,USA,TOP3000,1
fn_comp_options_out_weighted_avg_q,matrix,34,Weighted average price at which grantees can acquire the shares reserved for issuance under the stock option plan.,Matrix,,240,USA,TOP3000,1
fn_comprehensive_income_net_of_tax_a,matrix,61,"Amount after tax of increase (decrease) in equity from transactions and other events and circumstances from net income and other comprehensive income, attributable to parent entity. Excludes changes in equity resulting from investments by owners and distributions to owners.",Matrix,,572,USA,TOP3000,1
fn_comprehensive_income_net_of_tax_q,matrix,60,"Amount after tax of increase (decrease) in equity from transactions and other events and circumstances from net income and other comprehensive income, attributable to parent entity. Excludes changes in equity resulting from investments by owners and distributions to owners.",Matrix,,282,USA,TOP3000,1
fn_debt_instrument_carrying_amount_a,matrix,57,Debt carrying amount,Matrix,,614,USA,TOP3000,1
fn_debt_instrument_carrying_amount_q,matrix,53,Debt carrying amount,Matrix,,495,USA,TOP3000,1
fn_debt_instrument_face_amount_a,matrix,35,Debt face amount,Matrix,,221,USA,TOP3000,1
fn_debt_instrument_face_amount_q,matrix,37,Debt face amount,Matrix,,190,USA,TOP3000,1
fn_debt_instrument_interest_rate_stated_percentage_a,matrix,42,Stated percentage of interest rate on debt,Matrix,,344,USA,TOP3000,1
fn_debt_instrument_interest_rate_stated_percentage_q,matrix,42,Stated percentage of interest rate on debt,Matrix,,371,USA,TOP3000,1
fn_debt_issuance_costs_a,matrix,36,"Amount of debt issuance costs (for example, but not limited to, legal, accounting, broker, and regulatory fees).",Matrix,,221,USA,TOP3000,1
fn_debt_issuance_costs_q,matrix,32,"Amount of debt issuance costs (for example, but not limited to, legal, accounting, broker, and regulatory fees).",Matrix,,238,USA,TOP3000,1
fn_def_income_tax_expense_a,matrix,64,"Income Tax Expense, Deferred",Matrix,,404,USA,TOP3000,1
fn_def_income_tax_expense_q,matrix,47,"Income Tax Expense, Deferred",Matrix,,173,USA,TOP3000,1
fn_def_tax_assets_liab_net_a,matrix,71,"Amount, after allocation of valuation allowances and deferred tax liability, of deferred tax asset attributable to deductible differences and carryforwards, without jurisdictional netting.",Matrix,,1122,USA,TOP3000,1
fn_def_tax_assets_liab_net_q,matrix,57,"Amount, after allocation of valuation allowances and deferred tax liability, of deferred tax asset attributable to deductible differences and carryforwards, without jurisdictional netting.",Matrix,,317,USA,TOP3000,1
fn_def_tax_assets_net_a,matrix,68,Deferred Tax Assets Net Of Valuation Allowance,Matrix,,625,USA,TOP3000,1
fn_def_tax_assets_net_q,matrix,44,Deferred Tax Assets Net Of Valuation Allowance,Matrix,,125,USA,TOP3000,1
fn_def_tax_liab_a,matrix,65,"Amount, after deferred tax asset, of deferred tax liability attributable to taxable differences without jurisdictional netting.",Matrix,,476,USA,TOP3000,1
fn_def_tax_liab_q,matrix,45,"Amount, after deferred tax asset, of deferred tax liability attributable to taxable differences without jurisdictional netting.",Matrix,,216,USA,TOP3000,1
fn_derivative_fair_value_of_derivative_asset_a,matrix,36,"Fair value, before effects of master netting arrangements, of a financial asset or other contract with one or more underlyings, notional amount or payment provision or both, and the contract can be net settled by means outside the contract or delivery of an asset. Includes assets elected not to be offset. Excludes assets not subject to a master netting arrangement.",Matrix,,92,USA,TOP3000,1
fn_derivative_fair_value_of_derivative_asset_q,matrix,36,"Fair value, before effects of master netting arrangements, of a financial asset or other contract with one or more underlyings, notional amount or payment provision or both, and the contract can be net settled by means outside the contract or delivery of an asset. Includes assets elected not to be offset. Excludes assets not subject to a master netting arrangement.",Matrix,,120,USA,TOP3000,1
fn_derivative_fair_value_of_derivative_liability_a,matrix,41,"Fair value, before effects of master netting arrangements, of a financial liability or contract with one or more underlyings, notional amount or payment provision or both, and the contract can be net settled by means outside the contract or delivery of an asset. Includes liabilities elected not to be offset. Excludes liabilities not subject to a master netting arrangement.",Matrix,,116,USA,TOP3000,1
fn_derivative_fair_value_of_derivative_liability_q,matrix,40,"Fair value, before effects of master netting arrangements, of a financial liability or contract with one or more underlyings, notional amount or payment provision or both, and the contract can be net settled by means outside the contract or delivery of an asset. Includes liabilities elected not to be offset. Excludes liabilities not subject to a master netting arrangement.",Matrix,,128,USA,TOP3000,1
fn_derivative_notional_amount_a,matrix,37,Nominal or face amount used to calculate payments on the derivative liability.,Matrix,,182,USA,TOP3000,1
fn_derivative_notional_amount_q,matrix,37,Nominal or face amount used to calculate payments on the derivative liability.,Matrix,,136,USA,TOP3000,1
fn_eff_income_tax_rate_continuing_operations_a,matrix,45,Percentage of current income tax expense (benefit) and deferred income tax expense (benefit) pertaining to continuing operations.,Matrix,,878,USA,TOP3000,1
fn_eff_income_tax_rate_continuing_operations_q,matrix,34,Percentage of current income tax expense (benefit) and deferred income tax expense (benefit) pertaining to continuing operations.,Matrix,,122,USA,TOP3000,1
fn_effect_of_exchange_rate_on_cash_and_equiv_a,matrix,39,Amount of increase (decrease) from the effect of exchange rate changes on cash and cash equivalent balances held in foreign currencies.,Matrix,,505,USA,TOP3000,1
fn_effect_of_exchange_rate_on_cash_and_equiv_q,matrix,38,Amount of increase (decrease) from the effect of exchange rate changes on cash and cash equivalent balances held in foreign currencies.,Matrix,,154,USA,TOP3000,1
fn_employee_related_liab_a,matrix,49,"Total of the carrying values as of the balance sheet date of obligations incurred through that date and payable for obligations related to services received from employees, such as accrued salaries and bonuses, payroll taxes and fringe benefits. For classified balance sheets, used to reflect the current portion of the liabilities (due within 1 year or within the normal operating cycle if longer); for unclassified balance sheets, used to reflect the total liabilities (regardless of due date).",Matrix,,542,USA,TOP3000,1
fn_employee_related_liab_q,matrix,36,"Total of the carrying values as of the balance sheet date of obligations incurred through that date and payable for obligations related to services received from employees, such as accrued salaries and bonuses, payroll taxes and fringe benefits. For classified balance sheets, used to reflect the current portion of the liabilities (due within 1 year or within the normal operating cycle if longer); for unclassified balance sheets, used to reflect the total liabilities (regardless of due date).",Matrix,,508,USA,TOP3000,1
fn_entity_common_stock_shares_out_a,matrix,72,"Indicate number of shares or other units outstanding of each of registrant's classes of capital or common stock or other ownership interests, if and as stated on cover of related periodic report. Where multiple classes or units exist define each class/interest by adding class of stock items such as Common Class A [Member], Common Class B [Member] or Partnership Interest [Member] onto the Instrument [Domain] of the Entity Listings, Instrument.",Matrix,,659,USA,TOP3000,1
fn_entity_common_stock_shares_out_q,matrix,69,"Indicate number of shares or other units outstanding of each of registrant's classes of capital or common stock or other ownership interests, if and as stated on cover of related periodic report. Where multiple classes or units exist define each class/interest by adding class of stock items such as Common Class A [Member], Common Class B [Member] or Partnership Interest [Member] onto the Instrument [Domain] of the Entity Listings, Instrument.",Matrix,,592,USA,TOP3000,1
fn_excess_tax_benefit_from_share_based_comp_fin_activities_a,matrix,39,Amount of cash inflow from realized tax benefit related to deductible compensation cost reported on the entity's tax return for equity instruments in excess of the compensation cost for those instruments recognized for financial reporting purposes.,Matrix,,113,USA,TOP3000,1
fn_excess_tax_benefit_from_share_based_comp_fin_activities_q,matrix,35,Amount of cash inflow from realized tax benefit related to deductible compensation cost reported on the entity's tax return for equity instruments in excess of the compensation cost for those instruments recognized for financial reporting purposes.,Matrix,,85,USA,TOP3000,1
fn_finite_lived_intangible_assets_acq_a,matrix,30,"Amount of assets, excluding financial assets and goodwill, lacking physical substance with a finite life acquired.",Matrix,,165,USA,TOP3000,1
fn_finite_lived_intangible_assets_acq_q,matrix,30,"Amount of assets, excluding financial assets and goodwill, lacking physical substance with a finite life acquired.",Matrix,,265,USA,TOP3000,1
fn_finite_lived_intangible_assets_gross_a,matrix,46,"Amount before amortization of assets, excluding financial assets and goodwill, lacking physical substance with a finite life.",Matrix,,796,USA,TOP3000,1
fn_finite_lived_intangible_assets_gross_q,matrix,32,"Amount before amortization of assets, excluding financial assets and goodwill, lacking physical substance with a finite life.",Matrix,,390,USA,TOP3000,1
fn_finite_lived_intangible_assets_net_a,matrix,45,"Finite Lived Intangible Assets, Net",Matrix,,229,USA,TOP3000,1
fn_finite_lived_intangible_assets_net_q,matrix,34,"Finite Lived Intangible Assets, Net",Matrix,,306,USA,TOP3000,1
fn_goodwill_acquired_during_period_a,matrix,38,Amount of increase in asset representing future economic benefits arising from other assets acquired in a business combination that are not individually identified and separately recognized resulting from a business combination.,Matrix,,409,USA,TOP3000,1
fn_goodwill_acquired_during_period_q,matrix,26,Amount of increase in asset representing future economic benefits arising from other assets acquired in a business combination that are not individually identified and separately recognized resulting from a business combination.,Matrix,,214,USA,TOP3000,1
fn_income_from_equity_investments_a,matrix,31,Income From Equity Method Investments,Matrix,,705,USA,TOP3000,1
fn_income_from_equity_investments_q,matrix,26,Income From Equity Method Investments,Matrix,,303,USA,TOP3000,1
fn_income_tax_expense_a,matrix,69,Income Tax Expense (Benefit),Matrix,,890,USA,TOP3000,1
fn_income_tax_expense_q,matrix,70,Income Tax Expense (Benefit),Matrix,,563,USA,TOP3000,1
fn_income_taxes_paid_a,matrix,64,"The amount of cash paid during the current period to foreign, federal, state, and local authorities as taxes on income.",Matrix,,352,USA,TOP3000,1
fn_income_taxes_paid_q,matrix,41,"The amount of cash paid during the current period to foreign, federal, state, and local authorities as taxes on income.",Matrix,,154,USA,TOP3000,1
fn_incremental_shares_attributable_to_share_based_payment_a,matrix,37,Additional shares included in the calculation of diluted EPS as a result of the potentially dilutive effect of share-based payment arrangements using the treasury stock method.,Matrix,,66,USA,TOP3000,1
fn_incremental_shares_attributable_to_share_based_payment_q,matrix,37,Additional shares included in the calculation of diluted EPS as a result of the potentially dilutive effect of share-based payment arrangements using the treasury stock method.,Matrix,,167,USA,TOP3000,1
fn_intangible_assets_accum_amort_a,matrix,50,"Accumulated amount of amortization of assets, excluding financial assets and goodwill, lacking physical substance with a finite life.",Matrix,,233,USA,TOP3000,1
fn_intangible_assets_accum_amort_q,matrix,36,"Accumulated amount of amortization of assets, excluding financial assets and goodwill, lacking physical substance with a finite life.",Matrix,,341,USA,TOP3000,1
fn_interest_paid_net_a,matrix,65,Net interest,Matrix,,580,USA,TOP3000,1
fn_interest_paid_net_q,matrix,40,Net interest,Matrix,,217,USA,TOP3000,1
fn_interest_payable_a,matrix,26,"Carrying value as of the balance sheet date of [accrued] interest payable on all forms of debt, including trade payables, that has been incurred and is unpaid. For classified balance sheets, used to reflect the current portion of the liabilities (due within 1 year or within the normal operating cycle if longer); for unclassified balance sheets, used to reflect the total liabilities (regardless of due date).",Matrix,,277,USA,TOP3000,1
fn_interest_payable_q,matrix,19,"Carrying value as of the balance sheet date of accrued interest payable on all forms of debt, including trade payables, that has been incurred and is unpaid. For classified balance sheets, used to reflect the current portion of the liabilities (due within 1 year or within the normal operating cycle if longer); for unclassified balance sheets, used to reflect the total liabilities (regardless of due date).",Matrix,,163,USA,TOP3000,1
fn_liab_fair_val_a,matrix,33,"Liabilities Fair Value, Recurring, Total",Matrix,,380,USA,TOP3000,1
fn_liab_fair_val_l1_a,matrix,36,"Liabilities Fair Value, Recurring, Level 1",Matrix,,17966,USA,TOP3000,1
fn_liab_fair_val_l1_q,matrix,36,"Liabilities Fair Value, Recurring, Level 1",Matrix,,169,USA,TOP3000,1
fn_liab_fair_val_l2_a,matrix,40,"Liabilities Fair Value, Recurring, Level 2",Matrix,,348,USA,TOP3000,1
fn_liab_fair_val_l2_q,matrix,40,"Liabilities Fair Value, Recurring, Level 2",Matrix,,136,USA,TOP3000,1
fn_liab_fair_val_l3_a,matrix,26,"Liabilities Fair Value, Recurring, Level 3",Matrix,,165,USA,TOP3000,1
fn_liab_fair_val_l3_q,matrix,26,"Liabilities Fair Value, Recurring, Level 3",Matrix,,289,USA,TOP3000,1
fn_liab_fair_val_q,matrix,32,"Liabilities Fair Value, Recurring, Total",Matrix,,228,USA,TOP3000,1
fn_line_of_credit_facility_amount_out_a,matrix,51,Amount borrowed under the credit facility as of the balance sheet date.,Matrix,,427,USA,TOP3000,1
fn_line_of_credit_facility_amount_out_q,matrix,48,Amount borrowed under the credit facility as of the balance sheet date.,Matrix,,213,USA,TOP3000,1
fn_line_of_credit_facility_max_borrowing_capacity_a,matrix,48,Maximum borrowing capacity under the credit facility without consideration of any current restrictions on the amount that could be borrowed or the amounts currently outstanding under the facility.,Matrix,,126,USA,TOP3000,1
fn_line_of_credit_facility_max_borrowing_capacity_q,matrix,50,Maximum borrowing capacity under the credit facility without consideration of any current restrictions on the amount that could be borrowed or the amounts currently outstanding under the facility.,Matrix,,999,USA,TOP3000,1
fn_mne_a,matrix,53,"Amount before accumulated depreciation of tangible personal property used to produce goods and services, including, but is not limited to, tools, dies and molds, computer and office equipment.",Matrix,,519,USA,TOP3000,1
fn_new_shares_issued_a,matrix,37,Number of new stock issued during the period.,Matrix,,1432,USA,TOP3000,1
fn_new_shares_options_a,matrix,63,Number of share options (or share units) exercised during the current period.,Matrix,,740,USA,TOP3000,1
fn_new_shares_options_q,matrix,35,Number of share options (or share units) exercised during the current period.,Matrix,,291,USA,TOP3000,1
fn_op_lease_min_pay_due_a,matrix,60,Amount of required minimum rental payments for leases having an initial or remaining non-cancelable letter-terms in excess of 1 year.,Matrix,,1447,USA,TOP3000,1
fn_op_lease_min_pay_due_after_5y_a,matrix,60,"Amount of required minimum rental payments for operating leases having an initial or remaining non-cancelable lease term in excess of one year due after the 5th fiscal year following the latest fiscal year. Excludes interim and annual periods when interim periods are reported on a rolling approach, from latest balance sheet date.",Matrix,,487,USA,TOP3000,1
fn_op_lease_min_pay_due_in_2y_a,matrix,64,"Amount of required minimum rental payments for operating leases having an initial or remaining non-cancelable lease term in excess of 1 year due in the 2nd fiscal year following the latest fiscal year. Excludes interim and annual periods when interim periods are reported on a rolling approach, from latest balance sheet date.",Matrix,,769,USA,TOP3000,1
fn_op_lease_min_pay_due_in_3y_a,matrix,64,"Amount of required minimum rental payments for operating leases having an initial or remaining non-cancelable lease term in excess of one year due in the 3rd fiscal year following the latest fiscal year. Excludes interim and annual periods when interim periods are reported on a rolling approach, from latest balance sheet date.",Matrix,,575,USA,TOP3000,1
fn_op_lease_min_pay_due_in_4y_a,matrix,63,"Amount of required minimum rental payments for operating leases having an initial or remaining non-cancelable lease term in excess of 1 year due in the 4th fiscal year following the latest fiscal year. Excludes interim and annual periods when interim periods are reported on a rolling approach, from latest balance sheet date.",Matrix,,313,USA,TOP3000,1
fn_op_lease_min_pay_due_in_5y_a,matrix,62,"Amount of required minimum rental payments for operating leases having an initial or remaining non-cancelable lease term in excess of 1 year due in the 5th fiscal year following the latest fiscal year. Excludes interim and annual periods when interim periods are reported on a rolling approach, from latest balance sheet date.",Matrix,,571,USA,TOP3000,1
fn_op_lease_rent_exp_a,matrix,64,"Rental expense for the reporting period incurred under operating leases, including minimum and any contingent rent expense, net of related sublease income.",Matrix,,2376,USA,TOP3000,1
fn_oth_comp_fair_value_a,matrix,55,Annual share-based compensation equity instruments other than options grants in period weighted average grant date fair value,Matrix,,446,USA,TOP3000,1
fn_oth_comp_forfeitures_fair_value_a,matrix,50,Annual Share Based Compensation Equity Instruments Other Than Options Forfeitures Weighted Average Grant Date Fair Value,Matrix,,202,USA,TOP3000,1
fn_oth_comp_grants_weighted_avg_grant_date_fair_value_a,matrix,53,Annual Share-Based Compensation Equity Instruments Other Than Options Nonvested Weighted Average Grant Date Fair Value,Matrix,,324,USA,TOP3000,1
fn_oth_comp_grants_weighted_avg_grant_date_fair_value_q,matrix,28,Quarterly Share-Based Compensation Equity Instruments Other Than Options Nonvested Weighted Average Grant Date Fair Value,Matrix,,257,USA,TOP3000,1
fn_oth_income_loss_available_for_sale_securities_adj_of_tax_a,matrix,35,"Amount after tax and reclassification adjustments, of appreciation (loss) in value of unsold available-for-sale securities. Excludes amounts related to other than temporary impairment (OTTI) loss.",Matrix,,238,USA,TOP3000,1
fn_oth_income_loss_available_for_sale_securities_adj_of_tax_q,matrix,33,"Amount after tax and reclassification adjustments, of appreciation (loss) in value of unsold available-for-sale securities. Excludes amounts related to other than temporary impairment (OTTI) loss.",Matrix,,136,USA,TOP3000,1
fn_oth_income_loss_derivatives_qualifying_as_hedges_of_tax_a,matrix,34,"Amount after tax and reclassification adjustments, of increase (decrease) in accumulated gain (loss) from derivative instruments designated and qualifying as the effective portion of cash flow hedges and an entity's share of an equity investee's increase (decrease) in deferred hedging gain (loss).",Matrix,,140,USA,TOP3000,1
fn_oth_income_loss_derivatives_qualifying_as_hedges_of_tax_q,matrix,32,"Amount after tax and reclassification adjustments, of increase (decrease) in accumulated gain (loss) from derivative instruments designated and qualifying as the effective portion of cash flow hedges and an entity's share of an equity investee's increase (decrease) in deferred hedging gain (loss).",Matrix,,80,USA,TOP3000,1
fn_oth_income_loss_fx_transaction_and_tax_translation_adj_a,matrix,43,"Amount after tax and reclassification adjustments of gain (loss) on foreign currency translation adjustments, foreign currency transactions designated and effective as economic hedges of a net investment in a foreign entity, and intra-entity foreign currency transactions that are of a long-term-investment nature.",Matrix,,14329,USA,TOP3000,1
fn_oth_income_loss_fx_transaction_and_tax_translation_adj_q,matrix,41,"Amount after tax and reclassification adjustments of gain (loss) on foreign currency translation adjustments, foreign currency transactions designated and effective as economic hedges of a net investment in a foreign entity and intra-entity foreign currency transactions that are of a long-term-investment nature.",Matrix,,353,USA,TOP3000,1
fn_oth_income_loss_net_of_tax_a,matrix,50,Amount after tax and reclassification adjustments of other comprehensive income (loss).,Matrix,,1200,USA,TOP3000,1
fn_oth_income_loss_net_of_tax_q,matrix,50,Amount after tax and reclassification adjustments of other comprehensive income (loss).,Matrix,,145,USA,TOP3000,1
fn_payments_for_repurchase_of_common_stock_a,matrix,48,"Value reported on Cash Flow Statement. May include shares repurchased as part of a buyback plan, as well as shares purchased for employee compensation, etc.",Matrix,,92,USA,TOP3000,1
fn_payments_for_repurchase_of_common_stock_q,matrix,46,"Value reported on Cash Flow Statement. May include shares repurchased as part of a buyback plan, as well as shares purchased for employee compensation, etc.",Matrix,,68,USA,TOP3000,1
fn_payments_to_acquire_businesses_net_of_cash_acquired_a,matrix,44,"The cash outflow associated with the acquisition of a business, net of the cash acquired from the purchase.",Matrix,,171,USA,TOP3000,1
fn_payments_to_acquire_businesses_net_of_cash_acquired_q,matrix,39,"The cash outflow associated with the acquisition of a business, net of the cash acquired from the purchase.",Matrix,,399,USA,TOP3000,1
fn_ppne_gross_a,matrix,60,"Amount before accumulated depreciation, depletion, and amortization of physical assets used in the normal conduct of business and not intended for resale. Examples include, but are not limited to, land, buildings, machinery and equipment, office equipment, and furniture and fixtures.",Matrix,,1034,USA,TOP3000,1
fn_ppne_gross_q,matrix,29,"Amount before accumulated depreciation, depletion and amortization of physical assets used in the normal conduct of business and not intended for resale. Examples include, but are not limited to, land, buildings, machinery and equipment, office equipment, and furniture and fixtures.",Matrix,,115,USA,TOP3000,1
fn_prepaid_expense_a,matrix,51,"Carrying amount for an unclassified balance sheet date of expenditures made in advance of when the economic benefit of the cost will be realized, and which will be expensed in future periods with the passage of time or when a triggering event occurs. For a classified balance sheet, represents the noncurrent portion of prepaid expenses (the current portion has a separate concept).",Matrix,,509,USA,TOP3000,1
fn_prepaid_expense_q,matrix,47,"Carrying amount for an unclassified balance sheet date of expenditures made in advance of when the economic benefit of the cost will be realized, and which will be expensed in future periods with the passage of time or when a triggering event occurs. For a classified balance sheet, represents the noncurrent portion of prepaid expenses (the current portion has a separate concept).",Matrix,,506,USA,TOP3000,1
fn_proceeds_from_issuance_of_common_stock_a,matrix,43,The cash inflow from the additional capital contribution to the entity.,Matrix,,325,USA,TOP3000,1
fn_proceeds_from_issuance_of_common_stock_q,matrix,37,The cash inflow from the additional capital contribution to the entity.,Matrix,,291,USA,TOP3000,1
fn_proceeds_from_issuance_of_debt_a,matrix,57,The cash inflow during the period from additional borrowings in aggregate debt. Includes proceeds from short-term and long-term debt.,Matrix,,214,USA,TOP3000,1
fn_proceeds_from_issuance_of_debt_q,matrix,52,The cash inflow during the period from additional borrowings in aggregate debt. Includes proceeds from short-term and long-term debt.,Matrix,,151,USA,TOP3000,1
fn_proceeds_from_lt_debt_a,matrix,34,"Proceeds From Issuance Of Debt, Long Term",Matrix,,416,USA,TOP3000,1
fn_proceeds_from_lt_debt_q,matrix,29,"Proceeds From Issuance Of Debt, Long Term",Matrix,,96,USA,TOP3000,1
fn_proceeds_from_stock_options_exercised_a,matrix,41,"The cash inflow associated with the amount received from holders exercising their stock options. This item inherently excludes any excess tax benefit, which the entity may have realized and reported separately.",Matrix,,156,USA,TOP3000,1
fn_proceeds_from_stock_options_exercised_q,matrix,36,"The cash inflow associated with the amount received from holders exercising their stock options. This item inherently excludes any excess tax benefit, which the entity may have realized and reported separately.",Matrix,,264,USA,TOP3000,1
fn_profit_loss_a,matrix,41,"The consolidated profit or loss for the period, net of income taxes, including the portion attributable to the noncontrolling interest.",Matrix,,1047,USA,TOP3000,1
fn_profit_loss_q,matrix,42,"The consolidated profit or loss for the period, net of income taxes, including the portion attributable to the noncontrolling interest.",Matrix,,161,USA,TOP3000,1
fn_repayments_of_debt_a,matrix,63,The cash outflow during the period from the repayment of aggregate short-term and long-term debt. Excludes payment of capital lease obligations.,Matrix,,288,USA,TOP3000,1
fn_repayments_of_debt_q,matrix,59,The cash outflow during the period from the repayment of aggregate short-term and long-term debt. Excludes payment of capital lease obligations.,Matrix,,128,USA,TOP3000,1
fn_repayments_of_lines_of_credit_a,matrix,39,"Amount of cash outflow for payment of an obligation from a lender, including but not limited to, letter of credit, standby letter of credit and revolving credit arrangements.",Matrix,,265,USA,TOP3000,1
fn_repayments_of_lines_of_credit_q,matrix,45,"Amount of cash outflow for payment of an obligation from a lender, including but not limited to, letter of credit, standby letter of credit and revolving credit arrangements.",Matrix,,135,USA,TOP3000,1
fn_repayments_of_lt_debt_a,matrix,42,"The cash outflow for debt initially having maturity due after 1 year or beyond the normal operating cycle, if longer.",Matrix,,186,USA,TOP3000,1
fn_repayments_of_lt_debt_q,matrix,39,"The cash outflow for debt initially having maturity due after 1 year or beyond the normal operating cycle, if longer.",Matrix,,116,USA,TOP3000,1
fn_repurchased_shares_a,matrix,47,Number of shares that have been repurchased during the period.,Matrix,,172,USA,TOP3000,1
fn_repurchased_shares_q,matrix,33,Number of shares that have been repurchased during the period.,Matrix,,73,USA,TOP3000,1
fn_repurchased_shares_value_a,matrix,49,"Shares repurchased and either retired or put into treasury stock, likely as part of a share buyback plan.",Matrix,,119,USA,TOP3000,1
fn_repurchased_shares_value_q,matrix,37,"Shares repurchased and either retired or put into treasury stock, likely as part of a share buyback plan.",Matrix,,239,USA,TOP3000,1
fn_taxes_payable_a,matrix,45,"Carrying value as of the balance sheet date of obligations incurred and payable for statutory income, sales, use, payroll, excise, real, property, and other taxes. For classified balance sheets, used to reflect the current portion of the liabilities (due within 1 year or within the normal operating cycle if longer); for unclassified balance sheets, used to reflect the total liabilities (regardless of due date).",Matrix,,159,USA,TOP3000,1
fn_taxes_payable_q,matrix,36,"Carrying value as of the balance sheet date of obligations incurred and payable for statutory income, sales, use, payroll, excise, real, property and other taxes. For classified balance sheets, used to reflect the current portion of the liabilities (due within 1 year or within the normal operating cycle if longer); for unclassified balance sheets, used to reflect the total liabilities (regardless of due date).",Matrix,,135,USA,TOP3000,1
fn_treasury_stock_shares_a,matrix,39,Number of common and preferred shares that were previously issued and that were repurchased by the issuing entity and held in treasury on the financial statement date. This stock has no voting rights and receives no dividends.,Matrix,,238,USA,TOP3000,1
fn_treasury_stock_shares_q,matrix,34,Number of common and preferred shares that were previously issued and that were repurchased by the issuing entity and held in treasury on the financial statement date. This stock has no voting rights and receives no dividends.,Matrix,,275,USA,TOP3000,1
fn_unrecognized_tax_benefits_a,matrix,54,Amount of unrecognized tax benefits.,Matrix,,462,USA,TOP3000,1
fnd2_a_acmopclcchngcfectnt,matrix,27,"Accumulated change, net of tax, in accumulated gains and losses from derivative instruments designated and qualifying as the effective portion of cash flow hedges. Includes an entity's share of an equity investee's Increase or Decrease in deferred hedging gains or losses.",Matrix,,184,USA,TOP3000,1
fnd2_a_acmopcldbpoprpnt,matrix,26,"The total of net gain (loss), prior service cost (credit), and transition assets (obligations), as well as minimum pension liability if still remaining, included in accumulated other comprehensive income associated with a defined benefit pension or other postretirement plan(s) because they have yet to be recognized as components of net periodic benefit cost.",Matrix,,108,USA,TOP3000,1
fnd2_a_allfdbflaccrwriteoffs,matrix,31,Amount of recoveries of receivables doubtful of collection that were previously charged off.,Matrix,,219,USA,TOP3000,1
fnd2_a_alsbcmpexrsus,matrix,31,"Allocated Share-Based Compensation Expense, Restricted Stock Units",Matrix,,301,USA,TOP3000,1
fnd2_a_atdlsecexfcepsastkos,matrix,26,"Antidilutive Shares Excluded From Earnings Per Share Amount, Stock Options",Matrix,,606,USA,TOP3000,1
fnd2_a_blgandiprtsg,matrix,34,"Amount before accumulated depreciation of building structures held for productive use including addition, improvement, or renovation to the structure, including, but not limited to, interior masonry, interior flooring, electrical, and plumbing.",Matrix,,270,USA,TOP3000,1
fnd2_a_bnsacqproformarvn,matrix,33,The pro forma revenue for a period as if the business combination or combinations had been completed at the beginning of the period.,Matrix,,191,USA,TOP3000,1
fnd2_a_bnscbmacqrcsts,matrix,26,"This element represents acquisition-related costs incurred to effect a business combination which costs have been expensed during the period. Such costs include finder's fees; advisory, legal, accounting, valuation, and other professional or consulting fees; general administrative costs, including the costs of maintaining an internal acquisitions department; and may include costs of registering and issuing debt and equity securities.",Matrix,,161,USA,TOP3000,1
fnd2_a_consinprogressg,matrix,32,Amount of structure or a modification to a structure under construction. Includes recently completed structures or modifications to structures that have not been placed into service.,Matrix,,510,USA,TOP3000,1
fnd2_a_curritxexp,matrix,62,"Income Tax Expense, Current",Matrix,,541,USA,TOP3000,1
fnd2_a_dbplanepdrtnplas,matrix,25,An amount calculated as a basis for determining the extent of delayed recognition of the effects of changes in the fair value of assets. The expected return on plan assets is determined based on the expected long-term rate of return on plan assets and the market-related value of plan assets.,Matrix,,70,USA,TOP3000,1
fnd2_a_dbplanintcst,matrix,28,The increase in a defined benefit pension plan's projected benefit obligation or a defined benefit postretirement plan's accumulated postretirement benefit obligation due to the passage of time.,Matrix,,117,USA,TOP3000,1
fnd2_a_dbplannpicbnfcst,matrix,28,"The total amount of net periodic benefit cost for defined benefit plans for the period. Periodic benefit costs include the following components: service cost, interest cost, expected return on plan assets, gain (loss), prior service cost or credit, transition asset or obligation, and gain (loss) due to settlements or curtailments.",Matrix,,139,USA,TOP3000,1
fnd2_a_dbplanservicecst,matrix,26,The actuarial present value of benefits attributed by the pension benefit formula to services rendered by employees during the period. The portion of the expected postretirement benefit obligation attributed to employee service during the period. The service cost component is a portion of the benefit obligation and is unaffected by the funded status of the plan.,Matrix,,114,USA,TOP3000,1
fnd2_a_dbplctrbyemp,matrix,30,Amount of contributions made by the employer to defined benefit plans.,Matrix,,100,USA,TOP3000,1
fnd2_a_dfdtxava,matrix,60,Amount of deferred tax assets for which it is more likely than not that a tax benefit will not be realized.,Matrix,,999,USA,TOP3000,1
fnd2_a_eplsbvdcpcstnrgprg,matrix,33,"The weighted average period over which unrecognized compensation is expected to be recognized for equity-based compensation plans, using a decimal to express in number of years.",Matrix,,150,USA,TOP3000,1
fnd2_a_eplsbvdcpcstnrgsbaoo,matrix,28,Unrecognized cost of unvested other share-based compensation awards.,Matrix,,260,USA,TOP3000,1
fnd2_a_eplsrbcpntxbnffcmpex,matrix,30,The total recognized tax benefit related to compensation cost for equity-based payment arrangements recognized in income during the period.,Matrix,,163,USA,TOP3000,1
fnd2_a_excesstxbnffsbcpnoprat,matrix,26,Amount of cash outflow for realized tax benefit related to deductible compensation cost reported on the entity's tax return for equity instruments in excess of the compensation cost for those instruments recognized for financial reporting purposes.,Matrix,,58,USA,TOP3000,1
fnd2_a_fedstyitxrt,matrix,56,Effective Income Tax Rate Reconciliation - Federal Statutory Income Tax Rate %,Matrix,,297,USA,TOP3000,1
fnd2_a_flintasacmamtzcsrld,matrix,32,"Finite Lived Intangible Assets Accumulated Amortization, Customer Related",Matrix,,386,USA,TOP3000,1
fnd2_a_flintasamt1expay5,matrix,28,"Amount of amortization expense for assets, excluding financial assets and goodwill, lacking physical substance with a finite life expected to be recognized after the 5th fiscal year following the latest fiscal year. Excludes interim and annual periods when interim periods are reported on a rolling approach, from latest balance sheet date",Matrix,,347,USA,TOP3000,1
fnd2_a_flintasamt1expnext12m,matrix,56,"Amount of amortization expense for assets, excluding financial assets and goodwill, lacking physical substance with a finite life expected to be recognized during the next fiscal year following the latest fiscal year. Excludes interim and annual periods when interim periods are reported on a rolling approach, from latest balance sheet date.",Matrix,,228,USA,TOP3000,1
fnd2_a_flintasamt1expy5,matrix,54,"Amount of amortization expense for assets, excluding financial assets and goodwill, lacking physical substance with a finite life expected to be recognized during the 5th fiscal year following the latest fiscal year. Excludes interim and annual periods when interim periods are reported on a rolling approach, from latest balance sheet date.",Matrix,,301,USA,TOP3000,1
fnd2_a_flintasamt1expyfour,matrix,56,"Amount of amortization expense for assets, excluding financial assets and goodwill, lacking physical substance with a finite life expected to be recognized during the 4th fiscal year following the latest fiscal year. Excludes interim and annual periods when interim periods are reported on a rolling approach, from latest balance sheet date.",Matrix,,435,USA,TOP3000,1
fnd2_a_flintasamt1expythree,matrix,56,"Amount of amortization expense for assets, excluding financial assets and goodwill, lacking physical substance with a finite life expected to be recognized during the 3rd fiscal year following the latest fiscal year. Excludes interim and annual periods when interim periods are reported on a rolling approach, from latest balance sheet date.",Matrix,,233,USA,TOP3000,1
fnd2_a_flintasamt1expytwo,matrix,57,"Amount of amortization expense for assets, excluding financial assets and goodwill, lacking physical substance with a finite life expected to be recognized during the 2nd fiscal year following the latest fiscal year. Excludes interim and annual periods when interim periods are reported on a rolling approach, from latest balance sheet date",Matrix,,240,USA,TOP3000,1
fnd2_a_flintasgcsrld,matrix,32,"Finite Lived Intangible Assets Gross, Customer Related",Matrix,,286,USA,TOP3000,1
fnd2_a_frtandfixturesg,matrix,35,"Amount before accumulated depreciation of equipment commonly used in offices and stores that have no permanent connection to the structure of a building or utilities. Examples include, but are not limited to, desks, chairs, tables, and bookcases.",Matrix,,341,USA,TOP3000,1
fnd2_a_gsles1xtinguishmentofd,matrix,27,Difference between the fair value of payments made and the carrying amount of debt which is extinguished prior to maturity.,Matrix,,467,USA,TOP3000,1
fnd2_a_gwllimrml,matrix,31,Amount of loss from the write-down of an asset representing the future economic benefits arising from other assets acquired in a business combination that are not individually identified and separately recognized.,Matrix,,244,USA,TOP3000,1
fnd2_a_inventoryfinishedgoods,matrix,26,"Amount before valuation and LIFO reserves of completed merchandise or goods expected to be sold within 1 year or operating cycle, if longer.",Matrix,,194,USA,TOP3000,1
fnd2_a_inventoryrawmaterials,matrix,27,"Amount before valuation and LIFO reserves of raw materials expected to be sold, or consumed within 1 year or operating cycle, if longer.",Matrix,,261,USA,TOP3000,1
fnd2_a_landlandiprts,matrix,42,"Amount before accumulated depreciation and depletion of real estate held for productive use and additions or improvements to real estate held for productive use, examples include, but are not limited to, walkways, driveways, fences, and parking lots. Excludes land held for sale",Matrix,,372,USA,TOP3000,1
fnd2_a_lhdiprtsg,matrix,33,Amount before accumulated depreciation of additions or improvements to assets held under a lease arrangement.,Matrix,,666,USA,TOP3000,1
fnd2_a_lineofcrfcyrmbrgcap,matrix,30,Amount of borrowing capacity currently available under the credit facility (current borrowing capacity less the amount of borrowings outstanding).,Matrix,,140,USA,TOP3000,1
fnd2_a_ltrmdmrepoplay5,matrix,33,"Amount of long-term debt payable, sinking fund requirements, and other securities issued that are redeemable by holder at fixed or determinable prices and dates maturing after the 5th fiscal year following the latest fiscal year. Excludes interim and annual periods when interim periods are reported on a rolling approach, from latest balance sheet date.",Matrix,,161,USA,TOP3000,1
fnd2_a_ltrmdmrepoplinnext12m,matrix,39,"Amount of long-term debt payable, sinking fund requirements, and other securities issued that are redeemable by holder at fixed or determinable prices and dates maturing in the next fiscal year following the latest fiscal year. Excludes interim and annual periods when interim periods are reported on a rolling approach, from latest balance sheet date.",Matrix,,159,USA,TOP3000,1
fnd2_a_ltrmdmrepopliny5,matrix,40,"Amount of long-term debt payable, sinking fund requirements, and other securities issued that are redeemable by holder at fixed or determinable prices and dates maturing in the 5th fiscal year following the latest fiscal year. Excludes interim and annual periods when interim periods are reported on a rolling approach, from latest balance sheet date.",Matrix,,136,USA,TOP3000,1
fnd2_a_ltrmdmrepoplinyfour,matrix,41,"Amount of long-term debt payable, sinking fund requirements, and other securities issued that are redeemable by holder at fixed or determinable prices and dates maturing in the 4th fiscal year following the latest fiscal year. Excludes interim and annual periods when interim periods are reported on a rolling approach, from latest balance sheet date.",Matrix,,182,USA,TOP3000,1
fnd2_a_ltrmdmrepoplinythree,matrix,43,"Amount of long-term debt payable, sinking fund requirements, and other securities issued that are redeemable by holder at fixed or determinable prices and dates maturing in the 3rd fiscal year following the latest fiscal year. Excludes interim and annual periods when interim periods are reported on a rolling approach, from latest balance sheet date.",Matrix,,131,USA,TOP3000,1
fnd2_a_ltrmdmrepoplinytwo,matrix,43,"Amount of long-term debt payable, sinking fund requirements, and other securities issued that are redeemable by holder at fixed or determinable prices and dates maturing in the 2nd fiscal year following the latest fiscal year. Excludes interim and annual periods when interim periods are reported on a rolling approach, from latest balance sheet date.",Matrix,,170,USA,TOP3000,1
fnd2_a_opclpsnprtmbnfplansajnt,matrix,28,"Amount after tax and reclassification adjustments, of (increase) decrease in accumulated other comprehensive (income) loss related to pension and other postretirement defined benefit plans.",Matrix,,159,USA,TOP3000,1
fnd2_a_provisionfordbflact,matrix,41,Provision For Doubtful Accounts In Period,Matrix,,259,USA,TOP3000,1
fnd2_a_ptoacqbnsesg,matrix,31,The cash outflow associated with the acquisition of business during the period. The cash portion only of the acquisition price.,Matrix,,166,USA,TOP3000,1
fnd2_a_restructuringcharges,matrix,25,Amount of expenses associated with exit or disposal activities pursuant to an authorized plan. Excludes expenses related to a discontinued operation or an asset retirement obligation.,Matrix,,202,USA,TOP3000,1
fnd2_a_rvndm,matrix,35,"Revenue, Domestic",Matrix,,505,USA,TOP3000,1
fnd2_a_sbcpnargmpmtwgtm,matrix,28,"The weighted average period between the balance sheet date and expiration for all awards outstanding under the plan, which may be expressed in a decimal value for number of years.",Matrix,,605,USA,TOP3000,1
fnd2_a_sbcpnargmpmtwopsffesip,matrix,39,The number of shares under options that were cancelled during the reporting period as a result of occurrence of a terminating event specified in contractual agreements pertaining to the stock option plan.,Matrix,,535,USA,TOP3000,1
fnd2_a_sbcpnargmpmtwstgm,matrix,29,"As of the balance sheet date, the number of shares into which fully vested and expected to vest stock options outstanding can be converted under the option plan.",Matrix,,361,USA,TOP3000,1
fnd2_a_sbcpnargmpmtwvadpgwepr,matrix,27,"As of the balance sheet date, the weighted-average exercise price for outstanding stock options that are fully vested or expected to vest.",Matrix,,173,USA,TOP3000,1
fnd2_a_sbcpnargmpmwggil,matrix,27,Amount by which the current fair value of the underlying stock exceeds the exercise price of fully vested and expected to vest options outstanding.,Matrix,,757,USA,TOP3000,1
fnd2_a_sbcpnargmsawpfipwerpr,matrix,26,Weighted average price of options that were either forfeited or expired.,Matrix,,232,USA,TOP3000,1
fnd2_a_sbcpnargmsptawervl,matrix,53,Amount of accumulated difference between fair value of underlying shares on dates of exercise and exercise price on options exercised (or share units converted) into shares.,Matrix,,826,USA,TOP3000,1
fnd2_a_sbcpnargmtwfsptepddvdrt,matrix,51,The estimated dividend rate (a percentage of the share price) to be paid (expected dividends) to holders of the underlying shares over the option's term.,Matrix,,231,USA,TOP3000,1
fnd2_a_sbcpnargtbysbpmtwpwrr,matrix,38,Weighted average price at which grantees could have acquired the underlying shares with respect to stock options of the plan that expired.,Matrix,,384,USA,TOP3000,1
fnd2_a_sbcpnatqsttotnsvdptfv,matrix,31,"Fair value of share-based awards for which the grantee gained the right by satisfying service and performance requirements, to receive or retain shares or units, other instruments, or cash.",Matrix,,119,USA,TOP3000,1
fnd2_a_sbcpnshardustoprgps,matrix,29,Share-based compensation shares authorized under stock option plans exercise price range number of outstanding options,Matrix,,139,USA,TOP3000,1
fnd2_a_seniornotes,matrix,33,"Including the current and noncurrent portions, carrying value as of the balance sheet date of Notes with the highest claim on the assets of the issuer in case of bankruptcy or liquidation (with maturities initially due after 1 year or beyond the operating cycle if longer). Senior note holders are paid off in full before any payments are made to junior note holders.",Matrix,,220,USA,TOP3000,1
fnd2_a_stkdrgprdvalnewissues,matrix,37,Equity impact of the value of new stock issued during the period. Includes shares issued in an initial public offering or a secondary public offering.,Matrix,,361,USA,TOP3000,1
fnd2_a_stkrpeprogramardamt,matrix,26,Amount of a stock repurchase plan authorized by an entity's Board of Directors.,Matrix,,194,USA,TOP3000,1
fnd2_a_unrgtxbnfitxpenlintacd,matrix,30,Amount accrued for interest on an underpayment of income taxes and penalties related to a tax position claimed or expected to be claimed in the tax return.,Matrix,,151,USA,TOP3000,1
fnd2_a_unrgtxbnfthatwdiptetxr,matrix,37,"The total amount of unrecognized tax benefits that, if recognized, would affect the effective tax rate.",Matrix,,205,USA,TOP3000,1
fnd2_asdm,matrix,31,"Assets, Domestic",Matrix,,229,USA,TOP3000,1
fnd2_currfedtxexp,matrix,57,"Income Tax Expense, Current - Federal",Matrix,,123,USA,TOP3000,1
fnd2_currfrtxexp,matrix,41,"Income Tax Expense, Current - Foreign",Matrix,,254,USA,TOP3000,1
fnd2_currstatelocaltxexp,matrix,52,"Income Tax Expense, Current - State & Local",Matrix,,292,USA,TOP3000,1
fnd2_dbplanactuarialgl,matrix,26,"Defined Benefit Plan, Benefits Paid, Plan Assets",Matrix,,773,USA,TOP3000,1
fnd2_dbplanamtsrginblsh,matrix,25,"The aggregate net amount recognized in the balance sheet associated with the defined benefit plan(s). Will normally be the same as the Defined Benefit Plan, Funded Status of Plan, Total.",Matrix,,80,USA,TOP3000,1
fnd2_dbplanartonplas,matrix,25,"Defined Benefit Plan, Benefits Paid, Plan Assets",Matrix,,138,USA,TOP3000,1
fnd2_dbplanbnfol,matrix,29,"1) For defined benefit pension plans, the benefit obligation is the projected benefit obligation, which is the actuarial present value as of a date of all benefits attributed by the pension benefit formula to employee service rendered prior to that date. 2) For other postretirement defined benefit plans, the benefit obligation is the accumulated postretirement benefit obligation, which is the actuarial present value of benefits attributed to employee service rendered to a particular date.",Matrix,,135,USA,TOP3000,1
fnd2_dbplanbnfpaid,matrix,27,"The amount of payments made for which participants are entitled under a pension plan, including pension benefits, death benefits, and benefits due on termination of employment. Also includes payments made under a postretirement benefit plan, including prescription drug benefits, health care benefits, life insurance benefits, and legal, educational and advisory services. This item represents a periodic decrease to the plan obligations and a decrease to plan assets.",Matrix,,305,USA,TOP3000,1
fnd2_dbplanbnfpaid_ast,matrix,27,"The amount of payments made for which participants are entitled under a pension plan, including pension benefits, death benefits, and benefits due on termination of employment. Also includes payments made under a postretirement benefit plan, including prescription drug benefits, health care benefits, life insurance benefits, and legal, educational and advisory services. This item represents a periodic decrease to the plan obligations and a decrease to plan assets.",Matrix,,135,USA,TOP3000,1
fnd2_dbplanchgbnfolintcst,matrix,26,Defined Benefit Plan Change In Benefit Obligation Interest Cost,Matrix,,71,USA,TOP3000,1
fnd2_dbplanepdfbnfp5ytherea,matrix,28,"Amount of benefits from a defined benefit plan expected to be paid in the 5 fiscal years after the 5th fiscal year following the latest fiscal year. Excludes interim and annual periods when interim periods are reported on a rolling approach, from latest balance sheet date.",Matrix,,122,USA,TOP3000,1
fnd2_dbplanepdfbnfpnext12m,matrix,28,"Amount of benefits from a defined benefit plan expected to be paid in the next fiscal year following the latest fiscal year. Excludes interim and annual periods when interim periods are reported on a rolling approach, from latest balance sheet date.",Matrix,,71,USA,TOP3000,1
fnd2_dbplanepdfbnfpy5,matrix,28,"Amount of benefits from a defined benefit plan expected to be paid in the 5th fiscal year following the latest fiscal year. Excludes interim and annual periods when interim periods are reported on a rolling approach, from latest balance sheet date.",Matrix,,141,USA,TOP3000,1
fnd2_dbplanepdfbnfpyfour,matrix,28,"Amount of benefits from a defined benefit plan expected to be paid in the 4th fiscal year following the latest fiscal year. Excludes interim and annual periods when interim periods are reported on a rolling approach, from latest balance sheet date.",Matrix,,225,USA,TOP3000,1
fnd2_dbplanepdfbnfpythree,matrix,28,"Amount of benefits from a defined benefit plan expected to be paid in the 3rd fiscal year following the latest fiscal year. Excludes interim and annual periods when interim periods are reported on a rolling approach, from latest balance sheet date.",Matrix,,58,USA,TOP3000,1
fnd2_dbplanepdfbnfpytwo,matrix,28,"Amount of benefits from a defined benefit plan expected to be paid in the 2nd fiscal year following the latest fiscal year. Excludes interim and annual periods when interim periods are reported on a rolling approach, from latest balance sheet date.",Matrix,,112,USA,TOP3000,1
fnd2_dbplanfvalpnas,matrix,28,"Fair value of assets that have been segregated and restricted to provide pension or postretirement benefits. Assets include, but are not limited to, stocks, bonds, other investments, earnings from investments, and contributions by the employer and employees.",Matrix,,84,USA,TOP3000,1
fnd2_dfctrbplancstrg,matrix,47,The amount of the cost recognized during the period for defined contribution plans.,Matrix,,263,USA,TOP3000,1
fnd2_dfdfeditxexp,matrix,54,"Income Tax Expense, Deferred - Federal",Matrix,,203,USA,TOP3000,1
fnd2_dfdfritxexp,matrix,39,"Income Tax Expense, Deferred - Foreign",Matrix,,189,USA,TOP3000,1
fnd2_dfdlocalitxexp,matrix,51,"Income Tax Expense, Deferred",Matrix,,110,USA,TOP3000,1
fnd2_dfdtxasoprlcarryfwd,matrix,62,Amount before allocation of valuation allowances of deferred tax asset attributable to deductible operating loss carryforwards.,Matrix,,533,USA,TOP3000,1
fnd2_dfdtxastxcrcarryfwd,matrix,38,"Amount, before allocation of a valuation allowance, of deferred tax assets attributable to deductible tax credit carryforwards including, but not limited to, research, foreign, general business, alternative minimum tax, and other deductible tax credit carryforwards",Matrix,,362,USA,TOP3000,1
fnd2_dfdtxastxdfdexpcompbnf,matrix,53,Amount before allocation of valuation allowances of deferred tax asset attributable to deductible temporary differences from compensation and benefits costs.,Matrix,,348,USA,TOP3000,1
fnd2_dfdtxastxdfdexprssaccrs,matrix,52,Amount before allocation of valuation allowances of deferred tax asset attributable to deductible temporary differences from reserves and accruals.,Matrix,,415,USA,TOP3000,1
fnd2_dfdtxlbsgwllandintas,matrix,36,Amount of deferred tax liability attributable to taxable temporary differences from intangible assets including goodwill.,Matrix,,180,USA,TOP3000,1
fnd2_dfdtxlbspropplteqm,matrix,43,"Amount of deferred tax liability attributable to taxable temporary differences from property, plant, and equipment.",Matrix,,229,USA,TOP3000,1
fnd2_ebitdm,matrix,42,"EBIT, Domestic",Matrix,,551,USA,TOP3000,1
fnd2_ebitfr,matrix,39,"EBIT, Foreign",Matrix,,737,USA,TOP3000,1
fnd2_eixrtreclstatelocalitxes,matrix,33,"Percentage of the difference between reported income tax expense (benefit) and expected income tax expense (benefit) computed by applying the domestic federal statutory income tax rates to pretax income (loss) from continuing operations applicable to state and local income tax expense (benefit), net of federal tax expense (benefit).",Matrix,,156,USA,TOP3000,1
fnd2_itxreclchgdfdtxava,matrix,26,Amount of the difference between reported income tax expense (benefit) and expected income tax expense (benefit) computed by applying the domestic federal statutory income tax rates to pretax income (loss) from continuing operations attributable to increase (decrease) in the valuation allowance for deferred tax assets.,Matrix,,521,USA,TOP3000,1
fnd2_itxreclnondeductibleexp,matrix,29,Amount of the difference between reported income tax expense (benefit) and expected income tax expense (benefit) computed by applying the domestic federal statutory income tax rates to pretax income (loss) from continuing operations attributable to nondeductible expenses.,Matrix,,275,USA,TOP3000,1
fnd2_itxreclstatelocalitxes,matrix,34,Amount of the difference between reported income tax expense (benefit) and expected income tax expense (benefit) computed by applying the domestic federal statutory income tax rates to pretax income (loss) from continuing operations attributable to state and local income tax expense (benefit).,Matrix,,196,USA,TOP3000,1
fnd2_itxreexftfedstyitxrt,matrix,39,"Income tax amount computed at the federal tax rate, before any adjustments",Matrix,,201,USA,TOP3000,1
fnd2_oprlsfmpdcurr,matrix,64,"Amount of required minimum rental payments for operating leases having an initial or remaining non-cancelable lease term in excess of 1 year due in the next fiscal year following the latest fiscal year. Excludes interim and annual periods when interim periods are reported on a rolling approach, from latest balance sheet date.",Matrix,,1258,USA,TOP3000,1
fnd2_propplteqflublgland,matrix,36,"PPE, Buildings & Land, Useful Life, Maximum",Matrix,,98,USA,TOP3000,1
fnd2_propplteqmuflmameqmt,matrix,48,"PPE, Equipment, Useful Life, Maximum",Matrix,,142,USA,TOP3000,1
fnd2_propplteqmuflmamfrt,matrix,27,"PPE, Furniture, Useful Life, Maximum",Matrix,,161,USA,TOP3000,1
fnd2_propplteqmuflmblgland,matrix,33,"PPE, Buildings & land, Useful Life, Minimum",Matrix,,252,USA,TOP3000,1
fnd2_propplteqmuflmeqmt,matrix,47,"PPE, Equipment, Useful Life, Minimum",Matrix,,131,USA,TOP3000,1
fnd2_propplteqmuflmfrt,matrix,26,"PPE, Furniture, Useful Life, Minimum",Matrix,,139,USA,TOP3000,1
fnd2_q_atdlsecexfcepsastkos,matrix,27,"Antidilutive Shares Excluded From Earnings Per Share Amount, Stock Options",Matrix,,342,USA,TOP3000,1
fnd2_q_bnsacqproformarvn,matrix,28,The pro forma revenue for a period as if the business combination or combinations had been completed at the beginning of the period.,Matrix,,150,USA,TOP3000,1
fnd2_q_flintasamt1expy5,matrix,29,"Amount of amortization expense for assets, excluding financial assets and goodwill, lacking physical substance with a finite life expected to be recognized during the 5th fiscal year following the latest fiscal year. Excludes interim and annual periods when interim periods are reported on a rolling approach, from latest balance sheet date.",Matrix,,348,USA,TOP3000,1
fnd2_q_flintasamt1expyfour,matrix,31,"Amount of amortization expense for assets, excluding financial assets and goodwill, lacking physical substance with a finite life expected to be recognized during the 4th fiscal year following the latest fiscal year. Excludes interim and annual periods when interim periods are reported on a rolling approach, from latest balance sheet date.",Matrix,,780,USA,TOP3000,1
fnd2_q_flintasamt1expythree,matrix,31,"Amount of amortization expense for assets, excluding financial assets and goodwill, lacking physical substance with a finite life expected to be recognized during the 3rd fiscal year following the latest fiscal year. Excludes interim and annual periods when interim periods are reported on a rolling approach, from latest balance sheet date.",Matrix,,277,USA,TOP3000,1
fnd2_q_flintasamt1expytwo,matrix,31,"Amount of amortization expense for assets, excluding financial assets and goodwill, lacking physical substance with a finite life expected to be recognized during the 2nd fiscal year following the latest fiscal year. Excludes interim and annual periods when interim periods are reported on a rolling approach, from latest balance sheet date.",Matrix,,375,USA,TOP3000,1
fnd2_q_inventoryfinishedgoods,matrix,25,"Amount before valuation and LIFO reserves of completed merchandise or goods expected to be sold within 1 year or operating cycle, if longer.",Matrix,,400,USA,TOP3000,1
fnd2_q_inventoryrawmaterials,matrix,26,"Amount before valuation and LIFO reserves of raw materials expected to be sold, or consumed within 1 year or operating cycle, if longer.",Matrix,,240,USA,TOP3000,1
fnd2_q_lineofcrfcyrmbrgcap,matrix,27,Amount of borrowing capacity currently available under the credit facility (current borrowing capacity less the amount of borrowings outstanding).,Matrix,,186,USA,TOP3000,1
fnd2_q_ptoacqbnsesg,matrix,27,The cash outflow associated with the acquisition of business during the period. The cash portion only of the acquisition price.,Matrix,,119,USA,TOP3000,1
fnd2_q_seniornotes,matrix,32,"Including the current and noncurrent portions, carrying value as of the balance sheet date of Notes with the highest claim on the assets of the issuer in case of bankruptcy or liquidation (with maturities initially due after 1 year or beyond the operating cycle if longer). Senior note holders are paid off in full before any payments are made to junior note holders.",Matrix,,208,USA,TOP3000,1
fnd2_sbcpnshardpreops,matrix,27,Share-based compensation shares authorized under stock option plans exercise price range number of exercisable options,Matrix,,145,USA,TOP3000,1
fnd2_unremittedfrer,matrix,31,Unremitted Foreign Earnings,Matrix,,344,USA,TOP3000,1
fnd2_unrgtxbnfdcfpprdtxpss,matrix,42,Amount of decrease in unrecognized tax benefits resulting from tax positions that have been or will be taken in current period tax return.,Matrix,,111,USA,TOP3000,1
fnd2_unrgtxbnfdecresfsttwtxauth,matrix,35,Amount of decrease in unrecognized tax benefits resulting from settlements with taxing authorities.,Matrix,,81,USA,TOP3000,1
fnd2_unrgtxbnfinregfcrps,matrix,46,Amount of increase in unrecognized tax benefits resulting from tax positions that have been or will be taken in current period tax return.,Matrix,,139,USA,TOP3000,1
fnd2_unrgtxbnfinregfprtxps,matrix,44,Amount of increase in unrecognized tax benefits resulting from tax positions taken in prior period tax returns.,Matrix,,193,USA,TOP3000,1
fnd2_unrgtxbnfrdsrefpstf,matrix,38,Amount of decrease in unrecognized tax benefits resulting from lapses of applicable statutes of limitations.,Matrix,,205,USA,TOP3000,1
fnd6_acdo,matrix,50,Current Assets of Discontinued Operations,Matrix,100,10003,USA,TOP3000,1
fnd6_acodo,matrix,50,Other Current Assets Excl Discontinued Operations,Matrix,100,3206,USA,TOP3000,1
fnd6_acox,matrix,50,Current Assets - Other - Sundry,Matrix,100,2785,USA,TOP3000,1
fnd6_acqgdwl,matrix,50,Acquired Assets - Goodwill,Matrix,100,1299,USA,TOP3000,1
fnd6_acqintan,matrix,50,Acquired Assets - Intangibles,Matrix,100,613,USA,TOP3000,1
fnd6_adesinda_curcd,matrix,50,ISO Currency Code - Company Annual Market,Matrix,100,4339,USA,TOP3000,1
fnd6_aldo,matrix,50,Long-term Assets of Discontinued Operations,Matrix,100,1386,USA,TOP3000,1
fnd6_am,matrix,50,Amortization of Intangibles,Matrix,100,1515,USA,TOP3000,1
fnd6_aodo,matrix,50,Other Assets excluding Discontinued Operations,Matrix,100,883,USA,TOP3000,1
fnd6_aox,matrix,50,Assets - Other - Sundry,Matrix,100,1321,USA,TOP3000,1
fnd6_aqc,matrix,50,Acquisitions,Matrix,100,1417,USA,TOP3000,1
fnd6_aqi,matrix,50,Acquisitions - Income Contribution,Matrix,100,301,USA,TOP3000,1
fnd6_aqs,matrix,50,Acquisitions - Sales Contribution,Matrix,100,396,USA,TOP3000,1
fnd6_beta,matrix,50,beta,Matrix,100,656,USA,TOP3000,1
fnd6_capxs,vector,50,Capital Expenditures,Vector,100,130,USA,TOP3000,1
fnd6_capxv,matrix,50,"Capital Expend Property, Plant and Equipment Schd V",Matrix,100,2046,USA,TOP3000,1
fnd6_caxts,vector,50,Cost and Expenses - Total,Vector,100,54,USA,TOP3000,1
fnd6_ceql,matrix,50,Common Equity - Liquidation Value,Matrix,100,1955,USA,TOP3000,1
fnd6_ch,matrix,50,Cash,Matrix,100,1849,USA,TOP3000,1
fnd6_ci,matrix,50,Comprehensive Income - Total,Matrix,100,2018,USA,TOP3000,1
fnd6_cibegni,matrix,50,Comp Inc - Beginning Net Income,Matrix,100,835,USA,TOP3000,1
fnd6_cicurr,matrix,50,Comp Inc - Currency Trans Adj,Matrix,100,2374,USA,TOP3000,1
fnd6_cidergl,matrix,50,Comp Inc - Derivative Gains/Losses,Matrix,100,634,USA,TOP3000,1
fnd6_cik,matrix,50,nonimportant technical code,Matrix,100,2036,USA,TOP3000,1
fnd6_cimii,matrix,50,Comprehensive Income - Noncontrolling Interest,Matrix,100,400,USA,TOP3000,1
fnd6_ciother,matrix,50,Comp. Inc. - Other Adj.,Matrix,100,5344,USA,TOP3000,1
fnd6_cipen,matrix,50,Comprehensive Income - Minimum Pension Adjustment,Matrix,100,880,USA,TOP3000,1
fnd6_cisecgl,matrix,50,Comp Inc - Securities Gains/Losses,Matrix,100,1363,USA,TOP3000,1
fnd6_citotal,matrix,50,Comprehensive Income - Parent,Matrix,100,676,USA,TOP3000,1
fnd6_city,matrix,50,the city where a company's corporate headquarters or home office is located,Matrix,100,1851,USA,TOP3000,1
fnd6_cld2,matrix,50,Capitalized Leases - Due in 2nd Year,Matrix,100,1439,USA,TOP3000,1
fnd6_cld3,matrix,50,Capitalized Leases - Due in 3rd Year,Matrix,100,1615,USA,TOP3000,1
fnd6_cld4,matrix,50,Capitalized Leases - Due in 4th Year,Matrix,100,1702,USA,TOP3000,1
fnd6_cld5,matrix,50,Capitalized Leases - Due in 5th Year,Matrix,100,1288,USA,TOP3000,1
fnd6_cogss,vector,50,Cost of Goods Sold,Vector,100,62,USA,TOP3000,1
fnd6_cptmfmq_actq,matrix,50,Current Assets - Total,Matrix,100,693,USA,TOP3000,1
fnd6_cptmfmq_atq,matrix,50,Assets - Total,Matrix,100,1314,USA,TOP3000,1
fnd6_cptmfmq_ceqq,matrix,50,Common/Ordinary Equity - Total,Matrix,100,1266,USA,TOP3000,1
fnd6_cptmfmq_dlttq,matrix,50,Long-Term Debt - Total,Matrix,100,1236,USA,TOP3000,1
fnd6_cptmfmq_dpq,matrix,50,Depreciation and Amortization - Total,Matrix,100,574,USA,TOP3000,1
fnd6_cptmfmq_lctq,matrix,50,Current Liabilities - Total,Matrix,100,1444,USA,TOP3000,1
fnd6_cptmfmq_oibdpq,matrix,50,Operating Income Before Depreciation - Quarterly,Matrix,100,862,USA,TOP3000,1
fnd6_cptmfmq_opepsq,matrix,50,Earnings Per Share from Operations,Matrix,100,1271,USA,TOP3000,1
fnd6_cptmfmq_saleq,matrix,50,Sales/Turnover (Net),Matrix,100,922,USA,TOP3000,1
fnd6_cptnewqeventv110_actq,vector,50,Current Assets - Total,Vector,100,47,USA,TOP3000,1
fnd6_cptnewqeventv110_apq,vector,50,Accounts Payable/Creditors - Trade,Vector,100,115,USA,TOP3000,1
fnd6_cptnewqeventv110_atq,vector,50,Assets - Total,Vector,100,47,USA,TOP3000,1
fnd6_cptnewqeventv110_ceqq,vector,50,Common/Ordinary Equity - Total,Vector,100,53,USA,TOP3000,1
fnd6_cptnewqeventv110_dlttq,vector,50,Long-Term Debt - Total,Vector,100,165,USA,TOP3000,1
fnd6_cptnewqeventv110_dpq,vector,50,Depreciation and Amortization - Total,Vector,100,47,USA,TOP3000,1
fnd6_cptnewqeventv110_epsf12,vector,50,Earnings Per Share (Diluted) - Excluding Extraordinary Items - 12 Months Moving,Vector,100,68,USA,TOP3000,1
fnd6_cptnewqeventv110_epsfxq,vector,50,Earnings Per Share (Diluted) - Excluding Extraordinary items,Vector,100,52,USA,TOP3000,1
fnd6_cptnewqeventv110_epsx12,vector,50,Earnings Per Share (Basic) - Excluding Extraordinary Items - 12 Months Moving,Vector,100,132,USA,TOP3000,1
fnd6_cptnewqeventv110_lctq,vector,50,Current Liabilities - Total,Vector,100,859,USA,TOP3000,1
fnd6_cptnewqeventv110_ltq,vector,50,Liabilities - Total,Vector,100,247,USA,TOP3000,1
fnd6_cptnewqeventv110_nopiq,vector,50,Non-Operating Income (Expense) - Total,Vector,100,379,USA,TOP3000,1
fnd6_cptnewqeventv110_oeps12,vector,50,Earnings Per Share from Operations - 12 Months Moving,Vector,100,88,USA,TOP3000,1
fnd6_cptnewqeventv110_oiadpq,vector,50,Operating Income After Depreciation - Quarterly,Vector,100,50,USA,TOP3000,1
fnd6_cptnewqeventv110_oibdpq,vector,50,Operating Income Before Depreciation - Quarterly,Vector,100,63,USA,TOP3000,1
fnd6_cptnewqeventv110_opepsq,vector,50,Earnings Per Share from Operations,Vector,100,56,USA,TOP3000,1
fnd6_cptnewqeventv110_rectq,vector,50,Receivables - Total,Vector,100,47,USA,TOP3000,1
fnd6_cptnewqeventv110_req,vector,50,Retained Earnings,Vector,100,22,USA,TOP3000,1
fnd6_cptnewqeventv110_saleq,vector,50,Sales/Turnover (Net),Vector,100,238,USA,TOP3000,1
fnd6_cptnewqv1300_actq,matrix,50,Current Assets - Total,Matrix,100,579,USA,TOP3000,1
fnd6_cptnewqv1300_apq,matrix,50,Accounts Payable/Creditors - Trade,Matrix,100,968,USA,TOP3000,1
fnd6_cptnewqv1300_atq,matrix,50,Assets - Total,Matrix,100,851,USA,TOP3000,1
fnd6_cptnewqv1300_ceqq,matrix,50,Common/Ordinary Equity - Total,Matrix,100,820,USA,TOP3000,1
fnd6_cptnewqv1300_dlttq,matrix,50,Long-Term Debt - Total,Matrix,100,1226,USA,TOP3000,1
fnd6_cptnewqv1300_dpq,matrix,50,Depreciation and Amortization - Total,Matrix,100,573,USA,TOP3000,1
fnd6_cptnewqv1300_epsf12,matrix,50,Earnings Per Share (Diluted) - Excluding Extraordinary Items - 12 Months Moving,Matrix,100,856,USA,TOP3000,1
fnd6_cptnewqv1300_epsfxq,matrix,50,Earnings Per Share (Diluted) - Excluding Extraordinary items,Matrix,100,933,USA,TOP3000,1
fnd6_cptnewqv1300_epsx12,matrix,50,Earnings Per Share (Basic) - Excluding Extraordinary Items - 12 Months Moving,Matrix,100,703,USA,TOP3000,1
fnd6_cptnewqv1300_lctq,matrix,50,Current Liabilities - Total,Matrix,100,953,USA,TOP3000,1
fnd6_cptnewqv1300_ltq,matrix,50,Liabilities - Total,Matrix,100,795,USA,TOP3000,1
fnd6_cptnewqv1300_nopiq,matrix,50,Non-Operating Income (Expense) - Total,Matrix,100,1035,USA,TOP3000,1
fnd6_cptnewqv1300_oeps12,matrix,50,Earnings Per Share from Operations - 12 Months Moving,Matrix,100,1063,USA,TOP3000,1
fnd6_cptnewqv1300_oiadpq,matrix,50,Operating Income After Depreciation - Quarterly,Matrix,100,1144,USA,TOP3000,1
fnd6_cptnewqv1300_oibdpq,matrix,50,Operating Income Before Depreciation - Quarterly,Matrix,100,873,USA,TOP3000,1
fnd6_cptnewqv1300_opepsq,matrix,50,Earnings Per Share from Operations,Matrix,100,938,USA,TOP3000,1
fnd6_cptnewqv1300_rectq,matrix,50,Receivables - Total,Matrix,100,994,USA,TOP3000,1
fnd6_cptnewqv1300_req,matrix,50,Retained Earnings,Matrix,100,480,USA,TOP3000,1
fnd6_cptnewqv1300_saleq,matrix,50,Sales/Turnover (Net),Matrix,100,554,USA,TOP3000,1
fnd6_cptrank_gvkeymap,matrix,50,"technical code for a company, no need to use it for research",Matrix,100,114,USA,TOP3000,1
fnd6_cshpri,matrix,50,Common Shares Used to Calculate Earnings Per Share - Basic,Matrix,100,686,USA,TOP3000,1
fnd6_cshr,matrix,50,Common/Ordinary Shareholders,Matrix,100,581,USA,TOP3000,1
fnd6_cshtr,matrix,50,Common Shares Traded - Annual,Matrix,100,1547,USA,TOP3000,1
fnd6_cshtrq,matrix,50,Common Shares Traded - Quarter,Matrix,100,1199,USA,TOP3000,1
fnd6_cstkcv,matrix,50,Common Stock-Carrying Value,Matrix,100,766,USA,TOP3000,1
fnd6_cstkcvq,matrix,50,Common Stock-Carrying Value,Matrix,100,973,USA,TOP3000,1
fnd6_curcddv,vector,50,ISO Currency Code - Dividend,Vector,100,11,USA,TOP3000,1
fnd6_currencya_curcd,matrix,50,ISO Currency Code - Company Annual Market,Matrix,100,2919,USA,TOP3000,1
fnd6_currencyqv1300_curcd,matrix,50,ISO Currency Code - Company Annual Market,Matrix,100,1605,USA,TOP3000,1
fnd6_dc,matrix,50,Deferred Charges,Matrix,100,1064,USA,TOP3000,1
fnd6_dclo,matrix,50,Debt - Capitalized Lease Obligations,Matrix,100,934,USA,TOP3000,1
fnd6_dcpstk,matrix,50,Convertible Debt and Preferred Stock,Matrix,100,623,USA,TOP3000,1
fnd6_dcvsr,matrix,50,Debt - Senior Convertible,Matrix,100,752,USA,TOP3000,1
fnd6_dcvsub,matrix,50,Debt - Subordinated Convertible,Matrix,100,550,USA,TOP3000,1
fnd6_dcvt,matrix,50,Debt - Convertible,Matrix,100,958,USA,TOP3000,1
fnd6_dd,matrix,50,Debt - Debentures,Matrix,100,720,USA,TOP3000,1
fnd6_dd1,matrix,50,Long-Term Debt Due in 1 Year,Matrix,100,1638,USA,TOP3000,1
fnd6_dd1q,matrix,50,Long-Term Debt Due in 1 Year,Matrix,100,905,USA,TOP3000,1
fnd6_dd2,matrix,50,Debt Due in 2nd Year,Matrix,100,648,USA,TOP3000,1
fnd6_dd3,matrix,50,Debt Due in 3rd Year,Matrix,100,1347,USA,TOP3000,1
fnd6_dd4,matrix,50,Debt Due in 4th Year,Matrix,100,369,USA,TOP3000,1
fnd6_dd5,matrix,50,Debt Due in 5th Year,Matrix,100,354,USA,TOP3000,1
fnd6_dilavx,matrix,50,Dilution Available - Excluding Extraordinary Items,Matrix,100,441,USA,TOP3000,1
fnd6_divd,vector,50,Cash Dividends - Daily,Vector,100,5,USA,TOP3000,1
fnd6_dlcch,matrix,50,Current Debt - Changes,Matrix,100,261,USA,TOP3000,1
fnd6_dltis,matrix,50,Long-Term Debt - Issuance,Matrix,100,642,USA,TOP3000,1
fnd6_dlto,matrix,50,Debt - Long-Term - Other,Matrix,100,2437,USA,TOP3000,1
fnd6_dltp,matrix,50,Long-Term Debt - Tied to Prime,Matrix,100,385,USA,TOP3000,1
fnd6_dltr,matrix,50,Long-Term Debt - Reduction,Matrix,100,1662,USA,TOP3000,1
fnd6_dm,matrix,50,Debt - Mortgages & Other Secured,Matrix,100,736,USA,TOP3000,1
fnd6_dn,matrix,50,Debt - Notes,Matrix,100,459,USA,TOP3000,1
fnd6_donr,matrix,50,Nonrecurring Disc Operations,Matrix,100,650,USA,TOP3000,1
fnd6_dps,vector,50,Depreciation and Amortization,Vector,100,68,USA,TOP3000,1
fnd6_dpvieb,matrix,50,Depreciation (Accumulated) - Ending Balance (Schedule VI),Matrix,100,547,USA,TOP3000,1
fnd6_drc,matrix,50,Deferred Revenue - Current,Matrix,100,8375,USA,TOP3000,1
fnd6_drlt,matrix,50,Deferred Revenue - Long-term,Matrix,100,8752,USA,TOP3000,1
fnd6_ds,matrix,50,Debt - Subordinated,Matrix,100,3771,USA,TOP3000,1
fnd6_dudd,matrix,50,Debt - Unamortized Debt Discount and Other,Matrix,100,832,USA,TOP3000,1
fnd6_dvpa,matrix,50,Preferred Dividends in Arrears,Matrix,100,844,USA,TOP3000,1
fnd6_dvrated,vector,50,Indicated Annual Dividend Rate - Daily,Vector,100,29,USA,TOP3000,1
fnd6_dxd2,matrix,50,Debt (excl Capitalized Leases) - Due in 2nd Year,Matrix,100,291,USA,TOP3000,1
fnd6_dxd3,matrix,50,Debt (excl Capitalized Leases) - Due in 3rd Year,Matrix,100,510,USA,TOP3000,1
fnd6_dxd4,matrix,50,Debt (excl Capitalized Leases) - Due in 4th Year,Matrix,100,359,USA,TOP3000,1
fnd6_dxd5,matrix,50,Debt (excl Capitalized Leases) - Due in 5th Year,Matrix,100,232,USA,TOP3000,1
fnd6_ein,matrix,50,Employer Identification Number code for the company,Matrix,100,4677,USA,TOP3000,1
fnd6_emps,vector,50,Employees,Vector,100,598,USA,TOP3000,1
fnd6_esopct,matrix,50,Common ESOP Obligation - Total,Matrix,100,540,USA,TOP3000,1
fnd6_esopnr,matrix,50,Preferred ESOP Obligation - Non-Redeemable,Matrix,100,804,USA,TOP3000,1
fnd6_esopr,matrix,50,Preferred ESOP Obligation - Redeemable,Matrix,100,685,USA,TOP3000,1
fnd6_esubc,matrix,50,Equity in Net Loss - Earnings,Matrix,100,503,USA,TOP3000,1
fnd6_esubs,vector,50,Equity in Earnings,Vector,100,33,USA,TOP3000,1
fnd6_eventv110_aqdq,vector,50,Acquisition/Merger Diluted EPS Effect,Vector,100,9,USA,TOP3000,1
fnd6_eventv110_aqepsq,vector,50,Acquisition/Merger Basic EPS Effect,Vector,100,14,USA,TOP3000,1
fnd6_eventv110_cstkcvq,vector,50,Common Stock - Carrying Value,Vector,100,406,USA,TOP3000,1
fnd6_eventv110_dd1q,vector,50,Long Term Debt Due in 1 Year,Vector,100,53,USA,TOP3000,1
fnd6_eventv110_dtedq,vector,50,Extinguishment of Debt Diluted EPS Effect,Vector,100,186,USA,TOP3000,1
fnd6_eventv110_dteepsq,vector,50,Extinguishment of Debt Basic EPS Effect,Vector,100,609,USA,TOP3000,1
fnd6_eventv110_gdwlid12,vector,50,Impairments Diluted EPS - 12mm,Vector,100,38,USA,TOP3000,1
fnd6_eventv110_gdwlidq,vector,50,Impairment of Goodwill Diluted EPS Effect,Vector,100,7,USA,TOP3000,1
fnd6_eventv110_gdwlieps12,vector,50,Impairment of Goodwill Basic EPS Effect 12MM,Vector,100,44,USA,TOP3000,1
fnd6_eventv110_gdwliepsq,vector,50,Impairment of Goodwill Basic EPS Effect,Vector,100,4,USA,TOP3000,1
fnd6_eventv110_gldq,vector,50,Gain/Loss Diluted EPS Effect,Vector,100,150,USA,TOP3000,1
fnd6_eventv110_glepsq,vector,50,Gain/Loss Basic EPS Effect,Vector,100,69,USA,TOP3000,1
fnd6_eventv110_npq,vector,50,Notes Payable,Vector,100,836,USA,TOP3000,1
fnd6_eventv110_nrtxtdq,vector,50,Nonrecurring Income Taxes Diluted EPS Effect,Vector,100,8,USA,TOP3000,1
fnd6_eventv110_nrtxtepsq,vector,50,Nonrecurring Income Taxes Basic EPS Effect,Vector,100,11,USA,TOP3000,1
fnd6_eventv110_optdrq,vector,50,Dividend Rate - Assumption (%),Vector,100,76,USA,TOP3000,1
fnd6_eventv110_optlifeq,vector,50,Life of Options - Assumption (# yrs),Vector,100,1726,USA,TOP3000,1
fnd6_eventv110_optvolq,vector,50,Volatility - Assumption (%),Vector,100,2656,USA,TOP3000,1
fnd6_eventv110_pncd12,vector,50,Core Pension Adjustment Diluted EPS Effect 12MM,Vector,100,35,USA,TOP3000,1
fnd6_eventv110_pncdq,vector,50,Core Pension Adjustment Diluted EPS Effect,Vector,100,36,USA,TOP3000,1
fnd6_eventv110_pnceps12,vector,50,Core Pension Adjustment Basic EPS Effect 12MM,Vector,100,52,USA,TOP3000,1
fnd6_eventv110_pncepsq,vector,50,Core Pension Adjustment Basic EPS Effect,Vector,100,36,USA,TOP3000,1
fnd6_eventv110_pncidq,vector,50,Core Pension Interest Adjustment Diluted EPS Effect,Vector,100,6,USA,TOP3000,1
fnd6_eventv110_pncwidq,vector,50,Core Pension w/o Interest Adjustment Diluted EPS Effect,Vector,100,3,USA,TOP3000,1
fnd6_eventv110_pncwiepsq,vector,50,Core Pension w/o Interest Adjustment Basic EPS Effect,Vector,100,5,USA,TOP3000,1
fnd6_eventv110_setdq,vector,50,Settlement (Litigation/Insurance) Diluted EPS Effect,Vector,100,85,USA,TOP3000,1
fnd6_eventv110_setepsq,vector,50,Settlement (Litigation/Insurance) Basic EPS Effect,Vector,100,161,USA,TOP3000,1
fnd6_eventv110_spced12,vector,50,S&P Core Earnings EPS Diluted 12MM,Vector,100,41,USA,TOP3000,1
fnd6_eventv110_spidq,vector,50,Other Special Items Diluted EPS Effect,Vector,100,10,USA,TOP3000,1
fnd6_eventv110_spiepsq,vector,50,Other Special Items Basic EPS Effect,Vector,100,10,USA,TOP3000,1
fnd6_eventv110_txdbcaq,vector,50,Current Deferred Tax Asset,Vector,100,83,USA,TOP3000,1
fnd6_eventv110_txdbclq,vector,50,Current Deferred Tax Liability,Vector,100,350,USA,TOP3000,1
fnd6_eventv110_wddq,vector,50,Writedowns Diluted EPS Effect,Vector,100,12,USA,TOP3000,1
fnd6_eventv110_wdepsq,vector,50,Writedowns Basic EPS Effect,Vector,100,57,USA,TOP3000,1
fnd6_eventv110_xaccq,vector,50,Accrued Expenses,Vector,100,247,USA,TOP3000,1
fnd6_exre,matrix,50,Exchange Rate Effect,Matrix,100,1967,USA,TOP3000,1
fnd6_fatb,matrix,50,"Plant, Property and Equipment at Cost - Buildings",Matrix,100,624,USA,TOP3000,1
fnd6_fatc,matrix,50,"Plant, Property and Equipment at Cost - Construction in Progress",Matrix,100,565,USA,TOP3000,1
fnd6_fate,matrix,50,"Plant, Property and Equipment at Cost - Machinery & Equipment",Matrix,100,385,USA,TOP3000,1
fnd6_fatl,matrix,50,"Property, Plant, and Equipment - Leases at Cost",Matrix,100,4646,USA,TOP3000,1
fnd6_fatn,matrix,50,"Property, Plant, and Equipment - Natural Resources at Cost",Matrix,100,288,USA,TOP3000,1
fnd6_fato,matrix,50,"Plant, Property and Equipment at Cost - Other",Matrix,100,490,USA,TOP3000,1
fnd6_fatp,matrix,50,"Plant, Property and Equipment at Cost - Land & Improvements",Matrix,100,479,USA,TOP3000,1
fnd6_fiao,matrix,50,Financing Activities - Other,Matrix,100,540,USA,TOP3000,1
fnd6_fic,matrix,50,identifies the country in which the company is incorporated or legally registered,Matrix,100,1136,USA,TOP3000,1
fnd6_fopo,matrix,50,Funds from Operations - Other,Matrix,100,9274,USA,TOP3000,1
fnd6_fopox,matrix,50,Funds from Operations - Other excluding Option Tax Benefit,Matrix,100,1592,USA,TOP3000,1
fnd6_fyrc,matrix,50,"Unimportant technical code, please ignore for research purposes",Matrix,100,1501,USA,TOP3000,1
fnd6_gdwls,vector,50,Goodwill,Vector,100,48,USA,TOP3000,1
fnd6_ias,vector,50,Identifiable (Total) Assets,Vector,100,45,USA,TOP3000,1
fnd6_ibmii,matrix,50,Income before Extraordinary Items and Noncontrolling Interests,Matrix,100,742,USA,TOP3000,1
fnd6_ibs,vector,50,Income before Extraordinary Items,Vector,100,31,USA,TOP3000,1
fnd6_idesindq_curcd,matrix,50,ISO Currency Code - Company Annual Market,Matrix,100,1892,USA,TOP3000,1
fnd6_idit,matrix,50,Interest and Related Income - Total,Matrix,100,422,USA,TOP3000,1
fnd6_iints,vector,50,Interest Income,Vector,100,23,USA,TOP3000,1
fnd6_incorp,matrix,50,Incorporated,Matrix,100,1594,USA,TOP3000,1
fnd6_intan,matrix,50,Intangible Assets - Total,Matrix,100,931,USA,TOP3000,1
fnd6_intc,matrix,50,Interest Capitalized,Matrix,100,2221,USA,TOP3000,1
fnd6_intpn,matrix,50,Interest Paid - Net,Matrix,100,451,USA,TOP3000,1
fnd6_intseg,vector,50,Intersegment Eliminations,Vector,100,102,USA,TOP3000,1
fnd6_invfg,matrix,50,Inventories - Finished Goods,Matrix,100,460,USA,TOP3000,1
fnd6_invo,matrix,50,Inventories - Other,Matrix,100,323,USA,TOP3000,1
fnd6_invrm,matrix,50,Inventories - Raw Materials,Matrix,100,527,USA,TOP3000,1
fnd6_invwip,matrix,50,Inventories - Work In Process,Matrix,100,567,USA,TOP3000,1
fnd6_itcb,matrix,50,Investment Tax Credit (Balance Sheet),Matrix,100,629,USA,TOP3000,1
fnd6_itci,matrix,50,Investment Tax Credit (Income Account),Matrix,100,1866,USA,TOP3000,1
fnd6_ivaco,matrix,50,Investing Activities - Other,Matrix,100,8458,USA,TOP3000,1
fnd6_ivaeq,matrix,50,Investment and Advances - Equity,Matrix,100,649,USA,TOP3000,1
fnd6_ivaeqs,vector,50,Investments at Equity,Vector,100,26,USA,TOP3000,1
fnd6_ivao,matrix,50,Investment and Advances - Other,Matrix,100,541,USA,TOP3000,1
fnd6_ivch,matrix,50,Increase in Investments,Matrix,100,283,USA,TOP3000,1
fnd6_ivst,matrix,50,Short-Term Investments - Total,Matrix,100,444,USA,TOP3000,1
fnd6_ivstch,matrix,50,Short-Term Investments - Change,Matrix,100,371,USA,TOP3000,1
fnd6_lcox,matrix,50,Current Liabilities - Other - Sundry,Matrix,100,2924,USA,TOP3000,1
fnd6_lcoxdr,matrix,50,Current Liabilities - Other - Excluding Deferred Revenue,Matrix,100,2294,USA,TOP3000,1
fnd6_lifr,matrix,50,LIFO Reserve,Matrix,100,1248,USA,TOP3000,1
fnd6_lno,matrix,50,Liabilities Netting & Other Adjustments,Matrix,100,261,USA,TOP3000,1
fnd6_loc,matrix,50,string for locating the Headquarters of the company,Matrix,100,1289,USA,TOP3000,1
fnd6_lol2,matrix,50,Liabilities Level 2 (Observable),Matrix,100,325,USA,TOP3000,1
fnd6_loxdr,matrix,50,Liabilities - Other - Excluding Deferred Revenue,Matrix,100,2209,USA,TOP3000,1
fnd6_lqpl1,matrix,50,Liabilities Level 1 (Quoted Prices),Matrix,100,326,USA,TOP3000,1
fnd6_lul3,matrix,50,Liabilities Level 3 (Unobservable),Matrix,100,329,USA,TOP3000,1
fnd6_mfma1_aoloch,matrix,50,Assets and Liabilities - Other - Net Change,Matrix,100,783,USA,TOP3000,1
fnd6_mfma1_apalch,matrix,50,Accounts Payable and Accrued Liabilities - Increase/(Decrease),Matrix,100,518,USA,TOP3000,1
fnd6_mfma1_at,matrix,50,Assets - Total,Matrix,100,1234,USA,TOP3000,1
fnd6_mfma1_capx,matrix,50,Capital Expenditures,Matrix,100,614,USA,TOP3000,1
fnd6_mfma1_csho,matrix,50,Common Shares Outstanding,Matrix,100,917,USA,TOP3000,1
fnd6_mfma1_dp,matrix,50,Depreciation and Amortization,Matrix,100,479,USA,TOP3000,1
fnd6_mfma1_dpc,matrix,50,Depreciation and Amortization (Cash Flow),Matrix,100,665,USA,TOP3000,1
fnd6_mfma1_invch,matrix,50,Mortgages - Decrease (Increase),Matrix,100,570,USA,TOP3000,1
fnd6_mfma2_oancf,matrix,50,Operating Activities - Net Cash Flow,Matrix,100,707,USA,TOP3000,1
fnd6_mfma2_opeps,matrix,50,Earnings Per Share from Operations,Matrix,100,1022,USA,TOP3000,1
fnd6_mfma2_recch,matrix,50,Accounts Receivable - Decrease (Increase),Matrix,100,573,USA,TOP3000,1
fnd6_mfma2_revt,matrix,50,Revenue - Total,Matrix,100,858,USA,TOP3000,1
fnd6_mfma2_txach,matrix,50,Income Taxes - Accrued - Increase/(Decrease),Matrix,100,445,USA,TOP3000,1
fnd6_mfmq_cheq,matrix,50,Cash and Short-Term Investments,Matrix,100,579,USA,TOP3000,1
fnd6_mfmq_cogsq,matrix,50,Cost of Goods Sold,Matrix,100,460,USA,TOP3000,1
fnd6_mfmq_cshprq,matrix,50,Common Shares Used to Calculate Earnings Per Share - Basic,Matrix,100,1216,USA,TOP3000,1
fnd6_mfmq_dlcq,matrix,50,Debt in Current Liabilities,Matrix,100,239,USA,TOP3000,1
fnd6_mfmq_ibcomq,matrix,50,Income Before Extraordinary Items - Available for Common,Matrix,100,484,USA,TOP3000,1
fnd6_mfmq_mibtq,matrix,50,Noncontrolling Interests - Total - Balance Sheet - Quarterly,Matrix,100,295,USA,TOP3000,1
fnd6_mfmq_piq,matrix,50,Pretax Income,Matrix,100,703,USA,TOP3000,1
fnd6_mibn,matrix,50,Noncontrolling Interests - Nonredeemable - Balance Sheet,Matrix,100,823,USA,TOP3000,1
fnd6_mibt,matrix,50,Noncontrolling Interests - Total - Balance Sheet,Matrix,100,613,USA,TOP3000,1
fnd6_mkvalt,matrix,50,Market Value - Total,Matrix,100,321,USA,TOP3000,1
fnd6_mkvaltq,matrix,50,Market Value - Total,Matrix,100,156,USA,TOP3000,1
fnd6_mrc1,matrix,50,Rental Commitments - Minimum - 1st Year,Matrix,100,1497,USA,TOP3000,1
fnd6_mrc2,matrix,50,Rental Commitments - Minimum - 2nd Year,Matrix,100,1938,USA,TOP3000,1
fnd6_mrc3,matrix,50,Rental Commitments - Minimum - 3rd Year,Matrix,100,1332,USA,TOP3000,1
fnd6_mrc4,matrix,50,Rental Commitments - Minimum - 4th Year,Matrix,100,1557,USA,TOP3000,1
fnd6_mrc5,matrix,50,Rental Commitments - Minimum - 5th Year,Matrix,100,1832,USA,TOP3000,1
fnd6_mrct,matrix,50,Rental Commitments - Minimum - 5-Year Total,Matrix,100,1361,USA,TOP3000,1
fnd6_mrcta,matrix,50,Thereafter Portion of Leases,Matrix,100,5583,USA,TOP3000,1
fnd6_msa,matrix,50,Marketable Securities Adjustment,Matrix,100,865,USA,TOP3000,1
fnd6_naicss,vector,50,NAICS Code,Vector,100,1670,USA,TOP3000,1
fnd6_newa1v1300_aco,matrix,50,Current Assets - Other - Total,Matrix,100,1263,USA,TOP3000,1
fnd6_newa1v1300_acominc,matrix,50,Accumulated Other Comprehensive Income (Loss),Matrix,100,851,USA,TOP3000,1
fnd6_newa1v1300_act,matrix,50,Current Assets - Total,Matrix,100,1572,USA,TOP3000,1
fnd6_newa1v1300_ano,matrix,50,Assets Netting & Other Adjustments,Matrix,100,352,USA,TOP3000,1
fnd6_newa1v1300_ao,matrix,50,Assets - Other,Matrix,100,564,USA,TOP3000,1
fnd6_newa1v1300_aocidergl,matrix,50,Accum Other Comp Inc - Derivatives Unrealized Gain/Loss,Matrix,100,301,USA,TOP3000,1
fnd6_newa1v1300_aociother,matrix,50,Accum Other Comp Inc - Other Adjustments,Matrix,100,409,USA,TOP3000,1
fnd6_newa1v1300_aocipen,matrix,50,Accum Other Comp Inc - Min Pension Liab Adj,Matrix,100,373,USA,TOP3000,1
fnd6_newa1v1300_aol2,matrix,50,Assets Level 2 (Observable),Matrix,100,204,USA,TOP3000,1
fnd6_newa1v1300_aoloch,matrix,50,Assets and Liabilities - Other - Net Change,Matrix,100,590,USA,TOP3000,1
fnd6_newa1v1300_ap,matrix,50,Accounts Payable - Trade,Matrix,100,680,USA,TOP3000,1
fnd6_newa1v1300_apalch,matrix,50,Accounts Payable and Accrued Liabilities - Increase/(Decrease),Matrix,100,600,USA,TOP3000,1
fnd6_newa1v1300_aqpl1,matrix,50,Assets Level 1 (Quoted Prices),Matrix,100,191,USA,TOP3000,1
fnd6_newa1v1300_at,matrix,50,Assets - Total,Matrix,100,884,USA,TOP3000,1
fnd6_newa1v1300_aul3,matrix,50,Assets Level 3 (Unobservable),Matrix,100,342,USA,TOP3000,1
fnd6_newa1v1300_bkvlps,matrix,50,Book Value Per Share,Matrix,100,946,USA,TOP3000,1
fnd6_newa1v1300_caps,matrix,50,Capital Surplus/Share Premium Reserve,Matrix,100,378,USA,TOP3000,1
fnd6_newa1v1300_capx,matrix,50,Capital Expenditures,Matrix,100,671,USA,TOP3000,1
fnd6_newa1v1300_ceq,matrix,50,Common/Ordinary Equity - Total,Matrix,100,784,USA,TOP3000,1
fnd6_newa1v1300_ceqt,matrix,50,Common Equity - Tangible,Matrix,100,468,USA,TOP3000,1
fnd6_newa1v1300_che,matrix,50,Cash and Short-Term Investments,Matrix,100,416,USA,TOP3000,1
fnd6_newa1v1300_chech,matrix,50,Cash and Cash Equivalents - Increase/(Decrease),Matrix,100,638,USA,TOP3000,1
fnd6_newa1v1300_cogs,matrix,50,Cost of Goods Sold,Matrix,100,675,USA,TOP3000,1
fnd6_newa1v1300_cshfd,matrix,50,Common Shares Used to Calc Earnings Per Share - Fully Diluted,Matrix,100,747,USA,TOP3000,1
fnd6_newa1v1300_cshi,matrix,50,Common Shares Issued,Matrix,100,216,USA,TOP3000,1
fnd6_newa1v1300_csho,matrix,50,Common Shares Outstanding,Matrix,100,490,USA,TOP3000,1
fnd6_newa1v1300_cstk,matrix,50,Common/Ordinary Stock (Capital),Matrix,100,838,USA,TOP3000,1
fnd6_newa1v1300_dcom,matrix,50,Deferred Compensation,Matrix,100,1148,USA,TOP3000,1
fnd6_newa1v1300_dlc,matrix,50,Debt in Current Liabilities - Total,Matrix,100,1090,USA,TOP3000,1
fnd6_newa1v1300_dltt,matrix,50,Long-Term Debt - Total,Matrix,100,1161,USA,TOP3000,1
fnd6_newa1v1300_dp,matrix,50,Depreciation and Amortization,Matrix,100,356,USA,TOP3000,1
fnd6_newa1v1300_dpact,matrix,50,"Depreciation, Depletion and Amortization (Accumulated)",Matrix,100,341,USA,TOP3000,1
fnd6_newa1v1300_dpc,matrix,50,Depreciation and Amortization (Cash Flow),Matrix,100,682,USA,TOP3000,1
fnd6_newa1v1300_dv,matrix,50,Cash Dividends (Cash Flow),Matrix,100,439,USA,TOP3000,1
fnd6_newa1v1300_dvc,matrix,50,Dividends Common/Ordinary,Matrix,100,566,USA,TOP3000,1
fnd6_newa1v1300_dvt,matrix,50,Dividends - Total,Matrix,100,290,USA,TOP3000,1
fnd6_newa1v1300_ebit,matrix,50,Earnings Before Interest and Taxes,Matrix,100,385,USA,TOP3000,1
fnd6_newa1v1300_ebitda,matrix,50,Earnings Before Interest,Matrix,100,442,USA,TOP3000,1
fnd6_newa1v1300_emp,matrix,50,Employees,Matrix,100,772,USA,TOP3000,1
fnd6_newa1v1300_epsfi,matrix,50,Earnings Per Share (Diluted) - Including Extraordinary Items,Matrix,100,734,USA,TOP3000,1
fnd6_newa1v1300_epsfx,matrix,50,Earnings Per Share (Diluted) - Excluding Extraordinary Items,Matrix,100,617,USA,TOP3000,1
fnd6_newa1v1300_epspi,matrix,50,Earnings Per Share (Basic) - Including Extraordinary Items,Matrix,100,631,USA,TOP3000,1
fnd6_newa1v1300_epspx,matrix,50,Earnings Per Share (Basic) - Excluding Extraordinary Items,Matrix,100,449,USA,TOP3000,1
fnd6_newa1v1300_fca,matrix,50,Foreign Exchange Income (Loss),Matrix,100,248,USA,TOP3000,1
fnd6_newa1v1300_fincf,matrix,50,Financing Activities - Net Cash Flow,Matrix,100,872,USA,TOP3000,1
fnd6_newa1v1300_gdwl,matrix,50,Goodwill,Matrix,100,394,USA,TOP3000,1
fnd6_newa1v1300_gp,matrix,50,Gross Profit (Loss),Matrix,100,2470,USA,TOP3000,1
fnd6_newa1v1300_ib,matrix,50,Income Before Extraordinary Items,Matrix,100,325,USA,TOP3000,1
fnd6_newa1v1300_ibadj,matrix,50,Income Before Extraordinary Items - Adjusted for Common Stock Equivalents,Matrix,100,305,USA,TOP3000,1
fnd6_newa1v1300_ibc,matrix,50,Income Before Extraordinary Items (Cash Flow),Matrix,100,714,USA,TOP3000,1
fnd6_newa1v1300_ibcom,matrix,50,Income Before Extraordinary Items - Available for Common,Matrix,100,242,USA,TOP3000,1
fnd6_newa1v1300_icapt,matrix,50,Invested Capital - Total,Matrix,100,453,USA,TOP3000,1
fnd6_newa1v1300_intano,matrix,50,Other Intangibles,Matrix,100,522,USA,TOP3000,1
fnd6_newa1v1300_invch,matrix,50,Mortgages - Decrease (Increase),Matrix,100,534,USA,TOP3000,1
fnd6_newa1v1300_invt,matrix,50,Inventories - Total,Matrix,100,523,USA,TOP3000,1
fnd6_newa1v1300_ivncf,matrix,50,Investing Activities - Net Cash Flow,Matrix,100,446,USA,TOP3000,1
fnd6_newa1v1300_lco,matrix,50,Current Liabilities - Other - Total,Matrix,100,839,USA,TOP3000,1
fnd6_newa1v1300_lct,matrix,50,Current Liabilities - Total,Matrix,100,975,USA,TOP3000,1
fnd6_newa1v1300_lo,matrix,50,Liabilities - Other - Total,Matrix,100,1355,USA,TOP3000,1
fnd6_newa1v1300_lse,matrix,50,Liabilities and Stockholders Equity - Total,Matrix,100,511,USA,TOP3000,1
fnd6_newa1v1300_lt,matrix,50,Liabilities - Total,Matrix,100,751,USA,TOP3000,1
fnd6_newa2v1300_mib,matrix,50,Minority Interest (Balance Sheet),Matrix,100,800,USA,TOP3000,1
fnd6_newa2v1300_mii,matrix,50,Noncontrolling Interest (Income Account),Matrix,100,636,USA,TOP3000,1
fnd6_newa2v1300_ni,matrix,50,Net Income (Loss),Matrix,100,1551,USA,TOP3000,1
fnd6_newa2v1300_nopi,matrix,50,Nonoperating Income (Expense),Matrix,100,351,USA,TOP3000,1
fnd6_newa2v1300_oancf,matrix,50,Operating Activities - Net Cash Flow,Matrix,100,613,USA,TOP3000,1
fnd6_newa2v1300_oiadp,matrix,50,Operating Income After Depreciation,Matrix,100,1146,USA,TOP3000,1
fnd6_newa2v1300_oibdp,matrix,50,Operating Income Before Depreciation,Matrix,100,2889,USA,TOP3000,1
fnd6_newa2v1300_opeps,matrix,50,Earnings Per Share from Operations,Matrix,100,756,USA,TOP3000,1
fnd6_newa2v1300_optexd,matrix,50,Options - Exercised (-),Matrix,100,1676,USA,TOP3000,1
fnd6_newa2v1300_pi,matrix,50,Pretax Income,Matrix,100,407,USA,TOP3000,1
fnd6_newa2v1300_ppegt,matrix,50,"Property, Plant and Equipment - Total (Gross)",Matrix,100,738,USA,TOP3000,1
fnd6_newa2v1300_ppent,matrix,50,"Property, Plant and Equipment - Total (Net)",Matrix,100,6998,USA,TOP3000,1
fnd6_newa2v1300_prsho,matrix,50,Redeem Pfd Shares Outs (000),Matrix,100,2168,USA,TOP3000,1
fnd6_newa2v1300_rdip,matrix,50,In Process R&D Expense,Matrix,100,783,USA,TOP3000,1
fnd6_newa2v1300_rdipa,matrix,50,In-Process R&D Expense After-tax,Matrix,100,1095,USA,TOP3000,1
fnd6_newa2v1300_rdipd,matrix,50,In Process R&D Expense Diluted EPS Effect,Matrix,100,2117,USA,TOP3000,1
fnd6_newa2v1300_rdipeps,matrix,50,In Process R&D Expense Basic EPS Effect,Matrix,100,3795,USA,TOP3000,1
fnd6_newa2v1300_re,matrix,50,Retained Earnings,Matrix,100,533,USA,TOP3000,1
fnd6_newa2v1300_recch,matrix,50,Accounts Receivable - Decrease (Increase),Matrix,100,442,USA,TOP3000,1
fnd6_newa2v1300_rect,matrix,50,Receivables - Total,Matrix,100,553,USA,TOP3000,1
fnd6_newa2v1300_reuna,matrix,50,Retained Earnings - Unadjusted,Matrix,100,641,USA,TOP3000,1
fnd6_newa2v1300_revt,matrix,50,Revenue - Total,Matrix,100,586,USA,TOP3000,1
fnd6_newa2v1300_sale,matrix,50,Sales/Turnover (Net),Matrix,100,527,USA,TOP3000,1
fnd6_newa2v1300_seq,matrix,50,Stockholders Equity - Parent,Matrix,100,963,USA,TOP3000,1
fnd6_newa2v1300_seqo,matrix,50,Other Stockholders' Equity Adjustments,Matrix,100,731,USA,TOP3000,1
fnd6_newa2v1300_spced,matrix,50,S&P Core Earnings EPS Diluted,Matrix,100,206,USA,TOP3000,1
fnd6_newa2v1300_spceeps,matrix,50,S&P Core Earnings EPS Basic,Matrix,100,270,USA,TOP3000,1
fnd6_newa2v1300_spi,matrix,50,Special Items,Matrix,100,610,USA,TOP3000,1
fnd6_newa2v1300_stkco,matrix,50,Stock Compensation Expense,Matrix,100,540,USA,TOP3000,1
fnd6_newa2v1300_tstk,matrix,50,Treasury Stock - Total (All Capital),Matrix,100,258,USA,TOP3000,1
fnd6_newa2v1300_tstkn,matrix,50,Treasury Stock - Number of Common Shares,Matrix,100,207,USA,TOP3000,1
fnd6_newa2v1300_txach,matrix,50,Income Taxes - Accrued - Increase/(Decrease),Matrix,100,199,USA,TOP3000,1
fnd6_newa2v1300_txdb,matrix,50,Deferred Taxes - Balance Sheet,Matrix,100,403,USA,TOP3000,1
fnd6_newa2v1300_txditc,matrix,50,Deferred Taxes and Investment Tax Credit,Matrix,100,357,USA,TOP3000,1
fnd6_newa2v1300_txp,matrix,50,Income Taxes Payable,Matrix,100,350,USA,TOP3000,1
fnd6_newa2v1300_txt,matrix,50,Income Taxes - Total,Matrix,100,487,USA,TOP3000,1
fnd6_newa2v1300_wcap,matrix,50,Working Capital (Balance Sheet),Matrix,100,464,USA,TOP3000,1
fnd6_newa2v1300_xidoc,matrix,50,Extraordinary Items and Discontinued Operations (Cash Flow),Matrix,100,1565,USA,TOP3000,1
fnd6_newa2v1300_xint,matrix,50,Interest and Related Expense - Total,Matrix,100,583,USA,TOP3000,1
fnd6_newa2v1300_xoptd,matrix,50,Implied Option EPS Diluted,Matrix,100,132,USA,TOP3000,1
fnd6_newa2v1300_xopteps,matrix,50,Implied Option EPS Basic,Matrix,100,28,USA,TOP3000,1
fnd6_newa2v1300_xrd,matrix,50,Research and Development Expense,Matrix,100,518,USA,TOP3000,1
fnd6_newa2v1300_xsga,matrix,50,"Selling, General and Administrative Expense",Matrix,100,2821,USA,TOP3000,1
fnd6_newq_xoptdqp,matrix,50,Implied Option EPS Diluted Preliminary,Matrix,100,8,USA,TOP3000,1
fnd6_newq_xoptepsqp,matrix,50,Implied Option EPS Basic Preliminary,Matrix,100,21,USA,TOP3000,1
fnd6_newq_xoptqp,matrix,50,Implied Option Expense Preliminary,Matrix,100,20,USA,TOP3000,1
fnd6_newqeventv110_acchgq,vector,50,Accounting Changes - Cumulative Effect,Vector,100,453,USA,TOP3000,1
fnd6_newqeventv110_acomincq,vector,50,Accumulated Other Comprehensive Income (Loss),Vector,100,89,USA,TOP3000,1
fnd6_newqeventv110_acoq,vector,50,Current Assets - Other - Total,Vector,100,91,USA,TOP3000,1
fnd6_newqeventv110_altoq,vector,50,Other Long-term Assets,Vector,100,234,USA,TOP3000,1
fnd6_newqeventv110_ancq,vector,50,Non-Current Assets - Total,Vector,100,22,USA,TOP3000,1
fnd6_newqeventv110_anoq,vector,50,Assets Netting & Other Adjustments,Vector,100,33,USA,TOP3000,1
fnd6_newqeventv110_aociderglq,vector,50,Accumulated Other Comprehensive Income - Derivatives Unrealized Gain/Loss,Vector,100,392,USA,TOP3000,1
fnd6_newqeventv110_aociotherq,vector,50,Accum Other Comp Inc - Other Adjustments,Vector,100,47,USA,TOP3000,1
fnd6_newqeventv110_aocipenq,vector,50,Accum Other Comp Inc - Min Pension Liab Adj,Vector,100,59,USA,TOP3000,1
fnd6_newqeventv110_aocisecglq,vector,50,Accum. Other Comp. Inc. - Unreal G/L Ret. Int. in Sec. Assets,Vector,100,80,USA,TOP3000,1
fnd6_newqeventv110_aol2q,vector,50,Assets Level 2 (Observable),Vector,100,72,USA,TOP3000,1
fnd6_newqeventv110_aoq,vector,50,Assets - Other - Total,Vector,100,48,USA,TOP3000,1
fnd6_newqeventv110_aqaq,vector,50,Acquisition/Merger After-Tax,Vector,100,26,USA,TOP3000,1
fnd6_newqeventv110_aqpl1q,vector,50,Assets Level 1 (Quoted Prices),Vector,100,215,USA,TOP3000,1
fnd6_newqeventv110_aqpq,vector,50,Acquisition/Merger Pretax,Vector,100,18,USA,TOP3000,1
fnd6_newqeventv110_aul3q,vector,50,Assets Level 3 (Unobservable),Vector,100,31,USA,TOP3000,1
fnd6_newqeventv110_capsq,vector,50,Capital Surplus/Share Premium Reserve,Vector,100,108,USA,TOP3000,1
fnd6_newqeventv110_cheq,vector,50,Cash and Short-Term Investments,Vector,100,590,USA,TOP3000,1
fnd6_newqeventv110_chq,vector,50,Cash,Vector,100,306,USA,TOP3000,1
fnd6_newqeventv110_cibegniq,vector,50,Comp Inc - Beginning Net Income,Vector,100,45,USA,TOP3000,1
fnd6_newqeventv110_cicurrq,vector,50,Comp Inc - Currency Trans Adj,Vector,100,68,USA,TOP3000,1
fnd6_newqeventv110_ciderglq,vector,50,Comprehensive Income - Derivative Gains/Losses,Vector,100,21,USA,TOP3000,1
fnd6_newqeventv110_cimiiq,vector,50,Comprehensive Income - Noncontrolling Interest,Vector,100,30,USA,TOP3000,1
fnd6_newqeventv110_ciotherq,vector,50,Comprehensive Income - Other Adjustments,Vector,100,85,USA,TOP3000,1
fnd6_newqeventv110_cipenq,vector,50,Comp Inc - Minimum Pension Adj,Vector,100,51,USA,TOP3000,1
fnd6_newqeventv110_ciq,vector,50,Comprehensive Income - Total,Vector,100,74,USA,TOP3000,1
fnd6_newqeventv110_cisecglq,vector,50,Comp Inc - Securities Gains/Losses,Vector,100,33,USA,TOP3000,1
fnd6_newqeventv110_citotalq,vector,50,Comprehensive Income - Parent,Vector,100,47,USA,TOP3000,1
fnd6_newqeventv110_cogsq,vector,50,Cost of Goods Sold,Vector,100,238,USA,TOP3000,1
fnd6_newqeventv110_csh12q,vector,50,Common Shares Used to Calculate Earnings Per Share - 12 Months Moving,Vector,100,68,USA,TOP3000,1
fnd6_newqeventv110_cshfdq,vector,50,Common Shares for Diluted EPS,Vector,100,56,USA,TOP3000,1
fnd6_newqeventv110_cshiq,vector,50,Common Shares Issued,Vector,100,318,USA,TOP3000,1
fnd6_newqeventv110_cshopq,vector,50,Total Shares Repurchased - Quarter,Vector,100,475,USA,TOP3000,1
fnd6_newqeventv110_cshoq,vector,50,Common Shares Outstanding,Vector,100,67,USA,TOP3000,1
fnd6_newqeventv110_cshprq,vector,50,Common Shares Used to Calculate Earnings Per Share - Basic,Vector,100,65,USA,TOP3000,1
fnd6_newqeventv110_cstkeq,vector,50,Common Stock Equivalents - Dollar Savings,Vector,100,760,USA,TOP3000,1
fnd6_newqeventv110_cstkq,vector,50,Common/Ordinary Stock (Capital),Vector,100,29,USA,TOP3000,1
fnd6_newqeventv110_dcomq,vector,50,Deferred Compensation,Vector,100,65,USA,TOP3000,1
fnd6_newqeventv110_diladq,vector,50,Dilution Adjustment,Vector,100,737,USA,TOP3000,1
fnd6_newqeventv110_dilavq,vector,50,Dilution Available - Excluding Extraordinary Items,Vector,100,43,USA,TOP3000,1
fnd6_newqeventv110_dlcq,vector,50,Debt in Current Liabilities,Vector,100,391,USA,TOP3000,1
fnd6_newqeventv110_doq,vector,50,Discontinued Operations,Vector,100,17,USA,TOP3000,1
fnd6_newqeventv110_dpactq,vector,50,"Depreciation, Depletion and Amortization (Accumulated)",Vector,100,25,USA,TOP3000,1
fnd6_newqeventv110_drcq,vector,50,Deferred Revenue - Current,Vector,100,1093,USA,TOP3000,1
fnd6_newqeventv110_drltq,vector,50,Deferred Revenue - Long-term,Vector,100,2616,USA,TOP3000,1
fnd6_newqeventv110_dteaq,vector,50,Extinguishment of Debt After-tax,Vector,100,391,USA,TOP3000,1
fnd6_newqeventv110_dtepq,vector,50,Extinguishment of Debt Pretax,Vector,100,341,USA,TOP3000,1
fnd6_newqeventv110_dvpq,vector,50,Dividends - Preferred/Preference,Vector,100,33,USA,TOP3000,1
fnd6_newqeventv110_epsfiq,vector,50,Earnings Per Share (Diluted) - Including Extraordinary Items,Vector,100,57,USA,TOP3000,1
fnd6_newqeventv110_epspiq,vector,50,Earnings Per Share (Basic) - Including Extraordinary Items,Vector,100,34,USA,TOP3000,1
fnd6_newqeventv110_epspxq,vector,50,Earnings Per Share (Basic) - Excluding Extraordinary Items,Vector,100,40,USA,TOP3000,1
fnd6_newqeventv110_esopctq,vector,50,Common ESOP Obligation - Total,Vector,100,53,USA,TOP3000,1
fnd6_newqeventv110_esopnrq,vector,50,Preferred ESOP Obligation - Non-Redeemable,Vector,100,32,USA,TOP3000,1
fnd6_newqeventv110_esoprq,vector,50,Preferred ESOP Obligation - Redeemable,Vector,100,848,USA,TOP3000,1
fnd6_newqeventv110_esoptq,vector,50,Preferred ESOP Obligation - Total,Vector,100,149,USA,TOP3000,1
fnd6_newqeventv110_fcaq,vector,50,Foreign Exchange Income (Loss),Vector,100,27,USA,TOP3000,1
fnd6_newqeventv110_gdwlamq,vector,50,Amortization of Goodwill,Vector,100,15,USA,TOP3000,1
fnd6_newqeventv110_gdwlia12,vector,50,Impairments of Goodwill After-Tax - 12MM,Vector,100,41,USA,TOP3000,1
fnd6_newqeventv110_gdwliaq,vector,50,Impairment of Goodwill After-tax,Vector,100,14,USA,TOP3000,1
fnd6_newqeventv110_gdwlipq,vector,50,Impairment of Goodwill Pretax,Vector,100,12,USA,TOP3000,1
fnd6_newqeventv110_gdwlq,vector,50,Goodwill (net),Vector,100,110,USA,TOP3000,1
fnd6_newqeventv110_glaq,vector,50,Gain/Loss After-Tax,Vector,100,23,USA,TOP3000,1
fnd6_newqeventv110_glcea12,vector,50,Gain/Loss on Sale (Core Earnings Adjusted) After-tax 12MM,Vector,100,228,USA,TOP3000,1
fnd6_newqeventv110_glceaq,vector,50,Gain/Loss on Sale (Core Earnings Adjusted) After-tax,Vector,100,68,USA,TOP3000,1
fnd6_newqeventv110_glced12,vector,50,Gain/Loss on Sale (Core Earnings Adjusted) Diluted EPS Effect 12MM,Vector,100,112,USA,TOP3000,1
fnd6_newqeventv110_glcedq,vector,50,Gain/Loss on Sale (Core Earnings Adjusted) Diluted EPS,Vector,100,170,USA,TOP3000,1
fnd6_newqeventv110_glceeps12,vector,50,Gain/Loss on Sale (Core Earnings Adjusted) Basic EPS Effect 12MM,Vector,100,53,USA,TOP3000,1
fnd6_newqeventv110_glceepsq,vector,50,Gain/Loss on Sale (Core Earnings Adjusted) Basic EPS Effect,Vector,100,312,USA,TOP3000,1
fnd6_newqeventv110_glcepq,vector,50,Gain/Loss on Sale (Core Earnings Adjusted) Pretax,Vector,100,147,USA,TOP3000,1
fnd6_newqeventv110_glpq,vector,50,Gain/Loss Pretax,Vector,100,17,USA,TOP3000,1
fnd6_newqeventv110_hedgeglq,vector,50,Gain/Loss on Ineffective Hedges,Vector,100,16,USA,TOP3000,1
fnd6_newqeventv110_ibadj12,vector,50,Income Before Extra Items - Adj for Common Stock Equivalents - 12MM,Vector,100,7,USA,TOP3000,1
fnd6_newqeventv110_ibadjq,vector,50,Income Before Extraordinary Items - Adjusted for Common Stock Equivalents,Vector,100,22,USA,TOP3000,1
fnd6_newqeventv110_ibcomq,vector,50,Income Before Extraordinary Items - Available for Common,Vector,100,17,USA,TOP3000,1
fnd6_newqeventv110_ibmiiq,vector,50,Income before Extraordinary Items and Noncontrolling Interests,Vector,100,96,USA,TOP3000,1
fnd6_newqeventv110_ibq,vector,50,Income Before Extraordinary Items,Vector,100,27,USA,TOP3000,1
fnd6_newqeventv110_icaptq,vector,50,Invested Capital - Total - Quarterly,Vector,100,29,USA,TOP3000,1
fnd6_newqeventv110_intanoq,vector,50,Other Intangibles,Vector,100,311,USA,TOP3000,1
fnd6_newqeventv110_intanq,vector,50,Intangible Assets - Total,Vector,100,69,USA,TOP3000,1
fnd6_newqeventv110_invfgq,vector,50,Inventory - Finished Goods,Vector,100,32,USA,TOP3000,1
fnd6_newqeventv110_invoq,vector,50,Inventory - Other,Vector,100,53,USA,TOP3000,1
fnd6_newqeventv110_invrmq,vector,50,Inventory - Raw Materials,Vector,100,71,USA,TOP3000,1
fnd6_newqeventv110_invtq,vector,50,Inventories - Total,Vector,100,179,USA,TOP3000,1
fnd6_newqeventv110_invwipq,vector,50,Inventory - Work in Process,Vector,100,31,USA,TOP3000,1
fnd6_newqeventv110_ivltq,vector,50,Total Long-term Investments,Vector,100,58,USA,TOP3000,1
fnd6_newqeventv110_ivstq,vector,50,Short-Term Investments - Total,Vector,100,50,USA,TOP3000,1
fnd6_newqeventv110_lcoq,vector,50,Current Liabilities - Other - Total,Vector,100,154,USA,TOP3000,1
fnd6_newqeventv110_lltq,vector,50,Long-Term Liabilities (Total),Vector,100,28,USA,TOP3000,1
fnd6_newqeventv110_lnoq,vector,50,Liabilities Netting & Other Adjustments,Vector,100,23,USA,TOP3000,1
fnd6_newqeventv110_lol2q,vector,50,Liabilities Level 2 (Observable),Vector,100,26,USA,TOP3000,1
fnd6_newqeventv110_loq,vector,50,Liabilities - Other,Vector,100,78,USA,TOP3000,1
fnd6_newqeventv110_loxdrq,vector,50,Liabilities - Other - Excluding Deferred Revenue,Vector,100,63,USA,TOP3000,1
fnd6_newqeventv110_lqpl1q,vector,50,Liabilities Level 1 (Quoted Prices),Vector,100,35,USA,TOP3000,1
fnd6_newqeventv110_lseq,vector,50,Liabilities and Stockholders' Equity - Total,Vector,100,49,USA,TOP3000,1
fnd6_newqeventv110_ltmibq,vector,50,Liabilities - Total and Noncontrolling Interest,Vector,100,314,USA,TOP3000,1
fnd6_newqeventv110_lul3q,vector,50,Liabilities Level 3 (Unobservable),Vector,100,96,USA,TOP3000,1
fnd6_newqeventv110_mibnq,vector,50,NonRedeemable Noncontrolling Interest (Balance Sheet) - Quarterly,Vector,100,62,USA,TOP3000,1
fnd6_newqeventv110_mibq,vector,50,Noncontrolling Interest - Redeemable - Balance Sheet,Vector,100,24,USA,TOP3000,1
fnd6_newqeventv110_mibtq,vector,50,Noncontrolling Interests - Total - Balance Sheet - Quarterly,Vector,100,9,USA,TOP3000,1
fnd6_newqeventv110_miiq,vector,50,Noncontrolling Interest - Income Account,Vector,100,30,USA,TOP3000,1
fnd6_newqeventv110_msaq,vector,50,Accum Other Comp Inc - Marketable Security Adjustments,Vector,100,218,USA,TOP3000,1
fnd6_newqeventv110_nrtxtq,vector,50,Nonrecurring Income Taxes - After-tax,Vector,100,25,USA,TOP3000,1
fnd6_newqeventv110_oepf12,vector,50,Earnings Per Share - Diluted - from Operations - 12MM,Vector,100,109,USA,TOP3000,1
fnd6_newqeventv110_oepsxq,vector,50,Earnings Per Share - Diluted - from Operations,Vector,100,44,USA,TOP3000,1
fnd6_newqeventv110_optfvgrq,vector,50,Options - Fair Value of Options Granted,Vector,100,398,USA,TOP3000,1
fnd6_newqeventv110_optrfrq,vector,50,Risk Free Rate - Assumption (%),Vector,100,1962,USA,TOP3000,1
fnd6_newqeventv110_piq,vector,50,Pretax Income,Vector,100,105,USA,TOP3000,1
fnd6_newqeventv110_pnc12,vector,50,Pension Core Adjustment - 12mm,Vector,100,28,USA,TOP3000,1
fnd6_newqeventv110_pnciapq,vector,50,Core Pension Interest Adjustment After-tax Preliminary,Vector,100,7,USA,TOP3000,1
fnd6_newqeventv110_pnciaq,vector,50,Core Pension Interest Adjustment After-tax,Vector,100,4,USA,TOP3000,1
fnd6_newqeventv110_pncidpq,vector,50,Core Pension Interest Adjustment Diluted EPS Effect Preliminary,Vector,100,5,USA,TOP3000,1
fnd6_newqeventv110_pnciepspq,vector,50,Core Pension Interest Adjustment Basic EPS Effect Preliminary,Vector,100,13,USA,TOP3000,1
fnd6_newqeventv110_pnciepsq,vector,50,Core Pension Interest Adjustment Basic EPS Effect,Vector,100,7,USA,TOP3000,1
fnd6_newqeventv110_pncippq,vector,50,Core Pension Interest Adjustment Pretax Preliminary,Vector,100,4,USA,TOP3000,1
fnd6_newqeventv110_pncipq,vector,50,Core Pension Interest Adjustment Pretax,Vector,100,7,USA,TOP3000,1
fnd6_newqeventv110_pncpd12,vector,50,Core Pension Adjustment 12MM Diluted EPS Effect Preliminary,Vector,100,49,USA,TOP3000,1
fnd6_newqeventv110_pncpdq,vector,50,Core Pension Adjustment Diluted EPS Effect Preliminary,Vector,100,30,USA,TOP3000,1
fnd6_newqeventv110_pncpeps12,vector,50,Core Pension Adjustment 12MM Basic EPS Effect Preliminary,Vector,100,31,USA,TOP3000,1
fnd6_newqeventv110_pncpepsq,vector,50,Core Pension Adjustment Basic EPS Effect Preliminary,Vector,100,49,USA,TOP3000,1
fnd6_newqeventv110_pncpq,vector,50,Core Pension Adjustment Preliminary,Vector,100,45,USA,TOP3000,1
fnd6_newqeventv110_pncq,vector,50,Core Pension Adjustment,Vector,100,18,USA,TOP3000,1
fnd6_newqeventv110_pncwiapq,vector,50,Core Pension w/o Interest Adjustment After-tax Preliminary,Vector,100,5,USA,TOP3000,1
fnd6_newqeventv110_pncwiaq,vector,50,Core Pension w/o Interest Adjustment After-tax,Vector,100,4,USA,TOP3000,1
fnd6_newqeventv110_pncwidpq,vector,50,Core Pension w/o Interest Adjustment Diluted EPS Effect Preliminary,Vector,100,5,USA,TOP3000,1
fnd6_newqeventv110_pncwiepq,vector,50,Core Pension Without Interest Adjustment Basic EPS Effect Preliminary,Vector,100,4,USA,TOP3000,1
fnd6_newqeventv110_pncwippq,vector,50,Core Pension w/o Interest Adjustment Pretax Preliminary,Vector,100,2,USA,TOP3000,1
fnd6_newqeventv110_pncwipq,vector,50,Core Pension Without Interest Adjustment Pretax,Vector,100,3,USA,TOP3000,1
fnd6_newqeventv110_pnrshoq,vector,50,Nonred Pfd Shares Outs (000) - Quarterly,Vector,100,164,USA,TOP3000,1
fnd6_newqeventv110_ppegtq,vector,50,"Property, Plant and Equipment - Total (Gross) - Quarterly",Vector,100,43,USA,TOP3000,1
fnd6_newqeventv110_ppentq,vector,50,Property Plant and Equipment - Total (Net),Vector,100,56,USA,TOP3000,1
fnd6_newqeventv110_prcaq,vector,50,Core Post-Retirement Adjustment,Vector,100,15,USA,TOP3000,1
fnd6_newqeventv110_prcd12,vector,50,Core Post Retirement Adjustment Diluted EPS Effect 12 MM,Vector,100,6,USA,TOP3000,1
fnd6_newqeventv110_prcdq,vector,50,Core Post-Retirement Adjustment Diluted EPS Effect,Vector,100,9,USA,TOP3000,1
fnd6_newqeventv110_prce12,vector,50,Core Post Retirement Adjustment 12MM,Vector,100,29,USA,TOP3000,1
fnd6_newqeventv110_prceps12,vector,50,Core Post Retirement Adjustment Basic EPS Effect 12MM,Vector,100,8,USA,TOP3000,1
fnd6_newqeventv110_prcepsq,vector,50,Core Post-Retirement Adjustment Basic EPS Effect,Vector,100,4,USA,TOP3000,1
fnd6_newqeventv110_prcpd12,vector,50,Core Post-Retirement Adjustment 12MM Diluted EPS Effect Preliminary,Vector,100,8,USA,TOP3000,1
fnd6_newqeventv110_prcpdq,vector,50,Core Post Retirement Adjustment Diluted EPS Effect Preliminary,Vector,100,26,USA,TOP3000,1
fnd6_newqeventv110_prcpeps12,vector,50,Core Post-Retirement Adjustment 12MM Basic EPS Effect Preliminary,Vector,100,5,USA,TOP3000,1
fnd6_newqeventv110_prcpepsq,vector,50,Core Post-Retirement Adjustment Basic EPS Effect Preliminary,Vector,100,17,USA,TOP3000,1
fnd6_newqeventv110_prcpq,vector,50,Core Post-Retirement Adjustment Preliminary,Vector,100,26,USA,TOP3000,1
fnd6_newqeventv110_prcraq,vector,50,Repurchase Price - Average per share,Vector,100,1075,USA,TOP3000,1
fnd6_newqeventv110_prshoq,vector,50,Redeem Pfd Shares Outs (000),Vector,100,75,USA,TOP3000,1
fnd6_newqeventv110_pstknq,vector,50,Preferred/Preference Stock - Nonredeemable,Vector,100,1242,USA,TOP3000,1
fnd6_newqeventv110_pstkq,vector,50,Preferred/Preference Stock (Capital) - Total,Vector,100,112,USA,TOP3000,1
fnd6_newqeventv110_pstkrq,vector,50,Preferred/Preference Stock - Redeemable,Vector,100,64,USA,TOP3000,1
fnd6_newqeventv110_rcaq,vector,50,Restructuring Cost After-tax,Vector,100,7,USA,TOP3000,1
fnd6_newqeventv110_rcdq,vector,50,Restructuring Cost Diluted EPS Effect,Vector,100,5,USA,TOP3000,1
fnd6_newqeventv110_rcepsq,vector,50,Restructuring Cost Basic EPS Effect,Vector,100,7,USA,TOP3000,1
fnd6_newqeventv110_rcpq,vector,50,Restructuring Cost Pretax,Vector,100,67,USA,TOP3000,1
fnd6_newqeventv110_rdipaq,vector,50,In Process R&D Expense After-tax,Vector,100,111,USA,TOP3000,1
fnd6_newqeventv110_rdipdq,vector,50,In-Process R&D Expense Diluted EPS Effect,Vector,100,274,USA,TOP3000,1
fnd6_newqeventv110_rdipepsq,vector,50,In-Process R&D Expense Basic EPS Effect,Vector,100,377,USA,TOP3000,1
fnd6_newqeventv110_rdipq,vector,50,In Process R&D,Vector,100,301,USA,TOP3000,1
fnd6_newqeventv110_recdq,vector,50,Receivables - Estimated Doubtful,Vector,100,200,USA,TOP3000,1
fnd6_newqeventv110_rectaq,vector,50,Accum Other Comp Inc - Cumulative Translation Adjustments,Vector,100,38,USA,TOP3000,1
fnd6_newqeventv110_rectoq,vector,50,Receivables - Current Other incl. Tax Refunds,Vector,100,292,USA,TOP3000,1
fnd6_newqeventv110_rectrq,vector,50,Receivables - Trade,Vector,100,336,USA,TOP3000,1
fnd6_newqeventv110_reunaq,vector,50,Unadjusted Retained Earnings,Vector,100,31,USA,TOP3000,1
fnd6_newqeventv110_revtq,vector,50,Revenue - Total,Vector,100,314,USA,TOP3000,1
fnd6_newqeventv110_rrpq,vector,50,Reversal - Restructuring/Acquisition Pretax,Vector,100,13,USA,TOP3000,1
fnd6_newqeventv110_seqoq,vector,50,Other Stockholders' Equity Adjustments,Vector,100,127,USA,TOP3000,1
fnd6_newqeventv110_seqq,vector,50,Stockholders' Equity - Total - Quarterly,Vector,100,60,USA,TOP3000,1
fnd6_newqeventv110_seta12,vector,50,Settlement (Litigation/Insurance) After Tax - 12mm,Vector,100,25,USA,TOP3000,1
fnd6_newqeventv110_setaq,vector,50,Settlement (Litigation/Insurance) After-tax,Vector,100,9,USA,TOP3000,1
fnd6_newqeventv110_setd12,vector,50,Settlement (Litigation/Insurance) Diluted EPS Effect 12MM,Vector,100,125,USA,TOP3000,1
fnd6_newqeventv110_seteps12,vector,50,Settlement (Litigation/Insurance) Basic EPS Effect 12MM,Vector,100,164,USA,TOP3000,1
fnd6_newqeventv110_setpq,vector,50,Settlement (Litigation/Insurance) Pretax,Vector,100,32,USA,TOP3000,1
fnd6_newqeventv110_spce12,vector,50,S&P Core Earnings 12MM,Vector,100,108,USA,TOP3000,1
fnd6_newqeventv110_spcedpq,vector,50,S&P Core Earnings EPS Diluted - Preliminary,Vector,100,24,USA,TOP3000,1
fnd6_newqeventv110_spcedq,vector,50,S&P Core Earnings EPS Diluted,Vector,100,61,USA,TOP3000,1
fnd6_newqeventv110_spceeps12,vector,50,S&P Core Earnings EPS Basic 12MM,Vector,100,34,USA,TOP3000,1
fnd6_newqeventv110_spceepsp12,vector,50,S&P Core 12MM EPS - Basic - Preliminary,Vector,100,37,USA,TOP3000,1
fnd6_newqeventv110_spceepspq,vector,50,S&P Core Earnings EPS Basic - Preliminary,Vector,100,34,USA,TOP3000,1
fnd6_newqeventv110_spceepsq,vector,50,S&P Core Earnings EPS Basic,Vector,100,79,USA,TOP3000,1
fnd6_newqeventv110_spcep12,vector,50,S&P Core Earnings 12MM - Preliminary,Vector,100,235,USA,TOP3000,1
fnd6_newqeventv110_spcepd12,vector,50,S&P Core Earnings 12MM EPS Diluted - Preliminary,Vector,100,35,USA,TOP3000,1
fnd6_newqeventv110_spcepq,vector,50,S&P Core Earnings - Preliminary,Vector,100,72,USA,TOP3000,1
fnd6_newqeventv110_spceq,vector,50,S&P Core Earnings,Vector,100,86,USA,TOP3000,1
fnd6_newqeventv110_spioaq,vector,50,Other Special Items After-tax,Vector,100,232,USA,TOP3000,1
fnd6_newqeventv110_spiopq,vector,50,Other Special Items Pretax,Vector,100,15,USA,TOP3000,1
fnd6_newqeventv110_spiq,vector,50,Special Items,Vector,100,37,USA,TOP3000,1
fnd6_newqeventv110_stkcoq,vector,50,Stock Compensation Expense,Vector,100,465,USA,TOP3000,1
fnd6_newqeventv110_stkcpaq,vector,50,After-tax stock compensation,Vector,100,137,USA,TOP3000,1
fnd6_newqeventv110_teqq,vector,50,Stockholders' Equity - Total - Quarterly,Vector,100,131,USA,TOP3000,1
fnd6_newqeventv110_tfvaq,vector,50,Total Fair Value Assets,Vector,100,38,USA,TOP3000,1
fnd6_newqeventv110_tfvceq,vector,50,Total Fair Value Changes including Earnings,Vector,100,4,USA,TOP3000,1
fnd6_newqeventv110_tfvlq,vector,50,Total Fair Value Liabilities,Vector,100,69,USA,TOP3000,1
fnd6_newqeventv110_tstknq,vector,50,Treasury Stock - Number of Common Shares,Vector,100,110,USA,TOP3000,1
fnd6_newqeventv110_tstkq,vector,50,Treasury Stock - Total (All Capital),Vector,100,1690,USA,TOP3000,1
fnd6_newqeventv110_txdbaq,vector,50,Deferred Tax Asset - Long Term,Vector,100,16,USA,TOP3000,1
fnd6_newqeventv110_txdbq,vector,50,Deferred Taxes - Balance Sheet,Vector,100,17,USA,TOP3000,1
fnd6_newqeventv110_txdiq,vector,50,Income Taxes - Deferred,Vector,100,13,USA,TOP3000,1
fnd6_newqeventv110_txditcq,vector,50,Deferred Taxes and Investment Tax Credit,Vector,100,23,USA,TOP3000,1
fnd6_newqeventv110_txpq,vector,50,Income Taxes Payable,Vector,100,31,USA,TOP3000,1
fnd6_newqeventv110_txtq,vector,50,Income Taxes - Total,Vector,100,24,USA,TOP3000,1
fnd6_newqeventv110_txwq,vector,50,Excise Taxes,Vector,100,35,USA,TOP3000,1
fnd6_newqeventv110_wcapq,vector,50,Working Capital (Balance Sheet),Vector,100,61,USA,TOP3000,1
fnd6_newqeventv110_wdaq,vector,50,Writedowns After-tax,Vector,100,39,USA,TOP3000,1
fnd6_newqeventv110_wdpq,vector,50,Writedowns Pretax,Vector,100,739,USA,TOP3000,1
fnd6_newqeventv110_xidoq,vector,50,Extraordinary Items and Discontinued Operations,Vector,100,300,USA,TOP3000,1
fnd6_newqeventv110_xintq,vector,50,Interest and Related Expense - Total,Vector,100,87,USA,TOP3000,1
fnd6_newqeventv110_xiq,vector,50,Extraordinary Items,Vector,100,29,USA,TOP3000,1
fnd6_newqeventv110_xoprq,vector,50,Operating Expense - Total,Vector,100,48,USA,TOP3000,1
fnd6_newqeventv110_xopt12,vector,50,Implied Option Expense - 12mm,Vector,100,32,USA,TOP3000,1
fnd6_newqeventv110_xoptd12,vector,50,Implied Option EPS Diluted 12MM,Vector,100,44,USA,TOP3000,1
fnd6_newqeventv110_xoptd12p,vector,50,Implied Option 12MM EPS Diluted Preliminary,Vector,100,46,USA,TOP3000,1
fnd6_newqeventv110_xoptdq,vector,50,Implied Option EPS Diluted,Vector,100,45,USA,TOP3000,1
fnd6_newqeventv110_xoptdqp,vector,50,Implied Option EPS Diluted Preliminary,Vector,100,52,USA,TOP3000,1
fnd6_newqeventv110_xopteps12,vector,50,Implied Option EPS Basic 12MM,Vector,100,41,USA,TOP3000,1
fnd6_newqeventv110_xoptepsp12,vector,50,Implied Option 12MM EPS Basic Preliminary,Vector,100,37,USA,TOP3000,1
fnd6_newqeventv110_xoptepsq,vector,50,Implied Option EPS Basic,Vector,100,51,USA,TOP3000,1
fnd6_newqeventv110_xoptepsqp,vector,50,Implied Option EPS Basic Preliminary,Vector,100,41,USA,TOP3000,1
fnd6_newqeventv110_xoptq,vector,50,Implied Option Expense,Vector,100,59,USA,TOP3000,1
fnd6_newqeventv110_xoptqp,vector,50,Implied Option Expense Preliminary,Vector,100,25,USA,TOP3000,1
fnd6_newqeventv110_xrdq,vector,50,Research and Development Expense,Vector,100,411,USA,TOP3000,1
fnd6_newqeventv110_xsgaq,vector,50,"Selling, General and Administrative Expenses",Vector,100,37,USA,TOP3000,1
fnd6_newqv1300_acomincq,matrix,50,Accumulated Other Comprehensive Income (Loss),Matrix,100,1365,USA,TOP3000,1
fnd6_newqv1300_acoq,matrix,50,Current Assets - Other - Total,Matrix,100,381,USA,TOP3000,1
fnd6_newqv1300_altoq,matrix,50,Other Long-term Assets,Matrix,100,459,USA,TOP3000,1
fnd6_newqv1300_ancq,matrix,50,Non-Current Assets - Total,Matrix,100,1642,USA,TOP3000,1
fnd6_newqv1300_anoq,matrix,50,Assets Netting & Other Adjustments,Matrix,100,230,USA,TOP3000,1
fnd6_newqv1300_aociderglq,matrix,50,Accum Other Comp Inc - Derivatives Unrealized Gain/Loss,Matrix,100,351,USA,TOP3000,1
fnd6_newqv1300_aociotherq,matrix,50,Accumulated Other Comprehensive Income - Other Adjustments,Matrix,100,625,USA,TOP3000,1
fnd6_newqv1300_aocipenq,matrix,50,Accum Other Comp Inc - Min Pension Liab Adj,Matrix,100,283,USA,TOP3000,1
fnd6_newqv1300_aocisecglq,matrix,50,Accum Other Comp Inc - Unreal G/L Ret Int in Sec Assets,Matrix,100,714,USA,TOP3000,1
fnd6_newqv1300_aol2q,matrix,50,Assets Level 2 (Observable),Matrix,100,283,USA,TOP3000,1
fnd6_newqv1300_aoq,matrix,50,Assets - Other - Total,Matrix,100,635,USA,TOP3000,1
fnd6_newqv1300_aqpl1q,matrix,50,Assets Level 1 (Quoted Prices),Matrix,100,314,USA,TOP3000,1
fnd6_newqv1300_aul3q,matrix,50,Assets Level 3 (Unobservable),Matrix,100,203,USA,TOP3000,1
fnd6_newqv1300_capsq,matrix,50,Capital Surplus/Share Premium Reserve,Matrix,100,900,USA,TOP3000,1
fnd6_newqv1300_chq,matrix,50,Cash,Matrix,100,358,USA,TOP3000,1
fnd6_newqv1300_cibegniq,matrix,50,Comp Inc - Beginning Net Income,Matrix,100,379,USA,TOP3000,1
fnd6_newqv1300_cicurrq,matrix,50,Comp Inc - Currency Trans Adj,Matrix,100,256,USA,TOP3000,1
fnd6_newqv1300_ciderglq,matrix,50,Comp Inc - Derivative Gains/Losses,Matrix,100,205,USA,TOP3000,1
fnd6_newqv1300_cimiiq,matrix,50,Comprehensive Income - Noncontrolling Interest,Matrix,100,142,USA,TOP3000,1
fnd6_newqv1300_ciotherq,matrix,50,Comp Inc - Other Adj,Matrix,100,745,USA,TOP3000,1
fnd6_newqv1300_cipenq,matrix,50,Comp Inc - Minimum Pension Adj,Matrix,100,509,USA,TOP3000,1
fnd6_newqv1300_ciq,matrix,50,Comprehensive Income - Total,Matrix,100,469,USA,TOP3000,1
fnd6_newqv1300_cisecglq,matrix,50,Comp Inc - Securities Gains/Losses,Matrix,100,214,USA,TOP3000,1
fnd6_newqv1300_citotalq,matrix,50,Comprehensive Income - Parent,Matrix,100,375,USA,TOP3000,1
fnd6_newqv1300_cogsq,matrix,50,Cost of Goods Sold,Matrix,100,441,USA,TOP3000,1
fnd6_newqv1300_csh12q,matrix,50,Common Shares Used to Calculate Earnings Per Share - 12 Months Moving,Matrix,100,490,USA,TOP3000,1
fnd6_newqv1300_cshfdq,matrix,50,Common Shares for Diluted EPS,Matrix,100,694,USA,TOP3000,1
fnd6_newqv1300_cshiq,matrix,50,Common Shares Issued,Matrix,100,520,USA,TOP3000,1
fnd6_newqv1300_cshopq,matrix,50,Total Shares Repurchased - Quarter,Matrix,100,128,USA,TOP3000,1
fnd6_newqv1300_cshoq,matrix,50,Common Shares Outstanding,Matrix,100,294,USA,TOP3000,1
fnd6_newqv1300_cshprq,matrix,50,Common Shares Used to Calculate Earnings Per Share - Basic,Matrix,100,589,USA,TOP3000,1
fnd6_newqv1300_cstkq,matrix,50,Common/Ordinary Stock (Capital),Matrix,100,477,USA,TOP3000,1
fnd6_newqv1300_dcomq,matrix,50,Deferred Compensation,Matrix,100,771,USA,TOP3000,1
fnd6_newqv1300_dilavq,matrix,50,Dilution Available - Excluding Extraordinary Items,Matrix,100,671,USA,TOP3000,1
fnd6_newqv1300_dlcq,matrix,50,Debt in Current Liabilities,Matrix,100,497,USA,TOP3000,1
fnd6_newqv1300_dpactq,matrix,50,"Depreciation, Depletion and Amortization (Accumulated)",Matrix,100,263,USA,TOP3000,1
fnd6_newqv1300_drcq,matrix,50,Deferred Revenue - Current,Matrix,100,1392,USA,TOP3000,1
fnd6_newqv1300_drltq,matrix,50,Deferred Revenue - Long-term,Matrix,100,5255,USA,TOP3000,1
fnd6_newqv1300_epsfiq,matrix,50,Earnings Per Share (Diluted) - Including Extraordinary Items,Matrix,100,654,USA,TOP3000,1
fnd6_newqv1300_epspiq,matrix,50,Earnings Per Share (Basic) - Including Extraordinary Items,Matrix,100,428,USA,TOP3000,1
fnd6_newqv1300_epspxq,matrix,50,Earnings Per Share (Basic) - Excluding Extraordinary Items,Matrix,100,500,USA,TOP3000,1
fnd6_newqv1300_esopnrq,matrix,50,Preferred ESOP Obligation - Non-Redeemable,Matrix,100,977,USA,TOP3000,1
fnd6_newqv1300_esoprq,matrix,50,Preferred ESOP Obligation - Redeemable,Matrix,100,1112,USA,TOP3000,1
fnd6_newqv1300_fcaq,matrix,50,Foreign Exchange Income (Loss),Matrix,100,67,USA,TOP3000,1
fnd6_newqv1300_gdwlq,matrix,50,Goodwill (net),Matrix,100,523,USA,TOP3000,1
fnd6_newqv1300_glcea12,matrix,50,Gain/Loss on Sale (Core Earnings Adjusted) After-tax 12MM,Matrix,100,46,USA,TOP3000,1
fnd6_newqv1300_glced12,matrix,50,Gain/Loss on Sale (Core Earnings Adjusted) Diluted EPS Effect 12MM,Matrix,100,20,USA,TOP3000,1
fnd6_newqv1300_glceeps12,matrix,50,Gain/Loss on Sale (Core Earnings Adjusted) Basic EPS Effect 12MM,Matrix,100,34,USA,TOP3000,1
fnd6_newqv1300_ibadj12,matrix,50,Income Before Extra Items - Adj for Common Stock Equivalents - 12MM,Matrix,100,647,USA,TOP3000,1
fnd6_newqv1300_ibadjq,matrix,50,Income Before Extraordinary Items - Adjusted for Common Stock Equivalents,Matrix,100,368,USA,TOP3000,1
fnd6_newqv1300_ibcomq,matrix,50,Income Before Extraordinary Items - Available for Common,Matrix,100,308,USA,TOP3000,1
fnd6_newqv1300_ibmiiq,matrix,50,Income before Extraordinary Items and Noncontrolling Interests,Matrix,100,654,USA,TOP3000,1
fnd6_newqv1300_ibq,matrix,50,Income Before Extraordinary Items,Matrix,100,429,USA,TOP3000,1
fnd6_newqv1300_icaptq,matrix,50,Invested Capital - Total - Quarterly,Matrix,100,681,USA,TOP3000,1
fnd6_newqv1300_intanoq,matrix,50,Other Intangibles,Matrix,100,1019,USA,TOP3000,1
fnd6_newqv1300_intanq,matrix,50,Intangible Assets - Total,Matrix,100,562,USA,TOP3000,1
fnd6_newqv1300_invfgq,matrix,50,Inventory - Finished Goods,Matrix,100,360,USA,TOP3000,1
fnd6_newqv1300_invoq,matrix,50,Inventory - Other,Matrix,100,364,USA,TOP3000,1
fnd6_newqv1300_invrmq,matrix,50,Inventory - Raw Materials,Matrix,100,263,USA,TOP3000,1
fnd6_newqv1300_invtq,matrix,50,Inventories - Total,Matrix,100,502,USA,TOP3000,1
fnd6_newqv1300_invwipq,matrix,50,Inventory - Work in Process,Matrix,100,358,USA,TOP3000,1
fnd6_newqv1300_ivltq,matrix,50,Total Long-term Investments,Matrix,100,499,USA,TOP3000,1
fnd6_newqv1300_ivstq,matrix,50,Short-Term Investments - Total,Matrix,100,109,USA,TOP3000,1
fnd6_newqv1300_lcoq,matrix,50,Current Liabilities - Other - Total,Matrix,100,1639,USA,TOP3000,1
fnd6_newqv1300_lltq,matrix,50,Long-Term Liabilities (Total),Matrix,100,2627,USA,TOP3000,1
fnd6_newqv1300_lnoq,matrix,50,Liabilities Netting & Other Adjustments,Matrix,100,102,USA,TOP3000,1
fnd6_newqv1300_lol2q,matrix,50,Liabilities Level 2 (Observable),Matrix,100,159,USA,TOP3000,1
fnd6_newqv1300_loq,matrix,50,Liabilities - Other,Matrix,100,281,USA,TOP3000,1
fnd6_newqv1300_loxdrq,matrix,50,Liabilities - Other - Excluding Deferred Revenue,Matrix,100,432,USA,TOP3000,1
fnd6_newqv1300_lqpl1q,matrix,50,Liabilities Level 1 (Quoted Prices),Matrix,100,388,USA,TOP3000,1
fnd6_newqv1300_lseq,matrix,50,Liabilities and Stockholders' Equity - Total,Matrix,100,565,USA,TOP3000,1
fnd6_newqv1300_ltmibq,matrix,50,Liabilities - Total and Noncontrolling Interest,Matrix,100,463,USA,TOP3000,1
fnd6_newqv1300_lul3q,matrix,50,Liabilities Level 3 (Unobservable),Matrix,100,471,USA,TOP3000,1
fnd6_newqv1300_mibnq,matrix,50,Non-Redeemable Noncontrolling Interest (Balance Sheet) - Quarterly,Matrix,100,160,USA,TOP3000,1
fnd6_newqv1300_mibtq,matrix,50,Noncontrolling Interests - Total - Balance Sheet - Quarterly,Matrix,100,134,USA,TOP3000,1
fnd6_newqv1300_miiq,matrix,50,Noncontrolling Interest - Income Account,Matrix,100,469,USA,TOP3000,1
fnd6_newqv1300_msaq,matrix,50,Accumulated Other Comprehensive Income - Marketable Security Adjustments,Matrix,100,384,USA,TOP3000,1
fnd6_newqv1300_oepf12,matrix,50,Earnings Per Share - Diluted - from Operations - 12MM,Matrix,100,926,USA,TOP3000,1
fnd6_newqv1300_oepsxq,matrix,50,Earnings Per Share - Diluted - from Operations,Matrix,100,539,USA,TOP3000,1
fnd6_newqv1300_optfvgrq,matrix,50,Options - Fair Value of Options Granted,Matrix,100,737,USA,TOP3000,1
fnd6_newqv1300_optrfrq,matrix,50,Risk-Free Rate - Assumption (%),Matrix,100,169,USA,TOP3000,1
fnd6_newqv1300_piq,matrix,50,Pretax Income,Matrix,100,504,USA,TOP3000,1
fnd6_newqv1300_pncq,matrix,50,Core Pension Adjustment,Matrix,100,14,USA,TOP3000,1
fnd6_newqv1300_ppegtq,matrix,50,"Property, Plant and Equipment - Total (Gross) - Quarterly",Matrix,100,375,USA,TOP3000,1
fnd6_newqv1300_ppentq,matrix,50,Property Plant and Equipment - Total (Net),Matrix,100,617,USA,TOP3000,1
fnd6_newqv1300_prcaq,matrix,50,Core Post Retirement Adjustment,Matrix,100,9,USA,TOP3000,1
fnd6_newqv1300_prcdq,matrix,50,Core Post Retirement Adjustment Diluted EPS Effect,Matrix,100,18,USA,TOP3000,1
fnd6_newqv1300_prcepsq,matrix,50,Core Post Retirement Adjustment Basic EPS Effect,Matrix,100,14,USA,TOP3000,1
fnd6_newqv1300_prcraq,matrix,50,Repurchase Price - Average per share,Matrix,100,242,USA,TOP3000,1
fnd6_newqv1300_rcpq,matrix,50,Restructuring Cost Pretax,Matrix,100,134,USA,TOP3000,1
fnd6_newqv1300_rdipaq,matrix,50,In Process R&D Expense After-tax,Matrix,100,155,USA,TOP3000,1
fnd6_newqv1300_rdipdq,matrix,50,In Process R&D Expense Diluted EPS Effect,Matrix,100,313,USA,TOP3000,1
fnd6_newqv1300_rdipepsq,matrix,50,In-Process R&D Expense Basic EPS Effect,Matrix,100,125,USA,TOP3000,1
fnd6_newqv1300_rdipq,matrix,50,In Process R&D,Matrix,100,2422,USA,TOP3000,1
fnd6_newqv1300_recdq,matrix,50,Receivables - Estimated Doubtful,Matrix,100,946,USA,TOP3000,1
fnd6_newqv1300_rectaq,matrix,50,Accum Other Comp Inc - Cumulative Translation Adjustments,Matrix,100,558,USA,TOP3000,1
fnd6_newqv1300_rectoq,matrix,50,Receivables - Current Other incl Tax Refunds,Matrix,100,346,USA,TOP3000,1
fnd6_newqv1300_rectrq,matrix,50,Receivables - Trade,Matrix,100,380,USA,TOP3000,1
fnd6_newqv1300_reunaq,matrix,50,Unadjusted Retained Earnings,Matrix,100,904,USA,TOP3000,1
fnd6_newqv1300_revtq,matrix,50,Revenue - Total,Matrix,100,447,USA,TOP3000,1
fnd6_newqv1300_seqoq,matrix,50,Other Stockholders' Equity Adjustments,Matrix,100,2304,USA,TOP3000,1
fnd6_newqv1300_seqq,matrix,50,Stockholders' Equity - Total - Quarterly,Matrix,100,691,USA,TOP3000,1
fnd6_newqv1300_spcedpq,matrix,50,S&P Core Earnings EPS Diluted - Preliminary,Matrix,100,272,USA,TOP3000,1
fnd6_newqv1300_spcedq,matrix,50,S&P Core Earnings EPS Diluted,Matrix,100,21,USA,TOP3000,1
fnd6_newqv1300_spceepsp12,matrix,50,S&P Core 12MM EPS - Basic - Preliminary,Matrix,100,7,USA,TOP3000,1
fnd6_newqv1300_spceepspq,matrix,50,S&P Core Earnings EPS Basic - Preliminary,Matrix,100,118,USA,TOP3000,1
fnd6_newqv1300_spceepsq,matrix,50,S&P Core Earnings EPS Basic,Matrix,100,9,USA,TOP3000,1
fnd6_newqv1300_spcep12,matrix,50,S&P Core Earnings 12MM - Preliminary,Matrix,100,9,USA,TOP3000,1
fnd6_newqv1300_spcepd12,matrix,50,S&P Core Earnings 12MM EPS Diluted - Preliminary,Matrix,100,23,USA,TOP3000,1
fnd6_newqv1300_spcepq,matrix,50,S&P Core Earnings - Preliminary,Matrix,100,246,USA,TOP3000,1
fnd6_newqv1300_spceq,matrix,50,S&P Core Earnings,Matrix,100,9,USA,TOP3000,1
fnd6_newqv1300_spiq,matrix,50,Special Items,Matrix,100,154,USA,TOP3000,1
fnd6_newqv1300_stkcoq,matrix,50,Stock Compensation Expense,Matrix,100,585,USA,TOP3000,1
fnd6_newqv1300_stkcpaq,matrix,50,After-tax stock compensation,Matrix,100,224,USA,TOP3000,1
fnd6_newqv1300_teqq,matrix,50,Stockholders' Equity - Total - Quarterly,Matrix,100,1037,USA,TOP3000,1
fnd6_newqv1300_tfvaq,matrix,50,Total Fair Value Assets,Matrix,100,208,USA,TOP3000,1
fnd6_newqv1300_tfvceq,matrix,50,Total Fair Value Changes including Earnings,Matrix,100,83,USA,TOP3000,1
fnd6_newqv1300_tfvlq,matrix,50,Total Fair Value Liabilities,Matrix,100,189,USA,TOP3000,1
fnd6_newqv1300_tstknq,matrix,50,Treasury Stock - Number of Common Shares,Matrix,100,392,USA,TOP3000,1
fnd6_newqv1300_tstkq,matrix,50,Treasury Stock - Total (All Capital),Matrix,100,176,USA,TOP3000,1
fnd6_newqv1300_txdbaq,matrix,50,Deferred Tax Asset - Long Term,Matrix,100,349,USA,TOP3000,1
fnd6_newqv1300_txdbq,matrix,50,Deferred Taxes - Balance Sheet,Matrix,100,111,USA,TOP3000,1
fnd6_newqv1300_txdiq,matrix,50,Income Taxes - Deferred,Matrix,100,177,USA,TOP3000,1
fnd6_newqv1300_txditcq,matrix,50,Deferred Taxes and Investment Tax Credit,Matrix,100,523,USA,TOP3000,1
fnd6_newqv1300_txpq,matrix,50,Income Taxes Payable,Matrix,100,421,USA,TOP3000,1
fnd6_newqv1300_txtq,matrix,50,Income Taxes - Total,Matrix,100,538,USA,TOP3000,1
fnd6_newqv1300_txwq,matrix,50,Excise Taxes,Matrix,100,862,USA,TOP3000,1
fnd6_newqv1300_wcapq,matrix,50,Working Capital (Balance Sheet),Matrix,100,237,USA,TOP3000,1
fnd6_newqv1300_xintq,matrix,50,Interest and Related Expense - Total,Matrix,100,473,USA,TOP3000,1
fnd6_newqv1300_xoprq,matrix,50,Operating Expense - Total,Matrix,100,1005,USA,TOP3000,1
fnd6_newqv1300_xoptdq,matrix,50,Implied Option EPS Diluted,Matrix,100,7,USA,TOP3000,1
fnd6_newqv1300_xoptepsq,matrix,50,Implied Option EPS Basic,Matrix,100,20,USA,TOP3000,1
fnd6_newqv1300_xoptq,matrix,50,Implied Option Expense,Matrix,100,99,USA,TOP3000,1
fnd6_newqv1300_xrdq,matrix,50,Research and Development Expense,Matrix,100,680,USA,TOP3000,1
fnd6_newqv1300_xsgaq,matrix,50,"Selling, General and Administrative Expenses",Matrix,100,830,USA,TOP3000,1
fnd6_niadj,matrix,50,Net Income Adjusted for Common/Ordinary Stock (Capital) Equivalents,Matrix,100,1629,USA,TOP3000,1
fnd6_nis,vector,50,Net Income (Loss),Vector,100,33,USA,TOP3000,1
fnd6_nopio,matrix,50,Nonoperating Income (Expense) - Other,Matrix,100,577,USA,TOP3000,1
fnd6_nopxs,vector,50,Nonoperating Income (Expense) - excluding Interest,Vector,100,35,USA,TOP3000,1
fnd6_np,matrix,50,Notes Payable - Short-Term Borrowings,Matrix,100,307,USA,TOP3000,1
fnd6_npq,matrix,50,Notes Payable,Matrix,100,411,USA,TOP3000,1
fnd6_nxints,vector,50,Net Interest Income (Expense),Vector,100,36,USA,TOP3000,1
fnd6_obs,vector,50,Order Backlog,Vector,100,27,USA,TOP3000,1
fnd6_ocaxs,vector,50,Other Costs and Expenses,Vector,100,10,USA,TOP3000,1
fnd6_oelim,vector,50,Other Eliminations (Income),Vector,100,74,USA,TOP3000,1
fnd6_oiadps,vector,50,Operating Income after Depreciation,Vector,100,223,USA,TOP3000,1
fnd6_oibdps,vector,50,Operating Income before Depreciation,Vector,100,41,USA,TOP3000,1
fnd6_oprepsx,matrix,50,Earnings Per Share - Diluted - from Operations,Matrix,100,969,USA,TOP3000,1
fnd6_ops,vector,50,Operating Profit (Loss),Vector,100,54,USA,TOP3000,1
fnd6_optca,matrix,50,Options - Cancelled (-),Matrix,100,1744,USA,TOP3000,1
fnd6_optdr,matrix,50,Dividend Rate - Assumption (%),Matrix,100,1173,USA,TOP3000,1
fnd6_optdrq,matrix,50,Dividend Rate - Assumption (%),Matrix,100,162,USA,TOP3000,1
fnd6_optex,matrix,50,Options Exercisable (000),Matrix,100,1163,USA,TOP3000,1
fnd6_optfvgr,matrix,50,Options - Fair Value of Options Granted,Matrix,100,641,USA,TOP3000,1
fnd6_optgr,matrix,50,Options - Granted,Matrix,100,663,USA,TOP3000,1
fnd6_optlife,matrix,50,Life of Options - Assumption (# yrs),Matrix,100,786,USA,TOP3000,1
fnd6_optlifeq,matrix,50,Life of Options - Assumption (# yrs),Matrix,100,221,USA,TOP3000,1
fnd6_optosby,matrix,50,Options Outstanding - Beginning of Year,Matrix,100,789,USA,TOP3000,1
fnd6_optosey,matrix,50,Options Outstanding - End of Year,Matrix,100,775,USA,TOP3000,1
fnd6_optprcby,matrix,50,Options Outstanding Beginning of Year - Price,Matrix,100,671,USA,TOP3000,1
fnd6_optprcca,matrix,50,Options Cancelled - Price,Matrix,100,562,USA,TOP3000,1
fnd6_optprcex,matrix,50,Options Exercised - Price,Matrix,100,642,USA,TOP3000,1
fnd6_optprcey,matrix,50,Options Outstanding End of Year - Price,Matrix,100,553,USA,TOP3000,1
fnd6_optprcgr,matrix,50,Options Granted - Price,Matrix,100,629,USA,TOP3000,1
fnd6_optprcwa,matrix,50,Options Exercisable - Weighted Avg Price,Matrix,100,620,USA,TOP3000,1
fnd6_optrfr,matrix,50,Risk-Free Rate - Assumption (%),Matrix,100,766,USA,TOP3000,1
fnd6_optvol,matrix,50,Volatility - Assumption (%),Matrix,100,764,USA,TOP3000,1
fnd6_optvolq,matrix,50,Volatility - Assumption (%),Matrix,100,238,USA,TOP3000,1
fnd6_pidom,matrix,50,Pretax Income - Domestic,Matrix,100,328,USA,TOP3000,1
fnd6_pifo,matrix,50,Pretax Income - Foreign,Matrix,100,2496,USA,TOP3000,1
fnd6_pncdq,matrix,50,Core Pension Adjustment Diluted EPS Effect,Matrix,100,23,USA,TOP3000,1
fnd6_pncepsq,matrix,50,Core Pension Adjustment Basic EPS Effect,Matrix,100,37,USA,TOP3000,1
fnd6_pnrsho,matrix,50,Nonred Pfd Shares Outs (000),Matrix,100,784,USA,TOP3000,1
fnd6_ppents,vector,50,"Property, Plant & Equipment",Vector,100,2408,USA,TOP3000,1
fnd6_ppeveb,matrix,50,"Property, Plant, and Equipment - Ending Balance (Schedule V)",Matrix,100,526,USA,TOP3000,1
fnd6_prcc,matrix,50,Price Close - Annual,Matrix,100,869,USA,TOP3000,1
fnd6_prccq,matrix,50,Price Close - Quarter,Matrix,100,628,USA,TOP3000,1
fnd6_prch,matrix,50,Price High - Annual,Matrix,100,444,USA,TOP3000,1
fnd6_prchq,matrix,50,Price High - Quarter,Matrix,100,522,USA,TOP3000,1
fnd6_prcl,matrix,50,Price Low - Annual,Matrix,100,823,USA,TOP3000,1
fnd6_prclq,matrix,50,Price Low - Quarter,Matrix,100,622,USA,TOP3000,1
fnd6_prstkc,matrix,50,Purchase of Common and Preferred Stock,Matrix,100,411,USA,TOP3000,1
fnd6_pstkc,matrix,50,Preferred Stock - Convertible,Matrix,100,597,USA,TOP3000,1
fnd6_pstkl,matrix,50,Preferred Stock - Liquidating Value,Matrix,100,233,USA,TOP3000,1
fnd6_pstkrv,matrix,50,Preferred Stock - Redemption Value,Matrix,100,327,USA,TOP3000,1
fnd6_ptis,vector,50,Pretax Income,Vector,100,69,USA,TOP3000,1
fnd6_rank,matrix,50,SP rank with the following meaning: // 0----invalid rank //1----A+//2----A//3----A-//4----B+//5----B//6----B-//7----C+//8----C//9----C-,Matrix,100,438,USA,TOP3000,1
fnd6_ranks,vector,50,Ranking,Vector,100,1529,USA,TOP3000,1
fnd6_rds,vector,50,Research and Development,Vector,100,53,USA,TOP3000,1
fnd6_rea,matrix,50,Retained Earnings - Restatement,Matrix,100,5249,USA,TOP3000,1
fnd6_reajo,matrix,50,Retained Earnings - Other Adjustments,Matrix,100,660,USA,TOP3000,1
fnd6_recco,matrix,50,Receivables - Current - Other,Matrix,100,826,USA,TOP3000,1
fnd6_recd,matrix,50,Receivables - Estimated Doubtful,Matrix,100,5286,USA,TOP3000,1
fnd6_recta,matrix,50,Retained Earnings - Cumulative Translation Adjustment,Matrix,100,1018,USA,TOP3000,1
fnd6_rectr,matrix,50,Receivables - Trade,Matrix,100,773,USA,TOP3000,1
fnd6_revts,vector,50,Total Revenues,Vector,100,100,USA,TOP3000,1
fnd6_sales,vector,50,Net Sales,Vector,100,134,USA,TOP3000,1
fnd6_salexg,vector,50,Export Sales,Vector,100,7,USA,TOP3000,1
fnd6_sics,vector,50,SIC Code,Vector,100,347,USA,TOP3000,1
fnd6_siv,matrix,50,Sale of Investments,Matrix,100,421,USA,TOP3000,1
fnd6_snms,vector,50,Segment Name,Vector,100,130,USA,TOP3000,1
fnd6_spce,matrix,50,S&P Core Earnings,Matrix,100,133,USA,TOP3000,1
fnd6_spis,vector,50,Special Items,Vector,100,92,USA,TOP3000,1
fnd6_sppe,matrix,50,Sale of Property,Matrix,100,370,USA,TOP3000,1
fnd6_sppiv,matrix,50,"Sale of Property, Plant and Equipment and Investments - Gain (Loss)",Matrix,100,445,USA,TOP3000,1
fnd6_sstk,matrix,50,Sale of Common and Preferred Stock,Matrix,100,1205,USA,TOP3000,1
fnd6_state,matrix,50,integer for identifying the state of the company,Matrix,100,1840,USA,TOP3000,1
fnd6_stkcpa,matrix,50,After-tax stock compensation,Matrix,100,360,USA,TOP3000,1
fnd6_stype,vector,50,Segment Type,Vector,100,1362,USA,TOP3000,1
fnd6_teq,matrix,50,Stockholders' Equity - Total,Matrix,100,1869,USA,TOP3000,1
fnd6_tfva,matrix,50,Total Fair Value Assets,Matrix,100,350,USA,TOP3000,1
fnd6_tfvce,matrix,50,Total Fair Value Changes including Earnings,Matrix,100,79,USA,TOP3000,1
fnd6_tfvl,matrix,50,Total Fair Value Liabilities,Matrix,100,284,USA,TOP3000,1
fnd6_tlcf,matrix,50,Tax Loss Carry Forward,Matrix,100,389,USA,TOP3000,1
fnd6_tstkc,matrix,50,Treasury Stock - Common,Matrix,100,528,USA,TOP3000,1
fnd6_txbco,matrix,50,Excess Tax Benefit Stock Options - Cash Flow Operating,Matrix,100,1622,USA,TOP3000,1
fnd6_txbcof,matrix,50,Excess Tax Benefit of Stock Options - Cash Flow Financing,Matrix,100,807,USA,TOP3000,1
fnd6_txc,matrix,50,Income Taxes - Current,Matrix,100,499,USA,TOP3000,1
fnd6_txdba,matrix,50,Deferred Tax Asset - Long Term,Matrix,100,379,USA,TOP3000,1
fnd6_txdbca,matrix,50,Deferred Tax Asset - Current,Matrix,100,608,USA,TOP3000,1
fnd6_txdbcl,matrix,50,Deferred Tax Liability - Current,Matrix,100,134,USA,TOP3000,1
fnd6_txdbclq,matrix,50,Current Deferred Tax Liability,Matrix,100,3902,USA,TOP3000,1
fnd6_txdc,matrix,50,Deferred Taxes (Cash Flow),Matrix,100,540,USA,TOP3000,1
fnd6_txdfed,matrix,50,Deferred Taxes - Federal,Matrix,100,427,USA,TOP3000,1
fnd6_txdfo,matrix,50,Deferred Taxes - Foreign,Matrix,100,305,USA,TOP3000,1
fnd6_txdi,matrix,50,Income Taxes - Deferred,Matrix,100,450,USA,TOP3000,1
fnd6_txds,matrix,50,Deferred Taxes - State,Matrix,100,264,USA,TOP3000,1
fnd6_txfed,matrix,50,Income Taxes - Federal,Matrix,100,298,USA,TOP3000,1
fnd6_txfo,matrix,50,Income Taxes - Foreign,Matrix,100,1330,USA,TOP3000,1
fnd6_txndb,matrix,50,Net Deferred Tax Asset (Liab) - Total,Matrix,100,340,USA,TOP3000,1
fnd6_txndba,matrix,50,Net Deferred Tax Asset,Matrix,100,403,USA,TOP3000,1
fnd6_txndbl,matrix,50,Net Deferred Tax Liability,Matrix,100,468,USA,TOP3000,1
fnd6_txndbr,matrix,50,Deferred Tax Residual,Matrix,100,1167,USA,TOP3000,1
fnd6_txo,matrix,50,Income Taxes - Other,Matrix,100,1947,USA,TOP3000,1
fnd6_txpd,matrix,50,Income Taxes Paid,Matrix,100,664,USA,TOP3000,1
fnd6_txr,matrix,50,Income Tax Refund,Matrix,100,548,USA,TOP3000,1
fnd6_txs,matrix,50,Income Taxes - State,Matrix,100,322,USA,TOP3000,1
fnd6_txts,vector,50,Income Taxes,Vector,100,139,USA,TOP3000,1
fnd6_txtubadjust,matrix,50,Other Unrecognized Tax Benefit Adjustment,Matrix,100,354,USA,TOP3000,1
fnd6_txtubbegin,matrix,50,Unrecog. Tax Benefits - Beg of Year,Matrix,100,497,USA,TOP3000,1
fnd6_txtubend,matrix,50,Unrecog. Tax Benefits - End of Year,Matrix,100,603,USA,TOP3000,1
fnd6_txtubposdec,matrix,50,Decrease - Current Tax Positions,Matrix,100,781,USA,TOP3000,1
fnd6_txtubposinc,matrix,50,Increase - Current Tax Positions,Matrix,100,327,USA,TOP3000,1
fnd6_txtubpospdec,matrix,50,Decrease - Prior Tax Positions,Matrix,100,491,USA,TOP3000,1
fnd6_txtubpospinc,matrix,50,Increase - Prior Tax Positions,Matrix,100,234,USA,TOP3000,1
fnd6_txtubsettle,matrix,50,Settlements with Tax Authorities,Matrix,100,400,USA,TOP3000,1
fnd6_txtubsoflimit,matrix,50,Lapse of Statute of Limitations,Matrix,100,563,USA,TOP3000,1
fnd6_txtubtxtr,matrix,50,Impact on Effective Tax Rate,Matrix,100,284,USA,TOP3000,1
fnd6_txtubxintbs,matrix,50,Interest & Penalties Accrued - B/S,Matrix,100,232,USA,TOP3000,1
fnd6_txtubxintis,matrix,50,Interest & Penalties Recognized - I/S,Matrix,100,149,USA,TOP3000,1
fnd6_txw,matrix,50,Excise Taxes,Matrix,100,949,USA,TOP3000,1
fnd6_txws,vector,50,Excise Taxes,Vector,100,157,USA,TOP3000,1
fnd6_weburl,matrix,50,WEB URL code for the company,Matrix,100,2103,USA,TOP3000,1
fnd6_xacc,matrix,50,Accrued Expenses,Matrix,100,1247,USA,TOP3000,1
fnd6_xaccq,matrix,50,Accrued Expenses,Matrix,100,704,USA,TOP3000,1
fnd6_xad,matrix,50,Advertising Expense,Matrix,100,1063,USA,TOP3000,1
fnd6_xidos,vector,50,Extraordinary Items and Discontinued Operations,Vector,100,113,USA,TOP3000,1
fnd6_xintopt,matrix,50,Implied Option Expense,Matrix,100,73,USA,TOP3000,1
fnd6_xints,vector,50,Interest Expense,Vector,100,128,USA,TOP3000,1
fnd6_xopr,matrix,50,Operating Expenses - Total,Matrix,100,1533,USA,TOP3000,1
fnd6_xpp,matrix,50,Prepaid Expenses,Matrix,100,591,USA,TOP3000,1
fnd6_xpr,matrix,50,Pension and Retirement Expense,Matrix,100,443,USA,TOP3000,1
fnd6_xrent,matrix,50,Rental Expense,Matrix,100,3398,USA,TOP3000,1
fnd6_xsgas,vector,50,"Selling, General & Administrative",Vector,100,43,USA,TOP3000,1
fnd6_zipcode,matrix,50,ZIP code related to the company,Matrix,100,2476,USA,TOP3000,1
forward_book_value_to_price,matrix,100,Forward-looking book value per share divided by closing price.,Matrix,100,3,USA,TOP3000,1
forward_cash_flow_to_price,matrix,100,Forward-looking cash flows per share divided by price.,Matrix,100,6,USA,TOP3000,1
forward_ebitda_to_enterprise_value_2,matrix,100,Forward-looking EBITDA divided by enterprise value.,Matrix,100,4,USA,TOP3000,1
forward_median_earnings_yield,matrix,46,Leading 12-Month Median Earnings Yield,Matrix,100,6,USA,TOP3000,1
forward_sales_to_price,matrix,100,Forward-looking sales per share divided by trading price.,Matrix,100,9,USA,TOP3000,1
forward_two_year_eps_growth,matrix,46,"2-Year Ahead EPS Growth; forecasted EPS for fiscal year 2 minus year 1, scaled by price",Matrix,100,1,USA,TOP3000,1
forward_two_year_eps_growth_rate,matrix,100,"Projected two-year-ahead EPS growth, defined as the difference between FY2 and FY1 forecasted earnings scaled by price",Matrix,100,23,USA,TOP3000,1
forward_price_10,matrix,70,Synthetic forward price for the underlying at 10 days derived from put-call parity using ATM options and adjusted for interest rates and dividends,Matrix,100,1036,USA,TOP3000,1
forward_price_1080,matrix,70,"Synthetic forward price at 1080 days derived from at-the-money call and put option prices, reflecting market consensus for the underlying at that tenor",Matrix,100,480,USA,TOP3000,1
forward_price_120,matrix,70,Synthetic forward price at 120 days derived from at-the-money call and put options reflecting the market's forward expectation of the underlying security,Matrix,100,357,USA,TOP3000,1
forward_price_150,matrix,70,Synthetic forward price at 150 days derived from at-the-money call and put options reflecting the market's forward expectation of the underlying security,Matrix,100,379,USA,TOP3000,1
forward_price_180,matrix,70,Synthetic forward price at 180 days derived from put-call parity using at-the-money calls and puts reflecting market consensus forward expectation,Matrix,100,527,USA,TOP3000,1
forward_price_20,matrix,70,Synthetic forward price for the underlying at 20 days derived from put-call parity using ATM options and adjusted for interest rates and dividends,Matrix,100,664,USA,TOP3000,1
forward_price_270,matrix,70,Synthetic forward price at 270 days expiry derived from ATM calls and puts reflecting the market-consensus forward expectation,Matrix,100,475,USA,TOP3000,1
forward_price_30,matrix,70,"Synthetic forward price at 30 days expiry, derived from at-the-money call and put options, reflecting market consensus forward expectation",Matrix,100,574,USA,TOP3000,1
forward_price_360,matrix,70,"Synthetic forward price at 360 days derived from put-call parity using ATM call and put prices, reflecting the market-consensus forward expectation of the underlying",Matrix,100,552,USA,TOP3000,1
forward_price_60,matrix,70,Synthetic forward price at 60 days derived from at-the-money call and put options reflecting the market's forward expectation of the underlying security,Matrix,100,397,USA,TOP3000,1
forward_price_720,matrix,70,Synthetic forward price at 720 days derived from at-the-money call and put options reflecting the market's forward expectation of the underlying security,Matrix,100,523,USA,TOP3000,1
forward_price_90,matrix,70,"Synthetic forward price at 90 days derived from put-call parity using ATM call and put prices, reflecting the market-consensus forward expectation of the underlying",Matrix,100,372,USA,TOP3000,1
free_cash_flow_per_share,matrix,49,Free cash flow per share - actual financial value for the annual period,Matrix,100,97,USA,TOP3000,1
free_cash_flow_per_share_actual_value,matrix,35,Free cash flow per share- announced financial value,Matrix,100,22,USA,TOP3000,1
free_cash_flow_per_share_max_guidance,matrix,100,The maximum guidance value for Free Cash Flow Per Share on an annual basis.,Matrix,100,52,USA,TOP3000,1
free_cash_flow_per_share_reported_value,matrix,35,Free cash flow per share- announced financial value,Matrix,100,21,USA,TOP3000,1
free_cash_flow_reported_value,matrix,53,Free cash flow value for the quarter.,Matrix,100,72,USA,TOP3000,1
free_cash_flow_total,matrix,68,Free Cash Flow value - Annual,Matrix,100,219,USA,TOP3000,1
fscore_bfl_growth,matrix,38,"Growth composite estimating expected medium-term growth potential (e.g., revenues, earnings); higher is better (0–100)",Matrix,100,22,USA,TOP3000,1
fscore_bfl_momentum,matrix,38,Composite momentum measure reflecting recent price dynamics and analyst estimate revisions to identify improving or deteriorating names,Matrix,100,32,USA,TOP3000,1
fscore_bfl_profitability,matrix,38,Profitability composite ranking firms by ability to generate cash flows and operational efficiency; higher is better (0–100),Matrix,100,18,USA,TOP3000,1
fscore_bfl_quality,matrix,38,"Composite measuring earnings quality, stability, and balance-sheet resilience",Matrix,100,27,USA,TOP3000,1
fscore_bfl_surface,matrix,37,Static composite “style surface” score aggregating the five primary style scores; larger surface implies higher rank,Matrix,100,21,USA,TOP3000,1
fscore_bfl_surface_accel,matrix,37,Acceleration (derivative) of the pentagon surface score relative to the previous month,Matrix,100,72,USA,TOP3000,1
fscore_bfl_total,matrix,37,Blended composite M-Score combining the static pentagon surface score and its acceleration into an overarching rating,Matrix,100,13,USA,TOP3000,1
fscore_bfl_value,matrix,38,Valuation composite indicating how under- or overpriced a stock is versus common valuation measures; higher is better (cheaper) (0–100),Matrix,100,50,USA,TOP3000,1
fscore_growth,matrix,30,Composite measuring the stock’s expected medium-term growth potential,Matrix,100,270,USA,TOP3000,1
fscore_momentum,matrix,30,Composite momentum metric focused on recent analyst estimate revisions to identify stocks experiencing upward or downward revisions,Matrix,100,465,USA,TOP3000,1
fscore_profitability,matrix,30,Composite ranking stocks by their ability to generate cash flows and operational profitability,Matrix,100,337,USA,TOP3000,1
fscore_quality,matrix,30,Composite measuring the sustainability and certainty of earnings,Matrix,100,1505,USA,TOP3000,1
fscore_surface,matrix,30,"Static overall “style surface” score combining Value, Growth, Profitability, Momentum, and Quality; larger surface implies higher rank",Matrix,100,432,USA,TOP3000,1
fscore_surface_accel,matrix,29,"Acceleration (derivative) of the pentagon surface score, indicating whether the overall style surface is rising or falling versus the previous month",Matrix,100,215,USA,TOP3000,1
fscore_total,matrix,29,Final blended score that combines the static pentagon surface score with its acceleration,Matrix,100,330,USA,TOP3000,1
fscore_value,matrix,30,"Composite assessing whether the stock is under- or overpriced using standard valuation measures (e.g., multiples)",Matrix,100,408,USA,TOP3000,1
growth_potential_rank_derivative,matrix,100,Composite growth score qualifying the stock’s expected medium‑term growth potential,Matrix,100,142,USA,TOP3000,1
fundamental_growth_module_score,matrix,100,Fundamental Growth (submodule of Momentum Analyst II),Matrix,100,1,USA,TOP3000,1
fy1_eps_estimate_dispersion_2,matrix,44,FY1 EPS Estimates Dispersion,Matrix,100,1,USA,TOP3000,1
fy2_eps_estimate_dispersion,matrix,100,"Dispersion of FY2 EPS analyst estimates, calculated as standard deviation divided by the mean of forecasts",Matrix,100,2,USA,TOP3000,1
global_dividend_model_composite_score,matrix,46,Composite Global Dividend factor for the stock,Matrix,100,0,USA,TOP3000,1
gross_profit_margin_ttm_2,matrix,100,Trailing twelve-month gross profit margin.,Matrix,100,10,USA,TOP3000,1
gross_profit_to_assets_ratio,matrix,100,Trailing twelve-month gross profit to assets ratio.,Matrix,100,9,USA,TOP3000,1
high_low_eps_revision_sum,matrix,100,Street revision confidence: sum of changes in highest and lowest FY1 EPS estimates over three months,Matrix,100,6,USA,TOP3000,1
housing_starts_indicator,matrix,100,Housing Starts Sensitivity,Matrix,100,11,USA,TOP3000,1
implied_minus_realized_volatility_2,matrix,97,Volatility Spread,Matrix,100,14,USA,TOP3000,1
implied_option_volatility,matrix,97,"Implied volatility derived from options prices, indicating expected future stock volatility",Matrix,100,17,USA,TOP3000,1
funds_from_operations_max_guidance,matrix,100,The maximum guidance value for Funds from operation - annual,Matrix,100,45,USA,TOP3000,1
goodwill_min_guidance_qtr,matrix,100,Minimum guidance value for Total Goodwill,Matrix,100,40,USA,TOP3000,1
gross_income_reported_value,matrix,70,Gross Income value for the quarter,Matrix,100,134,USA,TOP3000,1
gross_income_total,matrix,70,Gross Income value on an annual basis,Matrix,100,72,USA,TOP3000,1
guidance_estimate_value,vector,58,Estimated value for basic annual financial guidance,Vector,100,200,USA,TOP3000,1
guidance_previous_estimate_value_qtr,vector,—,The previous estimation of finanicial item,Vector,100,0,USA,TOP3000,1
guidance_reporting_currency,matrix,100,Pricing Currency where the security trades - Annual,Matrix,100,65,USA,TOP3000,1
guidance_value_currency_code_qtr,vector,48,Home currency of instrument,Vector,100,15,USA,TOP3000,1
highest_sales_estimate,matrix,100,Sales - The highest estimation for the annual period,Matrix,100,39,USA,TOP3000,1
goodwill,matrix,50,Goodwill (net),Matrix,100,13462,USA,TOP3000,1
high,matrix,100,Daily high price,Matrix,100,55664,USA,TOP3000,1
historical_volatility_10,matrix,70,Historical close-to-close volatility for approximately 10 calendar days,Matrix,100,2578,USA,TOP3000,1
historical_volatility_120,matrix,70,Historical close-to-close volatility for approximately 120 calendar days,Matrix,100,3991,USA,TOP3000,1
historical_volatility_150,matrix,70,Historical close-to-close volatility for approximately 150 calendar days,Matrix,100,2225,USA,TOP3000,1
historical_volatility_180,matrix,70,Historical close-to-close volatility for approximately 180 calendar days,Matrix,100,4412,USA,TOP3000,1
historical_volatility_20,matrix,70,Historical close-to-close volatility for approximately 20 calendar days,Matrix,100,1672,USA,TOP3000,1
historical_volatility_30,matrix,70,Historical close-to-close volatility for approximately 30 calendar days,Matrix,100,1736,USA,TOP3000,1
historical_volatility_60,matrix,70,Historical close-to-close volatility for approximately 60 calendar days,Matrix,100,2521,USA,TOP3000,1
historical_volatility_90,matrix,70,Historical close-to-close volatility for approximately 90 calendar days,Matrix,100,1935,USA,TOP3000,1
implied_volatility_call_10,matrix,70,Implied volatility of the at-the-money call for the stock with an expiration 10 calendar days from the measurement date,Matrix,100,4486,USA,TOP3000,1
implied_volatility_call_1080,matrix,70,Implied volatility of the at-the-money call for the stock with an expiration 1080 calendar days from the measurement date,Matrix,100,8306,USA,TOP3000,1
implied_volatility_call_120,matrix,70,Implied volatility of the at-the-money call for the stock with an expiration 120 calendar days from the measurement date,Matrix,100,10931,USA,TOP3000,1
implied_volatility_call_150,matrix,70,Implied volatility of the at-the-money call for the stock with an expiration 150 calendar days from the measurement date,Matrix,100,4678,USA,TOP3000,1
implied_volatility_call_180,matrix,70,Implied volatility of the at-the-money call for the stock with an expiration 180 calendar days from the measurement date,Matrix,100,6183,USA,TOP3000,1
implied_volatility_call_20,matrix,70,Implied volatility of the at-the-money call for the stock with an expiration 20 calendar days from the measurement date,Matrix,100,2094,USA,TOP3000,1
implied_volatility_call_270,matrix,70,Implied volatility of the at-the-money call for the stock with an expiration 270 calendar days from the measurement date,Matrix,100,12235,USA,TOP3000,1
implied_volatility_call_30,matrix,70,Implied volatility of the at-the-money call for the stock with an expiration 30 calendar days from the measurement date,Matrix,100,4007,USA,TOP3000,1
implied_volatility_call_360,matrix,70,Implied volatility of the at-the-money call for the stock with an expiration 360 calendar days from the measurement date,Matrix,100,3709,USA,TOP3000,1
implied_volatility_call_60,matrix,70,Implied volatility of the at-the-money call for the stock with an expiration 60 calendar days from the measurement date,Matrix,100,6265,USA,TOP3000,1
implied_volatility_call_720,matrix,70,Implied volatility of the at-the-money call for the stock with an expiration 720 calendar days from the measurement date,Matrix,100,3150,USA,TOP3000,1
implied_volatility_call_90,matrix,70,Implied volatility of the at-the-money call for the stock with an expiration 90 calendar days from the measurement date,Matrix,100,3789,USA,TOP3000,1
implied_volatility_mean_10,matrix,69,The average of IvCall10 and IvPut10,Matrix,100,6990,USA,TOP3000,1
implied_volatility_mean_1080,matrix,69,The average of IvCall1080 and IvPut1080,Matrix,100,1114,USA,TOP3000,1
implied_volatility_mean_120,matrix,69,The average of IvCall120 and IvPut120,Matrix,100,3635,USA,TOP3000,1
implied_volatility_mean_150,matrix,69,The average of IvCall150 and IvPut150,Matrix,100,1889,USA,TOP3000,1
implied_volatility_mean_180,matrix,69,The average of IvCall180 and IvPut180,Matrix,100,2008,USA,TOP3000,1
implied_volatility_mean_20,matrix,69,The average of IvCall20 and IvPut20,Matrix,100,1129,USA,TOP3000,1
implied_volatility_mean_270,matrix,69,The average of IvCall270 and IvPut270,Matrix,100,1025,USA,TOP3000,1
implied_volatility_mean_30,matrix,69,The average of IvCall30 and IvPut30,Matrix,100,1319,USA,TOP3000,1
implied_volatility_mean_360,matrix,69,The average of IvCall360 and IvPut360,Matrix,100,1192,USA,TOP3000,1
implied_volatility_mean_60,matrix,69,The average of IvCall60 and IvPut60,Matrix,100,1537,USA,TOP3000,1
implied_volatility_mean_720,matrix,69,The average of IvCall720 and IvPut720,Matrix,100,1056,USA,TOP3000,1
implied_volatility_mean_90,matrix,69,The average of IvCall90 and IvPut90,Matrix,100,1637,USA,TOP3000,1
implied_volatility_mean_skew_10,matrix,69,Skew steepness for the implied volatility duration of 10 calendar days by subtracting the mean implied volatility of the call and put options with strikes at 110% of the money from the mean implied volatility of the call and put options with strikes at 90% of the money,Matrix,100,716,USA,TOP3000,1
implied_volatility_mean_skew_1080,matrix,69,Skew steepness for the implied volatility duration of 1080 calendar days by subtracting the mean implied volatility of the call and put options with strikes at 110% of the money from the mean implied volatility of the call and put options with strikes at 90% of the money,Matrix,100,1190,USA,TOP3000,1
implied_volatility_mean_skew_120,matrix,69,Skew steepness for the implied volatility duration of 120 calendar days by subtracting the mean implied volatility of the call and put options with strikes at 110% of the money from the mean implied volatility of the call and put options with strikes at 90% of the money,Matrix,100,869,USA,TOP3000,1
implied_volatility_mean_skew_150,matrix,69,Skew steepness for the implied volatility duration of 150 calendar days by subtracting the mean implied volatility of the call and put options with strikes at 110% of the money from the mean implied volatility of the call and put options with strikes at 90% of the money,Matrix,100,826,USA,TOP3000,1
implied_volatility_mean_skew_180,matrix,69,Skew steepness for the implied volatility duration of 180 calendar days by subtracting the mean implied volatility of the call and put options with strikes at 110% of the money from the mean implied volatility of the call and put options with strikes at 90% of the money,Matrix,100,1031,USA,TOP3000,1
implied_volatility_mean_skew_20,matrix,69,Skew steepness for the implied volatility duration of 20 calendar days by subtracting the mean implied volatility of the call and put options with strikes at 110% of the money from implied volatility of the call and put options with strikes at 90% of the money,Matrix,100,678,USA,TOP3000,1
implied_volatility_mean_skew_270,matrix,69,Skew steepness for the implied volatility duration of 270 calendar days by subtracting the mean implied volatility of the call and put options with strikes at 110% of the money from the mean implied volatility of the call and put options with strikes at 90% of the money,Matrix,100,951,USA,TOP3000,1
implied_volatility_mean_skew_30,matrix,69,Skew steepness for the implied volatility duration of 30 calendar days by subtracting the mean implied volatility of the call and put options with strikes at 110% of the money from the mean implied volatility of the call and put options with strikes at 90% of the money,Matrix,100,872,USA,TOP3000,1
implied_volatility_mean_skew_360,matrix,69,Skew steepness for the implied volatility duration of 360 calendar days by subtracting the mean implied volatility of the call and put options with strikes at 110% of the money from the mean implied volatility of the call and put options with strikes at 90% of the money,Matrix,100,1424,USA,TOP3000,1
implied_volatility_mean_skew_60,matrix,69,Skew steepness for the implied volatility duration of 60 calendar days by subtracting the mean implied volatility of the call and put options with strikes at 110% of the money from the mean implied volatility of the call and put options with strikes at 90% of the money,Matrix,100,940,USA,TOP3000,1
implied_volatility_mean_skew_720,matrix,69,Skew steepness for the implied volatility duration of 720 calendar days by subtracting the mean implied volatility of the call and put options with strikes at 110% of the money from the mean implied volatility of the call and put options with strikes at 90% of the money,Matrix,100,935,USA,TOP3000,1
implied_volatility_mean_skew_90,matrix,69,Skew steepness for the implied volatility duration of 90 calendar days by subtracting the mean implied volatility of the call and put options with strikes at 110% of the money from the mean implied volatility of the call and put options with strikes at 90% of the money,Matrix,100,1394,USA,TOP3000,1
implied_volatility_put_10,matrix,70,"At-the-money implied volatility of put options with 10 calendar days to expiration, annualized decimal",Matrix,100,2557,USA,TOP3000,1
implied_volatility_put_1080,matrix,70,"At-the-money implied volatility of put options with 1080 calendar days to expiration, annualized decimal",Matrix,100,2082,USA,TOP3000,1
implied_volatility_put_120,matrix,70,"At-the-money implied volatility of put options with 120 calendar days to expiration, annualized decimal",Matrix,100,5721,USA,TOP3000,1
implied_volatility_put_150,matrix,70,"At-the-money implied volatility of put options with 150 calendar days to expiration, annualized decimal",Matrix,100,3847,USA,TOP3000,1
implied_volatility_put_180,matrix,70,"At-the-money implied volatility of put options with 180 calendar days to expiration, annualized decimal",Matrix,100,5322,USA,TOP3000,1
implied_volatility_put_20,matrix,70,"At-the-money implied volatility of put options with 20 calendar days to expiration, annualized decimal",Matrix,100,1643,USA,TOP3000,1
implied_volatility_put_270,matrix,70,Implied volatility of the at-the-money put for the stock with an expiration 270 calendar days from the measurement date,Matrix,100,11716,USA,TOP3000,1
implied_volatility_put_30,matrix,70,Implied volatility of the at-the-money put for the stock with an expiration 30 calendar days from the measurement date,Matrix,100,3033,USA,TOP3000,1
implied_volatility_put_360,matrix,70,Implied volatility of the at-the-money put for the stock with an expiration 360 calendar days from the measurement date,Matrix,100,2690,USA,TOP3000,1
implied_volatility_put_60,matrix,70,Implied volatility of the at-the-money put for the stock with an expiration 60 calendar days from the measurement date,Matrix,100,4034,USA,TOP3000,1
implied_volatility_put_720,matrix,70,Implied volatility of the at-the-money put for the stock with an expiration 720 calendar days from the measurement date,Matrix,100,2364,USA,TOP3000,1
implied_volatility_put_90,matrix,70,Implied volatility of the at-the-money put for the stock with an expiration 90 calendar days from the measurement date,Matrix,100,3616,USA,TOP3000,1
income,matrix,50,Net Income,Matrix,100,13098,USA,TOP3000,1
income_beforeextra,matrix,50,Income Before Extraordinary Items,Matrix,100,6702,USA,TOP3000,1
income_tax,matrix,50,Income Taxes - Total,Matrix,100,7309,USA,TOP3000,1
income_statement_value_score,matrix,100,Investor Sentiment (submodule of Value Analyst II),Matrix,100,6,USA,TOP3000,1
industrial_production_indicator,matrix,100,Industrial Production Sensitivity: measures the sensitivity of a stock’s performance to changes in industrial production (macro factor exposure),Matrix,100,3,USA,TOP3000,1
industry_adjusted_doubtful_receivables,matrix,56,Industry-adjusted annual doubtful accounts receivable; asset-scaled minus industry mean,Matrix,100,3,USA,TOP3000,1
industry_rel_ttm_sales_to_ev,matrix,100,"Industry-relative ratio of trailing twelve month sales to enterprise value, used for valuation comparison",Matrix,100,3,USA,TOP3000,1
industry_relative_book_to_market,matrix,100,Book-to-market ratio compared to industry average; valuation measure relative to industry,Matrix,100,6,USA,TOP3000,1
industry,group,100,Industry grouping,Group,100,226698,USA,TOP3000,1
industry_relative_ebitda_to_price,matrix,99,TTM EBITDA-to-Price ratio compared to industry average; valuation metric relative to industry,Matrix,100,4,USA,TOP3000,1
industry_relative_eps_to_price,matrix,100,TTM EPS-to-Price ratio compared to industry average; valuation measure relative to industry,Matrix,100,3,USA,TOP3000,1
industry_relative_fcf_to_price,matrix,100,TTM Free Cash Flow-to-Price ratio compared to industry average; valuation metric relative to industry,Matrix,100,3,USA,TOP3000,1
industry_relative_return_4w,matrix,100,"4-week stock return relative to industry average, normalized by industry standard deviation",Matrix,100,5,USA,TOP3000,1
industry_relative_return_5d,matrix,100,"5-day stock return relative to industry average, normalized by industry standard deviation",Matrix,100,5,USA,TOP3000,1
industry_relative_sales_to_price,matrix,100,"Sales-to-price ratio less industry average, deflated by industry standard deviation.",Matrix,100,4,USA,TOP3000,1
inflation_rate_indicator,matrix,100,Sensitivity of the company’s stock to changes in the inflation rate,Matrix,100,4,USA,TOP3000,1
interest_coverage_ratio_5,matrix,43,Interest Coverage,Matrix,100,1,USA,TOP3000,1
inventory_change_avg_assets,matrix,93,"Change in inventory relative to average total assets, often used to assess operational or financial efficiency",Matrix,100,3,USA,TOP3000,1
inverse_peg_earnings_growth,matrix,74,"Inverse of PEG ratio: next four-quarters’ earnings estimate times long-term growth rate, scaled by price",Matrix,100,1,USA,TOP3000,1
inverse_peg_ratio,matrix,100,Inverse of PEG Ratio,Matrix,100,9,USA,TOP3000,1
inverse_peg_ratio_2,matrix,100,Inverse of PEG Ratio,Matrix,100,6,USA,TOP3000,1
lagged_inverse_peg_ratio,matrix,82,Lagged Inverse of PEG Ratio,Matrix,100,3,USA,TOP3000,1
latin_america_sales_exposure,matrix,79,Proportion of company sales from Latin America,Matrix,100,5,USA,TOP3000,1
liquidity_cash_to_liabilities_ratio,matrix,85,"Liquidity ratio calculated as cash and equivalents divided by current liabilities, using a fixed formula.",Matrix,100,7,USA,TOP3000,1
long_term_earnings_growth_forecast,matrix,100,"Long-term earnings growth rate estimate, typically from consensus analysts such as I/B/E/S",Matrix,100,1,USA,TOP3000,1
long_term_growth_estimate,matrix,100,"Long-term growth rate estimate for the company, typically sourced from analyst consensus",Matrix,100,0,USA,TOP3000,1
long_term_growth_estimate_2,matrix,45,Long-term growth rate forecast (I/B/E/S or First Call),Matrix,100,3,USA,TOP3000,1
long_term_growth_forecast_2,matrix,85,Long-term earnings growth rate forecast (typically I/B/E/S consensus),Matrix,100,1,USA,TOP3000,1
market_volatility_index,matrix,100,Sensitivity of stock or portfolio to market volatility as measured by the VIX index,Matrix,100,13,USA,TOP3000,1
interest_expense,matrix,50,Interest and Related Expense - Total,Matrix,100,2686,USA,TOP3000,1
inventory,matrix,50,Inventories - Total,Matrix,100,8592,USA,TOP3000,1
inventory_turnover,matrix,50,Inventory Turnover,Matrix,100,6173,USA,TOP3000,1
invested_capital,matrix,50,Invested Capital - Total - Quarterly,Matrix,100,5769,USA,TOP3000,1
liabilities,matrix,50,Liabilities - Total,Matrix,100,60616,USA,TOP3000,1
liabilities_curr,matrix,50,Current Liabilities - Total,Matrix,100,10377,USA,TOP3000,1
investing_cashflow_reported_value,matrix,49,Cash Flow from Investing - Value,Matrix,100,40,USA,TOP3000,1
lowest_sales_estimate,matrix,100,Sales - The lowest estimation for the annual period,Matrix,100,43,USA,TOP3000,1
max_adjusted_eps_guidance,matrix,100,The maximum guidance value for adjusted earnings per share.,Matrix,100,87,USA,TOP3000,1
max_adjusted_eps_guidance_2,matrix,100,The maximum guidance value for adjusted earnings per share on an annual basis.,Matrix,100,43,USA,TOP3000,1
max_adjusted_funds_from_operations_adj_guidance,matrix,100,Adjusted funds from operation - Maximum guidance value,Matrix,100,54,USA,TOP3000,1
max_adjusted_funds_from_operations_guidance,matrix,100,Max guidance value for Funds from operation,Matrix,100,34,USA,TOP3000,1
max_adjusted_funds_from_operations_guidance_2,matrix,100,Adjusted funds from operation - maximum guidance value for the annual period,Matrix,100,29,USA,TOP3000,1
max_adjusted_net_income_guidance,matrix,100,The maximum guidance value for Adjusted net income.,Matrix,100,713,USA,TOP3000,1
max_adjusted_net_profit_guidance,matrix,100,The maximum guidance value for adjusted net profit on an annual basis.,Matrix,100,18,USA,TOP3000,1
max_book_value_per_share_guidance,matrix,100,Book value per share - Maximum value among forecasts,Matrix,100,35,USA,TOP3000,1
max_book_value_per_share_guidance_2,matrix,100,Book value per share - Maximum guidance value for the annual period,Matrix,100,49,USA,TOP3000,1
max_capital_expenditure_guidance,matrix,100,The maximum guidance value for Capital Expenditures on an annual basis.,Matrix,100,32,USA,TOP3000,1
max_custom_eps_guidance,matrix,100,Custom Earnings per share - The highest guidance value,Matrix,100,46,USA,TOP3000,1
max_customized_eps_guidance,matrix,100,The maximum guidance value for custom earnings per share on an annual basis.,Matrix,100,51,USA,TOP3000,1
max_ebit_guidance,matrix,100,The maximum guidance value for Earnings Before Interest and Taxes (EBIT) on an annual basis.,Matrix,100,43,USA,TOP3000,1
max_ebitda_guidance,matrix,100,"The maximum guidance value for Earnings Before Interest, Taxes, Depreciation, and Amortization (EBITDA) on an annual basis.",Matrix,100,16,USA,TOP3000,1
max_financing_cashflow_guidance,matrix,100,Cash Flow From Financing - Maximum guidance value,Matrix,100,39,USA,TOP3000,1
max_free_cash_flow_guidance,matrix,100,The maximum guidance value for Free Cash Flow on an annual basis.,Matrix,100,35,USA,TOP3000,1
max_free_cashflow_guidance,matrix,100,The maximum guidance value for Free Cash Flow.,Matrix,100,55,USA,TOP3000,1
max_free_cashflow_per_share_guidance,matrix,100,The maximum guidance value for free cash flow per share.,Matrix,100,47,USA,TOP3000,1
max_gross_income_guidance,matrix,100,The maximum guidance value for Gross Income.,Matrix,100,36,USA,TOP3000,1
isin,symbol,100,ISIN Value,Symbol,100,0,USA,TOP3000,1
low,matrix,100,Daily low price,Matrix,100,48404,USA,TOP3000,1
market,group,100,Market grouping,Group,100,125190,USA,TOP3000,1
max_gross_income_guidance_2,matrix,100,The maximum guidance for Gross Income on an annual basis.,Matrix,100,27,USA,TOP3000,1
max_investing_cashflow_guidance,matrix,100,The maximum guidance value for Cash Flow from Investing.,Matrix,100,33,USA,TOP3000,1
max_investing_cashflow_guidance_2,matrix,100,The maximum guidance value for Cash Flow from Investing activities on an annual basis.,Matrix,100,40,USA,TOP3000,1
max_net_debt_guidance,matrix,100,The maximum guidance value for Net Debt on an annual basis.,Matrix,100,57,USA,TOP3000,1
max_net_income_guidance,matrix,100,The maximum guidance value for net profit.,Matrix,100,48,USA,TOP3000,1
max_net_profit_guidance,matrix,100,The maximum guidance value for net profit on an annual basis.,Matrix,100,40,USA,TOP3000,1
max_operating_cashflow_guidance,matrix,100,The maximum guidance value for Cash Flow from Operations.,Matrix,100,55,USA,TOP3000,1
max_operating_cashflow_guidance_2,matrix,100,The maximum guidance value for Cash Flow from Operations on an annual basis.,Matrix,100,29,USA,TOP3000,1
max_pretax_profit_guidance,matrix,100,The maximum guidance value for Pretax income on an annual basis.,Matrix,100,35,USA,TOP3000,1
max_reported_eps_guidance,matrix,100,Reported Earnings Per Share - Maximum guidance value,Matrix,100,55,USA,TOP3000,1
max_reported_eps_guidance_2,matrix,100,Reported Earnings Per Share - Maximum guidance value for the annual period,Matrix,100,25,USA,TOP3000,1
max_reported_pretax_income_guidance,matrix,100,Reported Pretax income- maximum guidance value,Matrix,100,30,USA,TOP3000,1
max_reported_pretax_income_guidance_2,matrix,100,Reported Pretax income- maximum guidance value,Matrix,100,86,USA,TOP3000,1
max_research_development_expense_guidance,matrix,100,The maximum guidance value for Research and Development Expense.,Matrix,100,48,USA,TOP3000,1
max_selling_general_admin_guidance,matrix,100,"The maximum guidance value for Selling, General & Administrative Expense",Matrix,100,58,USA,TOP3000,1
max_share_buyback_guidance,matrix,100,Maximum guidance value for Shares Basic - Annual,Matrix,100,41,USA,TOP3000,1
max_shareholders_equity_guidance,matrix,100,The maximum guidance value for Total Shareholders' Equity.,Matrix,100,177,USA,TOP3000,1
max_shares_outstanding_guidance,matrix,100,The maximum guidance for Shares,Matrix,100,53,USA,TOP3000,1
max_stock_option_expense_guidance,matrix,100,Stock option expense - Maximum guidance value for the annual period,Matrix,100,41,USA,TOP3000,1
max_tangible_book_value_per_share_guidance,matrix,100,Tangible Book Value per Share - maximum guidance value,Matrix,100,77,USA,TOP3000,1
max_total_assets_guidance,matrix,100,The maximum guidance value for Total Assets.,Matrix,100,70,USA,TOP3000,1
max_total_assets_guidance_2,matrix,100,The maximum guidance value for Total Assets,Matrix,100,91,USA,TOP3000,1
max_total_goodwill_guidance,matrix,100,The maximum guidance value for Total Goodwill.,Matrix,100,63,USA,TOP3000,1
max_total_goodwill_guidance_2,matrix,100,The maximum guidance value for Total Goodwill on an annual basis.,Matrix,100,47,USA,TOP3000,1
maximum_guidance_value,vector,58,Maximum guidance value for basic annual financials,Vector,100,89,USA,TOP3000,1
mdl177_2_5yearrelativevaluefactor_rel5ybp,matrix,85,"5-year Relative Book-to-Market: current book-to-market minus the 60-month average, scaled by standard deviation",Matrix,100,171,USA,TOP3000,1
mdl177_2_5yearrelativevaluefactor_rel5ycfp,matrix,83,"5-year Relative Trailing 12-Month Cash Flow-to-Price: current TTM cash flow-to-price minus the 60-month average, scaled by standard deviation",Matrix,100,34,USA,TOP3000,1
mdl177_2_5yearrelativevaluefactor_rel5ycoreepsp,matrix,81,"5-year Relative Trailing 12-Month Core Earnings-to-Price: current TTM core earnings-to-price minus the 60-month average, scaled by standard deviation",Matrix,100,140,USA,TOP3000,1
mdl177_2_5yearrelativevaluefactor_rel5ydivp,matrix,51,"5-year Relative Trailing 12-Month Dividend Yield: current dividend yield minus the 60-month average, scaled by standard deviation",Matrix,100,25,USA,TOP3000,1
mdl177_2_5yearrelativevaluefactor_rel5yebitdap,matrix,77,"5-year Relative Trailing 12-Month EBITDA-to-Price: current TTM EBITDA per share-to-price minus the 60-month average, scaled by standard deviation",Matrix,100,51,USA,TOP3000,1
mdl177_2_5yearrelativevaluefactor_rel5yep,matrix,80,"5-year Relative Trailing 12-Month Earnings-to-Price: current TTM EPS before extra items-to-price minus the 60-month average, scaled by standard deviation",Matrix,100,105,USA,TOP3000,1
mdl177_2_5yearrelativevaluefactor_rel5yfcfp,matrix,81,"5-year Relative Trailing 12-Month Free Cash Flow-to-Price: current TTM free cash flow-to-price minus the 60-month average, scaled by standard deviation",Matrix,100,40,USA,TOP3000,1
mdl177_2_5yearrelativevaluefactor_rel5yfwdep,matrix,87,"5-year Relative Leading 12-Month Earnings Yield: next 4-quarter consensus analyst earnings-to-price ratio minus the 60-month average, scaled by the standard deviation",Matrix,100,2243,USA,TOP3000,1
mdl177_2_5yearrelativevaluefactor_rel5yocfp,matrix,81,"5-year Relative Trailing 12-Month Operating Cash Flow-to-Price: current TTM operating cash flow-to-price minus the 60-month average, scaled by standard deviation",Matrix,100,38,USA,TOP3000,1
mdl177_2_5yearrelativevaluefactor_rel5ysp,matrix,80,"5-year Relative Trailing 12-Month Sales-to-Price: current TTM sales-to-price minus the 60-month average, scaled by standard deviation",Matrix,100,114,USA,TOP3000,1
mdl177_2_deepvaluefactor_acqmul,matrix,83,Most recent invested capital divided by trailing 12-month EBITDA,Matrix,100,26,USA,TOP3000,1
mdl177_2_deepvaluefactor_bp,matrix,100,Book value per share divided by month-end trading price (book-to-market ratio),Matrix,100,191,USA,TOP3000,1
mdl177_2_deepvaluefactor_cashp,matrix,93,Most recently reported cash and equivalents per share divided by trading price,Matrix,100,208,USA,TOP3000,1
mdl177_2_deepvaluefactor_cashsev,matrix,93,Cash and equivalents divided by enterprise value,Matrix,100,124,USA,TOP3000,1
mdl177_2_deepvaluefactor_coreepsp,matrix,100,Trailing 12-month core earnings per share from operations (excludes special items) divided by trading price,Matrix,100,125,USA,TOP3000,1
mdl177_2_deepvaluefactor_curep,matrix,97,"Current Earnings Yield (sum of recent 3 quarters EPS and analyst estimates, divided by price)",Matrix,100,864,USA,TOP3000,1
mdl177_2_deepvaluefactor_divyield,matrix,100,Trailing 12-month dividends per share divided by month-end trading price (dividend yield),Matrix,100,82,USA,TOP3000,1
mdl177_2_deepvaluefactor_ebitdaev,matrix,100,Trailing 12-month EBITDA divided by enterprise value,Matrix,100,181,USA,TOP3000,1
mdl177_2_deepvaluefactor_ebitdap,matrix,100,Trailing 12-month EBITDA per share divided by month-end trading price,Matrix,100,111,USA,TOP3000,1
mdl177_2_deepvaluefactor_ebop,matrix,90,Edwards–Bell–Ohlson value-to-price ratio,Matrix,100,127,USA,TOP3000,1
mdl177_2_deepvaluefactor_estep,matrix,100,Forward 12-month median earnings-to-price (earnings yield),Matrix,100,429,USA,TOP3000,1
mdl177_2_deepvaluefactor_f12mepssev,matrix,99,Forward 12-month earnings per share divided by enterprise value,Matrix,100,329,USA,TOP3000,1
mdl177_2_deepvaluefactor_fcfp,matrix,98,Leading 12-Month Median Earnings Yield,Matrix,100,755,USA,TOP3000,1
mdl177_2_deepvaluefactor_fwdep,matrix,100,Forward 12-month earnings-to-price ratio (mean consensus EPS divided by trading price),Matrix,100,356,USA,TOP3000,1
mdl177_2_deepvaluefactor_indidivy,matrix,100,Indicated dividend yield,Matrix,100,185,USA,TOP3000,1
mdl177_2_deepvaluefactor_navp,matrix,100,Most recent net asset value per share divided by price,Matrix,100,165,USA,TOP3000,1
mdl177_2_deepvaluefactor_nnastp,matrix,84,Net current assets per share (current assets minus total liabilities) divided by trading price,Matrix,100,64,USA,TOP3000,1
mdl177_2_deepvaluefactor_past,matrix,100,Price-to-total assets ratio (month-end trading price divided by total assets per share),Matrix,100,63,USA,TOP3000,1
mdl177_2_deepvaluefactor_pdy,matrix,71,Indicated dividend yield,Matrix,100,419,USA,TOP3000,1
mdl177_2_deepvaluefactor_proformaep,matrix,96,Trailing 12-month pro forma earnings-to-price (excludes special items),Matrix,100,184,USA,TOP3000,1
mdl177_2_deepvaluefactor_ttmcapexp,matrix,100,Trailing 12-month capital expenditures per share divided by trading price,Matrix,100,78,USA,TOP3000,1
mdl177_2_deepvaluefactor_ttmcfp,matrix,100,Trailing 12-month cash flow (net income plus depreciation) per share divided by trading price,Matrix,100,83,USA,TOP3000,1
mdl177_2_deepvaluefactor_ttmepa,matrix,100,Trailing 12-month earnings per share after special items divided by trading price,Matrix,100,127,USA,TOP3000,1
mdl177_2_deepvaluefactor_ttmepb,matrix,100,Trailing 12-month earnings per share before non-recurring items divided by trading price,Matrix,100,132,USA,TOP3000,1
mdl177_2_deepvaluefactor_ttmfcfev,matrix,100,Trailing 12-month free cash flow divided by enterprise value,Matrix,100,246,USA,TOP3000,1
mdl177_2_deepvaluefactor_ttmfcfp,matrix,100,Trailing 12-month free cash flow per share divided by month-end trading price (operating cash flow minus capital expenditures and cash dividends),Matrix,100,221,USA,TOP3000,1
mdl177_2_deepvaluefactor_ttmgfp,matrix,100,Trailing 12-month growth flow-to-price (GAAP earnings plus R&D) per share divided by trading price,Matrix,100,116,USA,TOP3000,1
mdl177_2_deepvaluefactor_ttmocfp,matrix,100,Trailing 12-month operating cash flow per share divided by trading price,Matrix,100,264,USA,TOP3000,1
mdl177_2_deepvaluefactor_ttmpiqp,matrix,100,Trailing 12-month pretax income per share (operating plus nonoperating) divided by trading price,Matrix,100,55,USA,TOP3000,1
mdl177_2_deepvaluefactor_ttmsaleev,matrix,100,Trailing 12-month sales divided by enterprise value,Matrix,100,67,USA,TOP3000,1
mdl177_2_deepvaluefactor_ttmsp,matrix,100,Trailing 12-month sales per share divided by month-end trading price,Matrix,100,65,USA,TOP3000,1
mdl177_2_deepvaluemodel2_dv_currroe,matrix,100,"Current return on equity for the stock, computed as net income divided by shareholders’ equity for the most recent reporting period",Matrix,100,173,USA,TOP3000,1
mdl177_2_deepvaluemodel_chgshare,matrix,100,Percent change in a company's shares outstanding compared to one year ago,Matrix,100,45,USA,TOP3000,1
mdl177_2_deepvaluemodel_dv_yoychgat,matrix,96,Year-over-year change in asset turnover; measures the difference in a company's asset turnover ratio compared to one year ago,Matrix,100,37,USA,TOP3000,1
mdl177_2_deepvaluemodel_dvm_composite,matrix,100,Composite deep value score for the stock; an integrated model-based measure aggregating multiple deep value signals,Matrix,100,57,USA,TOP3000,1
mdl177_2_deepvaluemodel_indidivy,matrix,100,Indicated dividend yield; the projected annual dividend divided by current stock price,Matrix,100,175,USA,TOP3000,1
mdl177_2_deepvaluemodel_ttmfcfev,matrix,98,Trailing twelve month free cash flow to enterprise value ratio; reflects free cash flow over the past year relative to enterprise value,Matrix,100,74,USA,TOP3000,1
mdl177_2_earningmomentumfactor400_chg6mltg,matrix,76,Percent change in consensus long-term earnings growth forecast compared to 6 months ago,Matrix,100,25,USA,TOP3000,1
mdl177_2_earningmomentumfactor400_cvfy1eps,matrix,96,Coefficient of variance (dispersion) in FY1 EPS consensus estimates,Matrix,100,74,USA,TOP3000,1
mdl177_2_earningmomentumfactor400_cvfy2eps,matrix,96,"Dispersion of fiscal year 2 EPS analyst forecasts, measured as the standard deviation divided by the mean",Matrix,100,105,USA,TOP3000,1
mdl177_2_earningmomentumfactor400_dypeg,matrix,74,"Reciprocal of the dividend yield–adjusted PEG ratio, a valuation metric",Matrix,100,91,USA,TOP3000,1
mdl177_2_earningmomentumfactor400_egp,matrix,74,"Inverse of PEG Ratio, calculated as next 4-quarter's earnings estimate times long-term growth rate scaled by price",Matrix,100,27,USA,TOP3000,1
mdl177_2_earningmomentumfactor400_epsrm,matrix,81,"Magnitude of the 3-month change in median FY1 consensus EPS estimate, scaled",Matrix,100,80,USA,TOP3000,1
mdl177_2_earningmomentumfactor400_fcfroey1p,matrix,97,Product of trailing 12-month free cash flow yield and forward return on equity,Matrix,100,93,USA,TOP3000,1
mdl177_2_earningmomentumfactor400_fqsurstd,matrix,91,Most recent standardized earnings surprise,Matrix,100,84,USA,TOP3000,1
mdl177_2_earningmomentumfactor400_fy1epsskew,matrix,95,Skewness of the distribution of leading 12-month EPS consensus estimates,Matrix,100,40,USA,TOP3000,1
mdl177_2_earningmomentumfactor400_hlep,matrix,100,"Street revision confidence: sum of changes in highest and lowest FY1 earnings estimates over 3 months, scaled",Matrix,100,52,USA,TOP3000,1
mdl177_2_earningmomentumfactor400_lagegp,matrix,82,"Lagged Inverse of PEG Ratio : It is defined as the trailing 12-month earnings per share before extraordinary items times the change in yearly trailing 12-month sales per share growth rate, divided by trading price.",Matrix,100,42,USA,TOP3000,1
mdl177_2_earningmomentumfactor400_ltg,matrix,85,Consensus long-term expected annual earnings growth rate,Matrix,100,21,USA,TOP3000,1
mdl177_2_earningmomentumfactor400_numrevq1,matrix,100,Net number of upward minus downward revisions for fiscal quarter 1 EPS forecasts,Matrix,100,133,USA,TOP3000,1
mdl177_2_earningmomentumfactor400_numrevy1,matrix,100,Net number of upward minus downward revisions in FY1 EPS forecasts,Matrix,100,64,USA,TOP3000,1
mdl177_2_earningmomentumfactor400_perg,matrix,74,"Risk-adjusted PEG ratio: price divided by next year’s EPS forecast, scaled by average long-term growth and multiplied by 36-month beta",Matrix,100,147,USA,TOP3000,1
mdl177_2_earningmomentumfactor400_q1aepsg,matrix,94,EPS growth estimate for next fiscal quarter,Matrix,100,433,USA,TOP3000,1
mdl177_2_earningmomentumfactor400_qepsferr,matrix,93,Forecast error for the prior fiscal quarter’s EPS estimates,Matrix,100,232,USA,TOP3000,1
mdl177_2_earningmomentumfactor400_ratrev6m,matrix,98,Average change in analyst recommendation (street rating) over previous 6 months,Matrix,100,43,USA,TOP3000,1
mdl177_2_earningmomentumfactor400_rev1q1,matrix,100,Change in fiscal quarter 1 EPS forecast compared to the prior period,Matrix,100,113,USA,TOP3000,1
mdl177_2_earningmomentumfactor400_rev3y1,matrix,100,3-month change in FY1 EPS forecast,Matrix,100,35,USA,TOP3000,1
mdl177_2_earningmomentumfactor400_rev3y2,matrix,100,3-month change in FY2 EPS forecast,Matrix,100,21,USA,TOP3000,1
mdl177_2_earningmomentumfactor400_rev6,matrix,98,Averaged revision in consensus FY1 EPS estimates over the last 6 months,Matrix,100,76,USA,TOP3000,1
mdl177_2_earningmomentumfactor400_salesurp,matrix,89,"Sales Surprise, indicating the difference between reported and expected sales",Matrix,100,141,USA,TOP3000,1
mdl177_2_earningmomentumfactor400_stdevfy1epsp,matrix,97,Standard deviation of FY1 EPS estimates scaled by price,Matrix,100,61,USA,TOP3000,1
mdl177_2_earningmomentumfactor400_stdevfy2epsp,matrix,97,Standard deviation of FY2 EPS estimates scaled by price,Matrix,100,98,USA,TOP3000,1
mdl177_2_earningmomentumfactor400_stockrating,matrix,100,Consensus analyst recommendation for the company,Matrix,100,90,USA,TOP3000,1
mdl177_2_earningmomentumfactor400_sucf,matrix,89,Standardized Unexpected Cash Flow,Matrix,100,41,USA,TOP3000,1
mdl177_2_earningmomentumfactor400_sue,matrix,92,"Standardized Unexpected Earnings, representing the earnings surprise relative to analyst expectations in standardized form",Matrix,100,33,USA,TOP3000,1
mdl177_2_earningmomentumfactor400_surp,matrix,97,"Earnings surprise: actual EPS minus forecast, scaled by price at quarter end",Matrix,100,206,USA,TOP3000,1
mdl177_2_earningmomentumfactor400_y1aepsg,matrix,92,EPS growth estimate for next fiscal year,Matrix,100,48,USA,TOP3000,1
mdl177_2_earningmomentumfactor400_y2aepsg,matrix,100,EPS growth estimate for two years ahead,Matrix,100,88,USA,TOP3000,1
mdl177_2_earningmomentumfactor400_y2repsg,matrix,98,Projected EPS growth over two years,Matrix,100,80,USA,TOP3000,1
mdl177_2_earningmomentumfactor400_y3sur,matrix,81,Volatility-adjusted projected EPS growth over the next 3 years,Matrix,100,11,USA,TOP3000,1
mdl177_2_earningsqualityfactor_chgsgasale,matrix,89,Difference between the yearly change in quarterly SG&A expenses and the yearly change in quarterly sales,Matrix,100,35,USA,TOP3000,1
mdl177_2_earningsqualityfactor_chgshare,matrix,100,Percent change in number of outstanding shares compared to one year ago,Matrix,100,129,USA,TOP3000,1
mdl177_2_earningsqualityfactor_cogsinvt,matrix,59,Absolute value of the difference between yearly percent change in trailing 12-month cost of goods sold and yearly percent change in inventory level,Matrix,100,17,USA,TOP3000,1
mdl177_2_earningsqualityfactor_dpcapex,matrix,95,Absolute value of the difference between yearly percent change in trailing 12-month depreciation expense and yearly percent change in trailing 12-month capital expenditure,Matrix,100,183,USA,TOP3000,1
mdl177_2_earningsqualityfactor_epschgetr,matrix,86,Trailing 12-month pre-tax income per share times the difference between current and prior year effective tax rates (tax expense divided by pre-tax income),Matrix,100,9,USA,TOP3000,1
mdl177_2_earningsqualityfactor_erc,matrix,86,Earnings Response Coefficient,Matrix,100,19,USA,TOP3000,1
mdl177_2_earningsqualityfactor_indrelrecd_,matrix,56,"A stock’s asset-adjusted annual doubtful receivables minus the industry average, deflated by standard deviation of industry receivables",Matrix,100,13,USA,TOP3000,1
mdl177_2_earningsqualityfactor_ncfeps,matrix,76,Absolute value of the difference between the yearly percent change in trailing 12-month operating cash flow per share and the yearly percent change in trailing 12-month diluted EPS before extraordinary items,Matrix,100,33,USA,TOP3000,1
mdl177_2_earningsqualityfactor_opincltd,matrix,77,Difference between the yearly percent change in operating income and the yearly percent change in long-term debt,Matrix,100,25,USA,TOP3000,1
mdl177_2_earningsqualityfactor_saleeps,matrix,76,Absolute value of the difference between the yearly percent change in trailing 12-month sales per share and the yearly percent change in trailing 12-month diluted earnings per share before extraordinary items,Matrix,100,42,USA,TOP3000,1
mdl177_2_earningsqualityfactor_salegpm,matrix,87,Difference between the yearly change in the most recent reported quarterly sales and the yearly change in quarterly gross profit margin,Matrix,100,19,USA,TOP3000,1
mdl177_2_earningsqualityfactor_salerec,matrix,87,Difference between the yearly percent change in trailing 12-month sales and the yearly percent change in accounts receivable,Matrix,100,287,USA,TOP3000,1
mdl177_2_earningsqualityfactor_ttmaccu,matrix,100,"Difference between trailing 12-month net income and trailing 12-month operating cash flow, scaled by beginning total assets",Matrix,100,218,USA,TOP3000,1
mdl177_2_earningsqualityfactor_uaccl,matrix,62,"Difference between current accrued liabilities and expected levels, scaled by total assets",Matrix,100,22,USA,TOP3000,1
mdl177_2_earningsqualityfactor_uap,matrix,75,"Difference between current accounts payable and expected level (prior year's balance multiplied by COGS growth in trailing 12 months), scaled by total assets",Matrix,100,1051,USA,TOP3000,1
mdl177_2_earningsqualityfactor_uar,matrix,89,"Difference between current accounts receivable and expected level (prior year's balance multiplied by sales growth in trailing 12 months), scaled by total assets",Matrix,100,97,USA,TOP3000,1
mdl177_2_earningsqualityfactor_udep,matrix,97,"Difference between trailing 12-month depreciation expenses and expected depreciation expenses (prior year’s balance multiplied by growth in total fixed assets), scaled by total assets",Matrix,100,113,USA,TOP3000,1
mdl177_2_earningsqualityfactor_uinv,matrix,79,"Difference between current inventory level and expected inventory level, likely scaled by assets",Matrix,100,78,USA,TOP3000,1
mdl177_2_earningsqualityfactor_wcacc,matrix,93,"Sum of changes in receivables, inventory, payables, taxes, assets, and liabilities to measure working capital accruals",Matrix,100,231,USA,TOP3000,1
mdl177_2_earningsqualityfactor_yoychgaa,matrix,100,"Trailing 12-month income before extra items less trailing 12-month operating cash flow, scaled by average total assets, minus same metric one year ago",Matrix,100,84,USA,TOP3000,1
mdl177_2_garpanalystmodel_qgp_alert,matrix,100,"Ranking indicator highlighting stocks that trigger specific GARP alert signals, possibly for rapid reassessment or attention",Matrix,100,120,USA,TOP3000,1
mdl177_2_garpanalystmodel_qgp_avgrating,matrix,100,"Average of analyst ratings for the stock, reflecting consensus analyst opinion",Matrix,100,49,USA,TOP3000,1
mdl177_2_garpanalystmodel_qgp_capeff,matrix,99,"Measurement of how efficiently a company utilizes its capital/resources, ranked relative to peers",Matrix,100,1398,USA,TOP3000,1
mdl177_2_garpanalystmodel_qgp_chgvaluation,matrix,96,"Three-month change in valuation metrics, tracking how a stock's valuation measures have evolved over the past quarter",Matrix,100,30,USA,TOP3000,1
mdl177_2_garpanalystmodel_qgp_composite,matrix,98,Composite score aggregating multiple GARP-specific metrics to represent overall attractiveness based on GARP principles,Matrix,100,119,USA,TOP3000,1
mdl177_2_garpanalystmodel_qgp_growthval,matrix,100,"Valuation of a stock adjusted for its growth metrics, used within a GARP (Growth at a Reasonable Price) analyst framework",Matrix,100,55,USA,TOP3000,1
mdl177_2_garpanalystmodel_qgp_relgrowth,matrix,93,"Rank comparing a stock’s growth metrics to its peers, emphasizing relative growth within its universe",Matrix,100,160,USA,TOP3000,1
mdl177_2_garpanalystmodel_qgp_relpegy,matrix,69,"A rolling ranking of stocks combining their PEGY (Price/Earnings-to-Growth-and-Yield) ratio over a set period, representing value adjusted for growth and yield relative to peers",Matrix,100,83,USA,TOP3000,1
mdl177_2_garpanalystmodel_qgp_roefcf,matrix,93,Combined rank measuring both Return on Equity and Free Cash Flow to capture quality and profitability,Matrix,100,299,USA,TOP3000,1
mdl177_2_garpanalystmodel_qgp_valuation,matrix,99,"Ranking of a stock's valuation according to GARP analyst metrics, possibly considering price-to-earnings, price-to-book, etc.",Matrix,100,145,USA,TOP3000,1
mdl177_2_garpanalystmodel_qgp_vfpriceratio,matrix,98,"Ranking based on the ratio of intrinsic (fundamental, value-based) valuation to market price, indicating relative under/overvaluation",Matrix,100,950,USA,TOP3000,1
mdl177_2_garpanalystmodel_qgp_wratingchg,matrix,99,"Six-month weighted change in analyst ratings, capturing recent shifts in analyst opinion",Matrix,100,60,USA,TOP3000,1
mdl177_2_garpmodel_gpm_composite,matrix,100,GPM Composite Model,Matrix,100,128,USA,TOP3000,1
mdl177_2_globaldevnorthamerica_v502_aci,matrix,56,Abnormal Capital Investment: measures the change in a firm's recent 12-month capital investment intensity compared to its average prior 3-year investment intensity,Matrix,100,5,USA,TOP3000,1
mdl177_2_globaldevnorthamerica_v502_acp,matrix,55,"Average Collection Period: average of trailing 12-month accounts receivable times 365 divided by trailing 12-month sales, indicating how long it takes for a company to collect payments",Matrix,100,3,USA,TOP3000,1
mdl177_2_globaldevnorthamerica_v502_acqmul,matrix,55,"Acquisition Multiple: most recent invested capital divided by trailing 12-month EBITDA, showing acquisition valuation",Matrix,100,5,USA,TOP3000,1
mdl177_2_globaldevnorthamerica_v502_actrtn12m,matrix,59,12-Month Active Return with 1-month Lag: percent change in stock price from month t-13 to t-1,Matrix,100,1,USA,TOP3000,1
mdl177_2_globaldevnorthamerica_v502_actrtn18m,matrix,58,18-Month Active Return with 1-Month Lag: percent change in stock price from month t-19 to t-1,Matrix,100,4,USA,TOP3000,1
mdl177_2_globaldevnorthamerica_v502_actrtn1m,matrix,61,1-Month Active Return: percent change in stock price from month t-1 to t,Matrix,100,3,USA,TOP3000,1
mdl177_2_globaldevnorthamerica_v502_actrtn24m,matrix,57,24-Month Active Return with 1-Month Lag: percent change in stock price from month t-25 to t-1,Matrix,100,7,USA,TOP3000,1
mdl177_2_globaldevnorthamerica_v502_actrtn2m,matrix,61,2-Month Active Return: percent change in stock price from month t-2 to t,Matrix,100,3,USA,TOP3000,1
mdl177_2_globaldevnorthamerica_v502_actrtn36m,matrix,55,36-Month Active Return with 1-Month Lag: percent change in stock price from month t-37 to t-1,Matrix,100,15,USA,TOP3000,1
mdl177_2_globaldevnorthamerica_v502_actrtn3m,matrix,61,3-Month Active Return: percent change in stock price from month t-3 to t,Matrix,100,6,USA,TOP3000,1
mdl177_2_globaldevnorthamerica_v502_actrtn60m,matrix,51,60-Month Active Return with 1-Month Lag: percent change in stock price from month t-61 to t-1,Matrix,100,2,USA,TOP3000,1
mdl177_2_globaldevnorthamerica_v502_actrtn6m,matrix,60,6-Month Active Return with 1-Month Lag: percent change in stock price from month t-7 to t-1,Matrix,100,2,USA,TOP3000,1
mdl177_2_globaldevnorthamerica_v502_actrtn9m,matrix,60,9-Month Active Return with 1-Month Lag: percent change in stock price from month t-10 to t-1,Matrix,100,4,USA,TOP3000,1
mdl177_2_globaldevnorthamerica_v502_alpha60m,matrix,51,"60-Month Alpha: intercept from regression of stock's monthly return versus S&P 500 monthly return for the past 60 months, representing risk-adjusted outperformance",Matrix,100,42,USA,TOP3000,1
mdl177_2_globaldevnorthamerica_v502_app,matrix,48,"Average Payable Period: average of trailing 12-month accounts payable times 365 divided by trailing 12-month cost of goods sold, indicating how long a company takes to pay suppliers",Matrix,100,6,USA,TOP3000,1
mdl177_2_globaldevnorthamerica_v502_aqi,matrix,49,"Asset Quality Index: year-over-year change of 1 minus the ratio of current assets plus PP&E to total assets, reflecting asset quality improvement or deterioration",Matrix,100,28,USA,TOP3000,1
mdl177_2_globaldevnorthamerica_v502_aspanratio,matrix,55,"Operating assets minus operating liabilities for the quarter, divided by lagged total assets, a balance sheet efficiency measure",Matrix,100,44,USA,TOP3000,1
mdl177_2_globaldevnorthamerica_v502_astcomp,matrix,50,"Asset Composition: total current assets from the most recent quarter divided by total assets from the same quarter, indicating the proportion of current assets",Matrix,100,40,USA,TOP3000,1
mdl177_2_globaldevnorthamerica_v502_astto,matrix,61,"Assets Turnover Ratio: trailing 12-month sales divided by most recent quarterly assets, measuring efficiency of asset usage in generating sales",Matrix,100,7,USA,TOP3000,1
mdl177_2_globaldevnorthamerica_v502_bdi,matrix,52,Basic Defensive Interval: number of days a company can cover daily operating expenses solely from its cash and receivables,Matrix,100,12,USA,TOP3000,1
mdl177_2_globaldevnorthamerica_v502_beta,matrix,53,"60-Month Beta: measure of stock's sensitivity to market movements, calculated as a weighted average (0.67 × 60-month beta + 0.33 × beta) using covariance of stock and S&P 500 monthly returns",Matrix,100,10,USA,TOP3000,1
mdl177_2_globaldevnorthamerica_v502_betasigma,matrix,51,"Product of Beta and Sigma: product of 60-month adjusted beta and 60-month standard deviation of monthly returns, a risk metric",Matrix,100,3,USA,TOP3000,1
mdl177_2_globaldevnorthamerica_v502_booklev,matrix,61,"Book Leverage: most recent quarterly total assets divided by book equity, a leverage ratio",Matrix,100,16,USA,TOP3000,1
mdl177_2_globaldevnorthamerica_v502_bp,matrix,61,"Book-to-Market: most recent book value per share divided by month-end trading price, a value investing measure",Matrix,100,49,USA,TOP3000,1
mdl177_2_globaldevnorthamerica_v502_capacq,matrix,59,"Capital Acquisition Ratio: trailing 12-month operating cash flow less cash dividends, divided by total expenditures in the same period, a management quality/profitability measure",Matrix,100,2,USA,TOP3000,1
mdl177_2_globaldevnorthamerica_v502_capexast,matrix,61,"Capital Expenditure-to-Total Assets: trailing 12-month capital expenditures divided by most recent quarter's total assets, a capital investment measure",Matrix,100,4,USA,TOP3000,1
mdl177_2_globaldevnorthamerica_v502_capexsale,matrix,61,"TTM Capital Expenditures-to-Sales: trailing 12-month capital expenditures divided by trailing 12-month sales, indicating capital intensity relative to sales",Matrix,100,6,USA,TOP3000,1
mdl177_2_globaldevnorthamerica_v502_cashburnrate,matrix,55,Rate at which a company burns cash; computed as negative (operating cash flow plus investing cash flow) divided by cash and short-term investments,Matrix,100,11,USA,TOP3000,1
mdl177_2_globaldevnorthamerica_v502_cashc,matrix,48,Cash conversion cycle in days: inventory days plus receivables days minus payables days,Matrix,100,5,USA,TOP3000,1
mdl177_2_globaldevnorthamerica_v502_cashp,matrix,55,Cash and equivalents per share divided by trading price (cash-to-price ratio),Matrix,100,2,USA,TOP3000,1
mdl177_2_globaldevnorthamerica_v502_cashratio,matrix,50,Cash and equivalents divided by current liabilities (cash ratio),Matrix,100,18,USA,TOP3000,1
mdl177_2_globaldevnorthamerica_v502_cashsale,matrix,55,Cash-to-sales ratio: trailing 12-month average cash and equivalents divided by trailing 12-month sales,Matrix,100,4,USA,TOP3000,1
mdl177_2_globaldevnorthamerica_v502_cashsev,matrix,55,Total cash and equivalents divided by enterprise value,Matrix,100,5,USA,TOP3000,1
mdl177_2_globaldevnorthamerica_v502_ccd,matrix,49,Current cash flow debt coverage: (cash flow from operations minus dividends) divided by current interest-bearing debt,Matrix,100,6,USA,TOP3000,1
mdl177_2_globaldevnorthamerica_v502_cfita,matrix,61,Trailing 12-month investing cash flow divided by average total assets over the last four quarters,Matrix,100,4,USA,TOP3000,1
mdl177_2_globaldevnorthamerica_v502_cfleverage,matrix,57,Total liabilities divided by trailing 12-month operating cash flow (cash flow leverage),Matrix,100,2,USA,TOP3000,1
mdl177_2_globaldevnorthamerica_v502_cfroi,matrix,60,"Trailing 12-month cash flow divided by average invested capital (equity, long-term debt, minority interest, and preferred stock)",Matrix,100,3,USA,TOP3000,1
mdl177_2_globaldevnorthamerica_v502_cg3ysales,matrix,58,Geometric growth rate of trailing 12-month sales per share over the last 12 quarters (3-year compound annual growth),Matrix,100,4,USA,TOP3000,1
mdl177_2_globaldevnorthamerica_v502_chg3ycfast,matrix,57,"Three-year change in assets-adjusted trailing 12-month operating cash flow: current minus 12 quarters ago, scaled by average total assets",Matrix,100,13,USA,TOP3000,1
mdl177_2_globaldevnorthamerica_v502_chg3ycfp,matrix,57,"Three-year change in price-adjusted trailing 12-month cash flow per share: current minus 12 quarters ago, divided by price",Matrix,100,3,USA,TOP3000,1
mdl177_2_globaldevnorthamerica_v502_chg3yepsast,matrix,59,"Three-year change in assets-adjusted trailing 12-month EPS (before extra items): current minus 12 quarters ago, scaled by average assets per share",Matrix,100,1,USA,TOP3000,1
mdl177_2_globaldevnorthamerica_v502_chg3yepsp,matrix,59,"Three-year change in price-adjusted trailing 12-month EPS: current minus 12 quarters ago, divided by month-end trading price",Matrix,100,6,USA,TOP3000,1
mdl177_2_globaldevnorthamerica_v502_chg3yfcfast,matrix,59,"Three-year change in assets-adjusted trailing 12-month free cash flow: current minus 12 quarters ago, divided by average total assets",Matrix,100,59,USA,TOP3000,1
mdl177_2_globaldevnorthamerica_v502_chg3yfcfp,matrix,58,"Three-year change in price-adjusted trailing 12-month free cash flow per share: current minus 12 quarters ago, divided by month-end trading price",Matrix,100,1,USA,TOP3000,1
mdl177_2_globaldevnorthamerica_v502_chg3yocfast,matrix,59,"Three-year change in assets-adjusted trailing 12-month operating cash flow: current minus 12 quarters ago, divided by average total assets",Matrix,100,3,USA,TOP3000,1
mdl177_2_globaldevnorthamerica_v502_chg3yocfp,matrix,58,Three-year change in price-adjusted trailing 12-month operating cash flow per share: current minus 12 quarters ago divided by trading price,Matrix,100,2,USA,TOP3000,1
mdl177_2_globaldevnorthamerica_v502_chg6malpha18m,matrix,57,Six-month nominal change in 18-month alpha; alpha is the intercept from regressing monthly returns on the S&P 500 over the past 18 months,Matrix,100,6,USA,TOP3000,1
mdl177_2_globaldevnorthamerica_v502_chg6mltg,matrix,54,Percent change in mean consensus long-term growth forecast compared to six months ago,Matrix,100,3,USA,TOP3000,1
mdl177_2_globaldevnorthamerica_v502_chgalpha12m,matrix,58,Six-month nominal change in 12-month alpha; alpha is the regression intercept of monthly returns versus the S&P 500,Matrix,100,0,USA,TOP3000,1
mdl177_2_globaldevnorthamerica_v502_chgalpha36m,matrix,54,Six-month nominal change in 36-month alpha; alpha is the regression intercept of monthly returns versus the S&P 500 over 36 months,Matrix,100,4,USA,TOP3000,1
mdl177_2_globaldevnorthamerica_v502_chgars,matrix,55,One-year change in accounts receivable as a percentage of trailing 12-month sales; current minus four quarters ago,Matrix,100,28,USA,TOP3000,1
mdl177_2_globaldevnorthamerica_v502_chgcf,matrix,60,One-year change in assets-adjusted trailing 12-month cash flow; current minus four quarters ago scaled by average total assets,Matrix,100,4,USA,TOP3000,1
mdl177_2_globaldevnorthamerica_v502_chgcfp,matrix,60,One-year change in price-adjusted trailing 12-month cash flow per share; current minus four quarters ago divided by trading price,Matrix,100,9,USA,TOP3000,1
mdl177_2_globaldevnorthamerica_v502_chgeps,matrix,61,One-year change in assets-adjusted trailing 12-month EPS (before extra items); current minus four quarters ago deflated by average assets per share,Matrix,100,2,USA,TOP3000,1
mdl177_2_globaldevnorthamerica_v502_chgepsp,matrix,61,One-year change in price-adjusted trailing 12-month EPS; current minus four quarters ago divided by month-end trading price,Matrix,100,5,USA,TOP3000,1
mdl177_2_globaldevnorthamerica_v502_chgfcf,matrix,61,One-year change in assets-adjusted trailing 12-month free cash flow; current minus four quarters ago divided by average total assets,Matrix,100,6,USA,TOP3000,1
mdl177_2_globaldevnorthamerica_v502_chgfcfp,matrix,61,One-year change in price-adjusted trailing 12-month free cash flow per share; current minus four quarters ago divided by trading price,Matrix,100,7,USA,TOP3000,1
mdl177_2_globaldevnorthamerica_v502_chgis,matrix,54,Change in inventory as a percentage of sales over one year; calculated as latest reported inventory/sales minus same ratio from four quarters ago,Matrix,100,1,USA,TOP3000,1
mdl177_2_globaldevnorthamerica_v502_chgnoa,matrix,55,Year-over-year change in net operating assets to total assets; net operating assets = short-term debt + long-term debt + preferred equity + common equity - cash,Matrix,100,7,USA,TOP3000,1
mdl177_2_globaldevnorthamerica_v502_chgnpm,matrix,60,Change in net profit margin over one year; calculated as latest quarterly net profit margin minus net profit margin from four quarters ago,Matrix,100,6,USA,TOP3000,1
mdl177_2_globaldevnorthamerica_v502_chgocf,matrix,61,"Change in trailing twelve-month operating cash flow, asset-adjusted, over one year; calculated as the latest TTM operating cash flow minus TTM operating cash flow from four quarters ago, divided by average total assets",Matrix,100,6,USA,TOP3000,1
mdl177_2_globaldevnorthamerica_v502_chgocfp,matrix,61,"Change in trailing twelve-month operating cash flow per share over one year, divided by trading price",Matrix,100,14,USA,TOP3000,1
mdl177_2_globaldevnorthamerica_v502_chgollev,matrix,59,Change in operating liability leverage over one year; operating liability leverage = 1 - (short-term debt + long-term debt + common equity + preferred equity - cash) / (total assets - cash); difference between current quarter and four quarters ago,Matrix,100,5,USA,TOP3000,1
mdl177_2_globaldevnorthamerica_v502_chgopm,matrix,59,Change in operating profit margin over one year; most recent quarterly operating profit margin minus operating profit margin from four quarters ago,Matrix,100,3,USA,TOP3000,1
mdl177_2_globaldevnorthamerica_v502_chgreccast,matrix,49,Percent change in accounts receivable to current assets ratio over one year; most recent quarterly ratio minus ratio from same quarter one year ago,Matrix,100,20,USA,TOP3000,1
mdl177_2_globaldevnorthamerica_v502_chgsgasale,matrix,55,Difference between yearly change in quarterly SG&A expenses and yearly change in quarterly sales,Matrix,100,3,USA,TOP3000,1
mdl177_2_globaldevnorthamerica_v502_chgshare,matrix,61,Percent change in shares outstanding over one year; current vs. one year ago,Matrix,100,11,USA,TOP3000,1
mdl177_2_globaldevnorthamerica_v502_chgvolpre4y,matrix,51,Change in average trading volume over four years; difference in the most recent 6-month moving average of monthly turnover compared to the 12-month moving average four years ago,Matrix,100,5,USA,TOP3000,1
mdl177_2_globaldevnorthamerica_v502_cogsinvt,matrix,37,Absolute difference between yearly percent change in trailing twelve-month cost of goods sold and yearly percent change in inventory level,Matrix,100,8,USA,TOP3000,1
mdl177_2_globaldevnorthamerica_v502_covol,matrix,57,Sixty-month trading volume trend; slope of regression line of last 60 months' monthly trading volume against time,Matrix,100,2,USA,TOP3000,1
mdl177_2_globaldevnorthamerica_v502_curindbp_,matrix,61,"Stock's current book-to-price ratio minus industry average, deflated by industry standard deviation",Matrix,100,7,USA,TOP3000,1
mdl177_2_globaldevnorthamerica_v502_curindcfp_,matrix,60,"Stock’s TTM cash flow-to-price ratio minus industry average, deflated by industry standard deviation",Matrix,100,7,USA,TOP3000,1
mdl177_2_globaldevnorthamerica_v502_curinddivp_,matrix,60,"Stock’s TTM dividend yield minus industry average, deflated by industry standard deviation",Matrix,100,2,USA,TOP3000,1
mdl177_2_globaldevnorthamerica_v502_curindebitdap_,matrix,60,"Stock’s TTM EBITDA-to-price ratio minus industry average, deflated by industry standard deviation",Matrix,100,10,USA,TOP3000,1
mdl177_2_globaldevnorthamerica_v502_curindep_,matrix,61,"Trailing twelve-month EPS-to-price ratio minus industry average, deflated by industry standard deviation",Matrix,100,12,USA,TOP3000,1
mdl177_2_globaldevnorthamerica_v502_curindfcfp_,matrix,61,"Stock’s TTM free cash flow-to-price ratio minus industry average, deflated by industry standard deviation",Matrix,100,18,USA,TOP3000,1
mdl177_2_globaldevnorthamerica_v502_curindocfp_,matrix,61,"Stock’s TTM operating cash flow-to-price ratio minus industry average, deflated by industry standard deviation",Matrix,100,23,USA,TOP3000,1
mdl177_2_globaldevnorthamerica_v502_curindocfta_,matrix,61,"Stock’s TTM operating cash flow-to-total assets ratio minus industry average, deflated by industry standard deviation",Matrix,100,12,USA,TOP3000,1
mdl177_2_globaldevnorthamerica_v502_curindsp_,matrix,61,"Stock’s TTM sales-to-price ratio minus industry average, deflated by industry standard deviation",Matrix,100,16,USA,TOP3000,1
mdl177_2_globaldevnorthamerica_v502_curratio,matrix,50,Current assets divided by current liabilities from most recent quarter; a measure of liquidity,Matrix,100,2,USA,TOP3000,1
mdl177_2_globaldevnorthamerica_v502_cusip_sedol,matrix,60,"Security identifier, typically CUSIP or SEDOL code used to uniquely identify a stock or financial instrument",Matrix,100,16,USA,TOP3000,1
mdl177_2_globaldevnorthamerica_v502_cvpre90dp,matrix,61,Coefficient of variation of prior 90 days closing prices; last 90 days' price standard deviation divided by mean,Matrix,100,5,USA,TOP3000,1
mdl177_2_globaldevnorthamerica_v502_cvvolp20d,matrix,61,Ratio of 20-day price volatility to 20-day volume volatility; coefficient of variation of closing prices divided by coefficient of variation of daily trading volume for last 20 days,Matrix,100,6,USA,TOP3000,1
mdl177_2_globaldevnorthamerica_v502_de,matrix,61,Long-term debt divided by book equity from most recent quarter,Matrix,100,5,USA,TOP3000,1
mdl177_2_globaldevnorthamerica_v502_debtcf,matrix,61,Sum of long-term debt and short-term interest-bearing debt divided by trailing twelve-month cash flow,Matrix,100,3,USA,TOP3000,1
mdl177_2_globaldevnorthamerica_v502_dfl,matrix,60,Sum of trailing 12-month pretax income and interest expense divided by trailing 12-month pretax income,Matrix,100,16,USA,TOP3000,1
mdl177_2_globaldevnorthamerica_v502_divcf,matrix,35,Trailing 12-month cash dividends divided by trailing 12-month cash flow,Matrix,100,1,USA,TOP3000,1
mdl177_2_globaldevnorthamerica_v502_divcov,matrix,36,Dividend Coverage Ratio: Company's trailing twelve-month profit from operations divided by its annual dividend payments,Matrix,100,2,USA,TOP3000,1
mdl177_2_globaldevnorthamerica_v502_divyield,matrix,61,TTM Dividend Yield: Trailing twelve-month dividends per share divided by month-end trading price,Matrix,100,11,USA,TOP3000,1
mdl177_2_globaldevnorthamerica_v502_dpcapex,matrix,58,Change in TTM Depreciation vs. CapEx: Absolute difference between yearly percent change in depreciation expense and that of capital expenditure over trailing twelve months,Matrix,100,10,USA,TOP3000,1
mdl177_2_globaldevnorthamerica_v502_ebitdaev,matrix,60,"TTM EBITDA-to-Enterprise Value: Trailing twelve-month earnings before interest, taxes, depreciation, and amortization divided by enterprise value (EV)",Matrix,100,12,USA,TOP3000,1
mdl177_2_globaldevnorthamerica_v502_ebitdap,matrix,60,"TTM EBITDA-to-Price: Trailing twelve-month earnings before interest, taxes, depreciation, and amortization divided by month-end trading price",Matrix,100,6,USA,TOP3000,1
mdl177_2_globaldevnorthamerica_v502_epschgetr,matrix,55,EPS from Change in Effective Tax Rate: Trailing twelve-month pre-tax income per share multiplied by the change in effective tax rate over the last four quarters,Matrix,100,28,USA,TOP3000,1
mdl177_2_globaldevnorthamerica_v502_equityto,matrix,61,Equity Turnover Ratio: Trailing twelve-month sales divided by average trailing twelve-month reported book equity,Matrix,100,16,USA,TOP3000,1
mdl177_2_globaldevnorthamerica_v502_fc_curindfwdep_,matrix,61,Industry Relative Leading 4-QTRs EPS to Price: Stock's next four quarters' consensus EPS-to-price ratio minus industry average and deflated by industry standard deviation,Matrix,100,130,USA,TOP3000,1
mdl177_2_globaldevnorthamerica_v502_fc_cvfy1eps,matrix,58,FY1 EPS Estimates Dispersion: Standard deviation of analyst earnings estimates for fiscal year one divided by mean consensus forecast,Matrix,100,9,USA,TOP3000,1
mdl177_2_globaldevnorthamerica_v502_fc_cvfy2eps,matrix,58,FY2 EPS Forecast Dispersion: Standard deviation of analyst earnings estimates for fiscal year two divided by mean consensus forecast,Matrix,100,3,USA,TOP3000,1
mdl177_2_globaldevnorthamerica_v502_fc_dypeg,matrix,53,Reciprocal of Dividend Yield-adjusted PEG: Reciprocal of forward twelve-month price/earnings ratio divided by sum of forecasted long-term growth rate and indicated dividend yield,Matrix,100,20,USA,TOP3000,1
mdl177_2_globaldevnorthamerica_v502_fc_ebop,matrix,53,"Edwards-Bell-Ohlson Value-to-Price: Firm's intrinsic valuation from EBO model divided by month-end trading price, comparing generated earnings to cost of capital",Matrix,100,25,USA,TOP3000,1
mdl177_2_globaldevnorthamerica_v502_fc_egp,matrix,54,Inverse PEG Ratio: Next one year average forecasted earnings multiplied by long-term growth rate and scaled by stock price,Matrix,100,9,USA,TOP3000,1
mdl177_2_globaldevnorthamerica_v502_fc_epsrm,matrix,55,Street Revision Magnitude: Three-month change in analysts' median forecast for fiscal year one scaled by current mean estimate,Matrix,100,5,USA,TOP3000,1
mdl177_2_globaldevnorthamerica_v502_fc_estep,matrix,61,Leading 12-Month Median Earnings Yield: Next fiscal year's median consensus earnings estimate divided by current trading price,Matrix,100,78,USA,TOP3000,1
mdl177_2_globaldevnorthamerica_v502_fc_f12mepssev,matrix,61,Forward 12-M EPS-to-Enterprise Value: Consensus forward twelve-month earnings per share forecast divided by sum of market value of equity per share and book value of long-term debt per share,Matrix,100,13,USA,TOP3000,1
mdl177_2_globaldevnorthamerica_v502_fc_fcfp,matrix,60,"Forward Free Cash Flow-to-Price: Next four quarters' mean consensus earnings estimate plus trailing twelve-month depreciation minus capital expenditures, divided by trading price",Matrix,100,42,USA,TOP3000,1
mdl177_2_globaldevnorthamerica_v502_fc_fcfroey1p,matrix,59,"Product of TTM FCF Yield and Forward ROE: Trailing twelve-month free cash flow per share times next four quarters' consensus earnings forecast divided by book value per share, scaled by trading price",Matrix,100,18,USA,TOP3000,1
mdl177_2_globaldevnorthamerica_v502_fc_fwdep,matrix,61,Leading 12-Month Mean Earnings Yield: Next four quarters' mean consensus earnings estimate divided by trading price,Matrix,100,70,USA,TOP3000,1
mdl177_2_globaldevnorthamerica_v502_fc_fwdroe,matrix,59,Forward Return on Equity: Analysts' earnings estimate for next four quarters divided by most recent reported common equity per share,Matrix,100,18,USA,TOP3000,1
mdl177_2_globaldevnorthamerica_v502_fc_hlep,matrix,61,"Street Revision Confidence: Sum of three-month change in highest and lowest fiscal year one earnings estimates, scaled by month-end trading price",Matrix,100,8,USA,TOP3000,1
mdl177_2_globaldevnorthamerica_v502_fc_numest,matrix,61,Number of Analyst Coverage: Count of analysts making earnings estimates for fiscal year one,Matrix,100,4,USA,TOP3000,1
mdl177_2_globaldevnorthamerica_v502_fc_numrevy1,matrix,61,"Net Number of Revisions for Fiscal Year One: Weighted average of analyst increases minus decreases in FY1 forecasts, divided by total analyst forecasts for the month",Matrix,100,3,USA,TOP3000,1
mdl177_2_globaldevnorthamerica_v502_fc_pdy,matrix,50,"Predicted Dividend Yield: Assumed payout ratio times next four quarters' consensus earnings estimate divided by trading price; payout ratio blended from last year, consensus long-term growth rate, and base value",Matrix,100,49,USA,TOP3000,1
mdl177_2_globaldevnorthamerica_v502_fc_rel5yfwdep,matrix,54,"Five-Year Relative Leading 12-M Earnings Yield: Stock's current next four quarters' consensus earnings-to-price ratio minus five-year average, scaled by five-year standard deviation",Matrix,100,17,USA,TOP3000,1
mdl177_2_globaldevnorthamerica_v502_fc_rev3y1,matrix,61,"Three-Month Revision in FY1 EPS Forecasts: Change in current mean consensus forecast for fiscal year one minus three months ago, deflated by trading price",Matrix,100,7,USA,TOP3000,1
mdl177_2_globaldevnorthamerica_v502_fc_rev3y2,matrix,61,"Three-Month Revision in FY2 EPS Forecasts: Change in current mean consensus earnings estimate for fiscal year two minus three months ago, deflated by trading price",Matrix,100,4,USA,TOP3000,1
mdl177_2_globaldevnorthamerica_v502_fc_rev6,matrix,60,"Six-Month Average Revision for FY1 EPS: Average of prior six months' monthly changes in consensus analyst forecasts for fiscal year one, scaled by previous month-end price",Matrix,100,229,USA,TOP3000,1
mdl177_2_globaldevnorthamerica_v502_fc_stdevfy1epsp,matrix,60,Std Dev of FY1 EPS Estimates-to-Price: Standard deviation of analyst forecasts for fiscal year one scaled by closing price,Matrix,100,10,USA,TOP3000,1
mdl177_2_globaldevnorthamerica_v502_fc_stdevfy2epsp,matrix,60,Std Dev of FY2 EPS Estimates-to-Price: Standard deviation of analyst forecasts for fiscal year two scaled by closing price,Matrix,100,7,USA,TOP3000,1
mdl177_2_globaldevnorthamerica_v502_fc_y2aepsg,matrix,61,"Forecasted EPS growth for 2 years ahead: most recent consensus earnings estimate for year 2 minus year 1, divided by trading price",Matrix,100,7,USA,TOP3000,1
mdl177_2_globaldevnorthamerica_v502_fcfequity,matrix,60,Trailing 12-month free cash flow divided by average book equity over the same period,Matrix,100,5,USA,TOP3000,1
mdl177_2_globaldevnorthamerica_v502_fcfroi,matrix,61,"Trailing 12-month free cash flow divided by average invested capital (sum of common equity, long-term debt, minority interest, preferred stock) over the same period",Matrix,100,5,USA,TOP3000,1
mdl177_2_globaldevnorthamerica_v502_fcfsale,matrix,61,Trailing 12-month free cash flow divided by trailing 12-month sales,Matrix,100,4,USA,TOP3000,1
mdl177_2_globaldevnorthamerica_v502_ff10mrtn,matrix,59,Percent change in stock price from 12 months ago to 2 months ago (momentum),Matrix,100,1,USA,TOP3000,1
mdl177_2_globaldevnorthamerica_v502_fixastto,matrix,60,Trailing 12-month sales divided by average total fixed assets for the same period,Matrix,100,6,USA,TOP3000,1
mdl177_2_globaldevnorthamerica_v502_flowratio,matrix,50,"(Current assets minus cash/equivalents) divided by (current liabilities minus short-term debt), using most recent quarter",Matrix,100,7,USA,TOP3000,1
mdl177_2_globaldevnorthamerica_v502_gear,matrix,61,Long-term debt divided by (total assets minus current liabilities),Matrix,100,2,USA,TOP3000,1
mdl177_2_globaldevnorthamerica_v502_high52w,matrix,61,Month-end price divided by highest monthly closing price in the past 12 months,Matrix,100,18,USA,TOP3000,1
mdl177_2_globaldevnorthamerica_v502_indrelcroe_,matrix,58,"Stock's lagged quarterly ROE minus industry average ROE, deflated by industry ROE standard deviation",Matrix,100,12,USA,TOP3000,1
mdl177_2_globaldevnorthamerica_v502_indrelrecd_,matrix,38,"Stock's asset-adjusted annual doubtful receivables minus industry average, deflated by industry standard deviation",Matrix,100,9,USA,TOP3000,1
mdl177_2_globaldevnorthamerica_v502_indrelrtn4w_,matrix,61,"Stock’s 4-week return minus industry average 4-week return, deflated by industry standard deviation",Matrix,100,4,USA,TOP3000,1
mdl177_2_globaldevnorthamerica_v502_indrelrtn5d_,matrix,61,"Stock’s 5-day return minus industry average 5-day return, deflated by industry standard deviation",Matrix,100,54,USA,TOP3000,1
mdl177_2_globaldevnorthamerica_v502_intcov,matrix,56,Quarterly operating income before depreciation divided by quarterly long-term debt interest expenses,Matrix,100,2,USA,TOP3000,1
mdl177_2_globaldevnorthamerica_v502_invast,matrix,55,Current inventory level divided by total assets from most recent quarter,Matrix,100,9,USA,TOP3000,1
mdl177_2_globaldevnorthamerica_v502_invto,matrix,37,Trailing 12-month cost of goods sold divided by average inventory in the same period,Matrix,100,5,USA,TOP3000,1
mdl177_2_globaldevnorthamerica_v502_lagegp,matrix,58,"Trailing 12-month EPS before extraordinary items multiplied by change in yearly sales per share growth rate, divided by trading price",Matrix,100,2,USA,TOP3000,1
mdl177_2_globaldevnorthamerica_v502_liqcoeff,matrix,59,Slope of regression between monthly stock trading turnover ratio and monthly stock price returns,Matrix,100,0,USA,TOP3000,1
mdl177_2_globaldevnorthamerica_v502_ltg,matrix,58,"Consensus long-term growth forecast, typically expected annual operating earnings increase over next business cycle",Matrix,100,6,USA,TOP3000,1
mdl177_2_globaldevnorthamerica_v502_milliq,matrix,61,Monthly average of daily absolute return to daily dollar trading volume ratio (illiquidity measure),Matrix,100,3,USA,TOP3000,1
mdl177_2_globaldevnorthamerica_v502_mktcappera,matrix,61,Current market capitalization divided by number of analysts providing Fiscal Year 1 EPS estimates,Matrix,100,12,USA,TOP3000,1
mdl177_2_globaldevnorthamerica_v502_mktlev,matrix,61,Total market value plus latest reported book debt divided by market value,Matrix,100,7,USA,TOP3000,1
mdl177_2_globaldevnorthamerica_v502_navp,matrix,61,"Book value of net assets per share minus intangibles and liabilities, divided by closing price",Matrix,100,8,USA,TOP3000,1
mdl177_2_globaldevnorthamerica_v502_ncfeps,matrix,53,"Absolute difference between yearly percent change in operating cash flow per share and yearly percent change in diluted EPS before extraordinary items, TTM",Matrix,100,6,USA,TOP3000,1
mdl177_2_globaldevnorthamerica_v502_netcashp,matrix,55,"Quarterly cash & equivalents minus long- and short-term debt, divided by current market value",Matrix,100,11,USA,TOP3000,1
mdl177_2_globaldevnorthamerica_v502_netdebt,matrix,61,"Net debt (long- plus short-term debt minus cash & equivalents) divided by the sum of net debt, preferred stock, and common stock (quarterly)",Matrix,100,10,USA,TOP3000,1
mdl177_2_globaldevnorthamerica_v502_nfaldebt,matrix,53,Quarterly reported net fixed assets divided by long-term debt,Matrix,100,3,USA,TOP3000,1
mdl177_2_globaldevnorthamerica_v502_niper,matrix,60,Net income after taxes for trailing 12 months divided by number of employees at last fiscal year end,Matrix,100,23,USA,TOP3000,1
mdl177_2_globaldevnorthamerica_v502_nlassets,matrix,61,Natural logarithm of most recent quarterly reported total assets,Matrix,100,3,USA,TOP3000,1
mdl177_2_globaldevnorthamerica_v502_nlmktcap,matrix,61,Natural logarithm of the cubic of stock’s total market value,Matrix,100,8,USA,TOP3000,1
mdl177_2_globaldevnorthamerica_v502_nlprice,matrix,61,Natural logarithm of the cubic of a stock's unadjusted closing price,Matrix,100,5,USA,TOP3000,1
mdl177_2_globaldevnorthamerica_v502_nlsales,matrix,61,Natural logarithm of the cubic of a company's trailing 12-month sales,Matrix,100,1,USA,TOP3000,1
mdl177_2_globaldevnorthamerica_v502_nlvolcap,matrix,60,Natural logarithm of the ratio of trailing 1-year average monthly volume to trailing 1-year average monthly market value of shares outstanding,Matrix,100,2,USA,TOP3000,1
mdl177_2_globaldevnorthamerica_v502_nnastp,matrix,50,"Net current assets per share minus total liabilities per share, divided by price",Matrix,100,4,USA,TOP3000,1
mdl177_2_globaldevnorthamerica_v502_noato,matrix,61,Trailing 12-month sales divided by 4-quarter average net operating assets (net operating assets = short-term debt + long-term debt + preferred equity + common equity - cash),Matrix,100,17,USA,TOP3000,1
mdl177_2_globaldevnorthamerica_v502_nopatmargin,matrix,57,Trailing 12-month NOPAT margin: (Net Income + Interest Expense × (1-Effective Tax Rate)) divided by Net Sales,Matrix,100,4,USA,TOP3000,1
mdl177_2_globaldevnorthamerica_v502_npm,matrix,61,Most recently reported quarterly net income after tax divided by quarterly sales,Matrix,100,12,USA,TOP3000,1
mdl177_2_globaldevnorthamerica_v502_ocfast,matrix,61,Trailing 12-month net cash flow from operations divided by average total assets,Matrix,100,12,USA,TOP3000,1
mdl177_2_globaldevnorthamerica_v502_ocfmargin,matrix,61,Trailing 12-month cash flow from operations divided by trailing 12-month sales,Matrix,100,5,USA,TOP3000,1
mdl177_2_globaldevnorthamerica_v502_ocfratio,matrix,50,Most recently reported quarterly cash flow from operations divided by current liabilities,Matrix,100,11,USA,TOP3000,1
mdl177_2_globaldevnorthamerica_v502_ocfroi,matrix,61,Trailing 12-month operating cash flow divided by average invested capital (invested capital = common equity + long-term debt + minority interest + preferred stock) for the period,Matrix,100,5,USA,TOP3000,1
mdl177_2_globaldevnorthamerica_v502_ollev,matrix,59,1 minus the ratio of (short-term debt + long-term debt + common equity + preferred equity - cash) to (total assets - cash) for the current quarter,Matrix,100,52,USA,TOP3000,1
mdl177_2_globaldevnorthamerica_v502_opincltd,matrix,51,Difference between yearly percent change in operating income and the yearly percent change in long-term debt,Matrix,100,6,USA,TOP3000,1
mdl177_2_globaldevnorthamerica_v502_oplev,matrix,55,Percent change in trailing 12-month operating income (from previous quarter) divided by percent change in trailing 12-month sales (from previous quarter),Matrix,100,4,USA,TOP3000,1
mdl177_2_globaldevnorthamerica_v502_opmb,matrix,60,Most recently reported quarterly operating income divided by quarterly sales,Matrix,100,2,USA,TOP3000,1
mdl177_2_globaldevnorthamerica_v502_p50_200ratio,matrix,60,Moving average of last 50 days stock prices divided by moving average of last 200 days stock prices,Matrix,100,5,USA,TOP3000,1
mdl177_2_globaldevnorthamerica_v502_past,matrix,61,Month-end trading price divided by most recent quarterly reported total assets per share,Matrix,100,27,USA,TOP3000,1
mdl177_2_globaldevnorthamerica_v502_pctabv260low,matrix,61,Current closing price divided by lowest daily low price in last 260 trading days,Matrix,100,1,USA,TOP3000,1
mdl177_2_globaldevnorthamerica_v502_pctchg3ycf,matrix,55,Percent change in most recent trailing 12-month cash flow per share compared to 12 quarters ago,Matrix,100,14,USA,TOP3000,1
mdl177_2_globaldevnorthamerica_v502_pctchg3yeps,matrix,55,Percent change in most recent trailing 12-month earnings per share compared to 12 quarters ago,Matrix,100,3,USA,TOP3000,1
mdl177_2_globaldevnorthamerica_v502_pctchg3yfcf,matrix,52,Percent change in most recent trailing 12-month free cash flow per share compared to 12 quarters ago,Matrix,100,1,USA,TOP3000,1
mdl177_2_globaldevnorthamerica_v502_pctchg3yocf,matrix,56,Percent change in most recent trailing 12-month operating cash flow per share compared to 12 quarters ago,Matrix,100,1,USA,TOP3000,1
mdl177_2_globaldevnorthamerica_v502_pctchgastto,matrix,61,Percent change in most recent asset turnover ratio compared to 4 quarters ago; asset turnover ratio = trailing 12-month sales / average total assets,Matrix,100,12,USA,TOP3000,1
mdl177_2_globaldevnorthamerica_v502_pctchgcf,matrix,57,Percent change in most recent trailing 12-month cash flow per share compared to 4 quarters ago,Matrix,100,1,USA,TOP3000,1
mdl177_2_globaldevnorthamerica_v502_pctchgeps,matrix,56,Percent change in most recent trailing 12-month earnings per share before extra items compared to 4 quarters ago,Matrix,100,4,USA,TOP3000,1
mdl177_2_globaldevnorthamerica_v502_pctchgfcf,matrix,54,Percent change in most recent trailing 12-month free cash flow per share compared to 4 quarters ago,Matrix,100,6,USA,TOP3000,1
mdl177_2_globaldevnorthamerica_v502_pctchgocf,matrix,58,Percent change in most recent trailing 12-month operating cash flow per share compared to 4 quarters ago,Matrix,100,2,USA,TOP3000,1
mdl177_2_globaldevnorthamerica_v502_pctchgqtrast,matrix,61,Growth in most recent reported quarterly total assets per share compared to four quarters ago,Matrix,100,9,USA,TOP3000,1
mdl177_2_globaldevnorthamerica_v502_pctchgqtrsales,matrix,60,Growth in most recent reported quarterly sales per share compared to 4 quarters ago,Matrix,100,2,USA,TOP3000,1
mdl177_2_globaldevnorthamerica_v502_pcurlia,matrix,50,Most recently reported quarterly current liabilities per share divided by closing price,Matrix,100,14,USA,TOP3000,1
mdl177_2_globaldevnorthamerica_v502_perg,matrix,50,"Risk-adjusted PEG Ratio: Stock price divided by forward 12-month consensus earnings, scaled by average long-term growth estimate, and multiplied by 36-month beta",Matrix,100,2,USA,TOP3000,1
mdl177_2_globaldevnorthamerica_v502_pinoa,matrix,49,Pretax Return on Net Operating Assets: Trailing 12-month operating income after depreciation divided by average net operating assets,Matrix,100,8,USA,TOP3000,1
mdl177_2_globaldevnorthamerica_v502_pr_1536,matrix,60,15/36 Week Stock Price Ratio: Moving average of last 15 weeks' prices divided by moving average of last 36 weeks' prices,Matrix,100,6,USA,TOP3000,1
mdl177_2_globaldevnorthamerica_v502_pr_30w75w,matrix,58,30-75 Week Stock Price Ratio: Moving average of last 30 weeks' prices divided by moving average of last 75 weeks' prices,Matrix,100,7,USA,TOP3000,1
mdl177_2_globaldevnorthamerica_v502_qr,matrix,50,Quick Ratio: (Current assets minus inventories) divided by total current liabilities from the most recent quarter,Matrix,100,1,USA,TOP3000,1
mdl177_2_globaldevnorthamerica_v502_rationalalpha,matrix,59,Rational Decay Alpha: Historical 12-month market (S&P 500) adjusted excess return using proprietary decay function (Y-intercept from OLS regression),Matrix,100,3,USA,TOP3000,1
mdl177_2_globaldevnorthamerica_v502_ratrev6m,matrix,60,Street Rating Revision: 6-month average change in analyst recommendations,Matrix,100,3,USA,TOP3000,1
mdl177_2_globaldevnorthamerica_v502_rdsale,matrix,38,R&D Intensity: Average trailing 12-month R&D expenses divided by total sales in the same period,Matrix,100,14,USA,TOP3000,1
mdl177_2_globaldevnorthamerica_v502_reinrate,matrix,59,Reinvestment Rate: (TTM earnings per share before extra items minus TTM dividends per share) divided by average book equity per share,Matrix,100,5,USA,TOP3000,1
mdl177_2_globaldevnorthamerica_v502_rel5ybp,matrix,58,"5-year Relative Book-to-Market: Current book-to-market ratio minus 60-month average BTM, scaled by 60-month standard deviation",Matrix,100,12,USA,TOP3000,1
mdl177_2_globaldevnorthamerica_v502_rel5ycfp,matrix,50,"5-year Relative TTM Cash Flow-to-Price: Current TTM cash flow-to-price ratio minus 60-month average, scaled by 60-month standard deviation",Matrix,100,2,USA,TOP3000,1
mdl177_2_globaldevnorthamerica_v502_rel5ydivp,matrix,35,"5-year Relative TTM Dividend Yield: Current dividend yield minus 60-month average, scaled by 60-month standard deviation",Matrix,100,5,USA,TOP3000,1
mdl177_2_globaldevnorthamerica_v502_rel5yebitdap,matrix,50,"5-year Relative TTM EBITDA-to-Price: Current TTM EBITDA per share-to-price minus 60-month average, scaled by 60-month standard deviation",Matrix,100,3,USA,TOP3000,1
mdl177_2_globaldevnorthamerica_v502_rel5yep,matrix,57,"5-year Relative TTM Earnings-to-Price: Current TTM EPS before extra items-to-price ratio minus 60-month average, scaled by 60-month standard deviation",Matrix,100,2,USA,TOP3000,1
mdl177_2_globaldevnorthamerica_v502_rel5yfcfp,matrix,57,"5-year Relative TTM Free Cash Flow-to-Price: Current TTM free cash flow-to-price minus 60-month average, scaled by 60-month standard deviation",Matrix,100,7,USA,TOP3000,1
mdl177_2_globaldevnorthamerica_v502_rel5yocfp,matrix,57,"5-year Relative TTM Operating Cash Flow-to-Price: Current TTM operating cash flow-to-price minus 60-month average, scaled by 60-month standard deviation",Matrix,100,15,USA,TOP3000,1
mdl177_2_globaldevnorthamerica_v502_rel5ysp,matrix,57,"5-year Relative TTM Sales-to-Price: Current TTM sales-to-price ratio minus 60-month average, scaled by 60-month standard deviation",Matrix,100,1,USA,TOP3000,1
mdl177_2_globaldevnorthamerica_v502_relpricestrength_,matrix,59,"Industry-adjusted 12-month Relative Price Strength: Stock's 12-month price strength minus industry average, deflated by industry standard deviation",Matrix,100,19,USA,TOP3000,1
mdl177_2_globaldevnorthamerica_v502_reoa,matrix,61,Retained Earnings-to-Total Assets: Cumulative retained earnings from most recent quarter divided by total assets in same quarter,Matrix,100,6,USA,TOP3000,1
mdl177_2_globaldevnorthamerica_v502_rerror60m,matrix,51,Regression Error of 60-Month CAPM: Standard error of regression slope for stock's last 60-month returns against S&P 500 returns,Matrix,100,6,USA,TOP3000,1
mdl177_2_globaldevnorthamerica_v502_revper,matrix,60,Revenue per Employee: Trailing 12-month total sales divided by number of employees at last reported fiscal year end,Matrix,100,4,USA,TOP3000,1
mdl177_2_globaldevnorthamerica_v502_roa,matrix,61,Return on Assets: TTM income before extra items divided by average total assets in same period,Matrix,100,10,USA,TOP3000,1
mdl177_2_globaldevnorthamerica_v502_roe,matrix,59,Return on Equity: TTM income before extra items divided by average common equity in same period,Matrix,100,9,USA,TOP3000,1
mdl177_2_globaldevnorthamerica_v502_roic,matrix,60,"Return on Invested Capital: TTM net income plus interest expenses divided by average invested capital (common equity, long-term debt, minority interest, preferred stock)",Matrix,100,8,USA,TOP3000,1
mdl177_2_globaldevnorthamerica_v502_rsi26w,matrix,61,26-Week Relative Price Strength: Most recent weekly closing price divided by weekly closing price 26 weeks ago,Matrix,100,2,USA,TOP3000,1
mdl177_2_globaldevnorthamerica_v502_rtn2nd6m,matrix,59,Second Preceding 6-month Return: Percent price change from month t-12 to t-7,Matrix,100,2,USA,TOP3000,1
mdl177_2_globaldevnorthamerica_v502_rtn39w,matrix,60,39-Week Return with 4-week Lag: Price change from week t-43 to week t-4,Matrix,100,7,USA,TOP3000,1
mdl177_2_globaldevnorthamerica_v502_saleeps,matrix,52,Change in TTM Sales vs EPS: Absolute value of difference between yearly percent change in TTM sales per share and TTM diluted EPS percent change,Matrix,100,6,USA,TOP3000,1
mdl177_2_globaldevnorthamerica_v502_saleg5y,matrix,56,"5-year Sales Growth: Difference between TTM sales per share and those 20 quarters ago, deflated by average prior 20 quarters' sales per share",Matrix,100,5,USA,TOP3000,1
mdl177_2_globaldevnorthamerica_v502_salegpm,matrix,53,Change in Quarterly Sales vs Gross Margin: Difference between yearly change in most recent reported quarterly sales and yearly change in quarterly gross profit margin,Matrix,100,3,USA,TOP3000,1
mdl177_2_globaldevnorthamerica_v502_salerec,matrix,54,Difference between the yearly percent change in trailing 12-month sales and the yearly percent change in accounts receivable,Matrix,100,22,USA,TOP3000,1
mdl177_2_globaldevnorthamerica_v502_sga,matrix,56,"Trailing 12-month selling, general and administrative expenses divided by trailing 12-month sales",Matrix,100,9,USA,TOP3000,1
mdl177_2_globaldevnorthamerica_v502_sigma,matrix,51,Standard deviation of a stock’s monthly returns over the prior 60 months,Matrix,100,2,USA,TOP3000,1
mdl177_2_globaldevnorthamerica_v502_skew90cortn,matrix,61,"Skewness of the distribution of a stock's daily excess returns (relative to S&P 500) over the last 90 days, using 3*(Mean-Median)/Standard Deviation",Matrix,100,3,USA,TOP3000,1
mdl177_2_globaldevnorthamerica_v502_skew90drtn,matrix,61,"Skewness of the distribution of a stock's daily price returns over the last 90 days, measuring lack of symmetry, calculated as 3*(Mean-Median)/Standard Deviation",Matrix,100,2,USA,TOP3000,1
mdl177_2_globaldevnorthamerica_v502_slope52wp,matrix,59,4-week lagged slope coefficient from least squares regression of last 52 weeks’ weekly closing price against weekly dates,Matrix,100,9,USA,TOP3000,1
mdl177_2_globaldevnorthamerica_v502_slope66wp,matrix,58,4-week lagged slope coefficient from least squares regression of last 66 weeks’ weekly closing price against weekly dates,Matrix,100,13,USA,TOP3000,1
mdl177_2_globaldevnorthamerica_v502_stockrating,matrix,61,Consensus recommendation for a company (“Street Consensus Rating”),Matrix,100,5,USA,TOP3000,1
mdl177_2_globaldevnorthamerica_v502_surp,matrix,59,"Difference between actual earnings per share and consensus forecasts prior to announcement, scaled by quarter-end price",Matrix,100,10,USA,TOP3000,1
mdl177_2_globaldevnorthamerica_v502_susgrowth,matrix,59,Maximum growth rate a firm can sustain without increasing financial leverage,Matrix,100,6,USA,TOP3000,1
mdl177_2_globaldevnorthamerica_v502_swc,matrix,49,Average working capital over trailing 12 months divided by total sales in that period; working capital = inventory + accounts receivable - accounts payable,Matrix,100,3,USA,TOP3000,1
mdl177_2_globaldevnorthamerica_v502_tobinq,matrix,61,"Market value of equity plus debt, divided by assets; (E+D)/A, with debt measured at book value",Matrix,100,13,USA,TOP3000,1
mdl177_2_globaldevnorthamerica_v502_totalcov,matrix,56,(Cash Flow from Operations + Interest Paid + Tax Paid) divided by (Interest + Principal Paid),Matrix,100,18,USA,TOP3000,1
mdl177_2_globaldevnorthamerica_v502_totalsaleg,matrix,60,Percent change in company’s trailing 12-month total sales versus total sales one year ago,Matrix,100,2,USA,TOP3000,1
mdl177_2_globaldevnorthamerica_v502_tstalp,matrix,59,"(CORREL*(260-2)^.5)/(1-CORREL^2)^.5, where CORREL is the correlation coefficient between log daily stock price and dates over the last 260 days (1-year price momentum indicator)",Matrix,100,1,USA,TOP3000,1
mdl177_2_globaldevnorthamerica_v502_ttmaccu,matrix,61,"Difference between trailing 12-month net income and trailing 12-month operating cash flow, scaled by beginning total assets (accounting accruals)",Matrix,100,9,USA,TOP3000,1
mdl177_2_globaldevnorthamerica_v502_ttmcapexp,matrix,61,Trailing 12-month capital expenditures per share divided by trading price,Matrix,100,4,USA,TOP3000,1
mdl177_2_globaldevnorthamerica_v502_ttmcfp,matrix,60,Trailing 12-month cash flow per share (net income plus depreciation) scaled by trading price,Matrix,100,7,USA,TOP3000,1
mdl177_2_globaldevnorthamerica_v502_ttmepa,matrix,61,An indicator that standardizes and compares relative share price between time periods and among companies.,Matrix,100,2,USA,TOP3000,1
mdl177_2_globaldevnorthamerica_v502_ttmepb,matrix,61,The company's performance in trailing 1-year before taking into account of non-recurring gain or loss.stock divided by its month-end trading price.,Matrix,100,6,USA,TOP3000,1
mdl177_2_globaldevnorthamerica_v502_ttmfcfev,matrix,61,Trailing 12-month free cash flow for a stock divided by its enterprise value (EV = equity market value + long/short-term debt + preferred stock + minority interest - cash),Matrix,100,15,USA,TOP3000,1
mdl177_2_globaldevnorthamerica_v502_ttmfcfp,matrix,61,Trailing 12-month free cash flow per share divided by month-end price; FCF = operating cash flow minus capital expenditures and cash dividends,Matrix,100,13,USA,TOP3000,1
mdl177_2_globaldevnorthamerica_v502_ttmgfp,matrix,61,Sum of trailing 12-month growth flow value per share (R&D expenses plus reported net income) divided by month-end trading price,Matrix,100,7,USA,TOP3000,1
mdl177_2_globaldevnorthamerica_v502_ttmocfp,matrix,61,Trailing 12-month operating cash flow per share divided by trading price,Matrix,100,60,USA,TOP3000,1
mdl177_2_globaldevnorthamerica_v502_ttmpiqp,matrix,61,"Most recent trailing 12-month operating and non-operating income per share before income taxes and minority interest for a stock, deflated by trading price",Matrix,100,16,USA,TOP3000,1
mdl177_2_globaldevnorthamerica_v502_ttmsaleev,matrix,61,Trailing 12-month sales for a stock divided by most recent enterprise value,Matrix,100,12,USA,TOP3000,1
mdl177_2_globaldevnorthamerica_v502_ttmsp,matrix,61,Most recently reported trailing 12-month sales per share divided by month-end trading price,Matrix,100,21,USA,TOP3000,1
mdl177_2_globaldevnorthamerica_v502_tw_ep,matrix,61,Twelve-month forward earnings yield using time-weighted combination of FY1 and FY2 earnings estimates,Matrix,100,80,USA,TOP3000,1
mdl177_2_globaldevnorthamerica_v502_uap,matrix,47,"Difference between current accounts payable and expected accounts payable (prior year closing balance grown by trailing 12-month cost of goods sold), scaled by total assets",Matrix,100,3,USA,TOP3000,1
mdl177_2_globaldevnorthamerica_v502_uar,matrix,55,"Difference between current accounts receivable and expected accounts receivable (prior year closing balance grown by trailing 12-month sales), scaled by total assets",Matrix,100,7,USA,TOP3000,1
mdl177_2_globaldevnorthamerica_v502_udep,matrix,59,"Unexpected Change in Depreciation: the difference between trailing 12-month depreciation expense and the expected level (derived from prior-year closing fixed asset balance and fixed asset growth), scaled by total assets",Matrix,100,8,USA,TOP3000,1
mdl177_2_globaldevnorthamerica_v502_uinv,matrix,52,"Unexpected Change in Inventory: the difference between a company’s actual inventory level and its expected inventory level, derived from forecasts or historical trends",Matrix,100,8,USA,TOP3000,1
mdl177_2_globaldevnorthamerica_v502_var24m,matrix,57,"24-Month Value at Risk: the minimum monthly price return over the last 20 months, representing the extreme negative return in that period",Matrix,100,1,USA,TOP3000,1
mdl177_2_globaldevnorthamerica_v502_varresirtn,matrix,50,"24-month residual return variance: the variance of monthly residual returns over the last 24 months, where residual return equals the stock’s monthly return minus 60-month Beta times the S&P 500 monthly return",Matrix,100,0,USA,TOP3000,1
mdl177_2_globaldevnorthamerica_v502_visiratio,matrix,61,Visibility Ratio: most recent daily trading volume divided by the average daily trading volume over the previous 50 trading days,Matrix,100,41,USA,TOP3000,1
mdl177_2_globaldevnorthamerica_v502_volpre6m,matrix,61,"6-month moving average of the monthly trading turnover ratio, representing average trading activity over the last 6 months",Matrix,100,15,USA,TOP3000,1
mdl177_2_globaldevnorthamerica_v502_volto,matrix,62,Trading Turnover Ratio: monthly total trading volume divided by the most recently reported total outstanding shares,Matrix,100,5,USA,TOP3000,1
mdl177_2_globaldevnorthamerica_v502_wcacc,matrix,49,"Working Capital Accruals: accrual component of earnings based on changes such as increases in accounts receivable and inventory and decreases in accounts payable, accrued liabilities, and income taxes, adjusted for asset and liability changes",Matrix,100,41,USA,TOP3000,1
mdl177_2_globaldevnorthamerica_v502_wcast,matrix,50,Working Capital-to-Total Assets: average working capital over the trailing 12 months divided by average total assets over the same period,Matrix,100,13,USA,TOP3000,1
mdl177_2_globaldevnorthamerica_v502_wcinv,matrix,36,"Working Capital to Inventory: most recent quarterly working capital divided by inventory, indicating liquidity coverage of stock levels",Matrix,100,22,USA,TOP3000,1
mdl177_2_globaldevnorthamerica_v502_yoychgaa,matrix,61,"Year-over-year change in accruals-to-assets: the difference between scaled accruals (income before extraordinary items minus operating cash flow, divided by average assets) this period and the same quarter a year ago",Matrix,100,12,USA,TOP3000,1
mdl177_2_globaldevnorthamerica_v502_yoychgcr,matrix,50,Year-over-year change in current ratio: the change in current assets divided by current liabilities from the most recent quarter versus the same quarter a year ago,Matrix,100,10,USA,TOP3000,1
mdl177_2_globaldevnorthamerica_v502_yoychgda,matrix,61,Year-over-year change in leverage: the change in total liabilities as a percentage of total assets from the most recent quarter versus the same quarter a year ago,Matrix,100,10,USA,TOP3000,1
mdl177_2_globaldevnorthamerica_v502_yoychggpm,matrix,53,Year-over-year change in gross profit margin: the change in (sales minus cost of goods sold) divided by sales from the most recent quarter versus the same quarter a year ago,Matrix,100,2,USA,TOP3000,1
mdl177_2_globaldevnorthamerica_v502_yoychgroa,matrix,61,Year-over-year change in return on assets: the change in trailing 12-month income before extraordinary items as a percentage of total assets versus the same quarter a year ago,Matrix,100,5,USA,TOP3000,1
mdl177_2_globaldevnorthamericasensitivityfactor_apsales,matrix,47,Company sales exposure or proportion of total sales attributable to Asia-Pacific region,Matrix,100,9,USA,TOP3000,1
mdl177_2_globaldevnorthamericasensitivityfactor_ceroe,matrix,55,"Cash Earnings Return On Equity, a measure of profitability calculated as cash earnings divided by equity",Matrix,100,7,USA,TOP3000,1
mdl177_2_globaldevnorthamericasensitivityfactor_crp,matrix,57,Sensitivity or beta/exposure of the company's returns or fundamentals to changes in Credit Risk Premium (spread between BAA and AAA bonds),Matrix,100,1,USA,TOP3000,1
mdl177_2_globaldevnorthamericasensitivityfactor_da,matrix,59,"Debt to Assets ratio, measures leverage as total debt divided by total assets",Matrix,100,18,USA,TOP3000,1
mdl177_2_globaldevnorthamericasensitivityfactor_emeasales,matrix,49,"Company sales exposure or proportion of total sales attributable to Europe, Middle East, and Africa (EMEA) region",Matrix,100,5,USA,TOP3000,1
mdl177_2_globaldevnorthamericasensitivityfactor_hs,matrix,57,Sensitivity or beta/exposure of the company's returns or fundamentals to changes in Housing Starts,Matrix,100,13,USA,TOP3000,1
mdl177_2_globaldevnorthamericasensitivityfactor_inflation,matrix,57,Sensitivity or beta/exposure of the company's returns or fundamentals to changes in the inflation rate,Matrix,100,3,USA,TOP3000,1
mdl177_2_globaldevnorthamericasensitivityfactor_ip,matrix,57,Sensitivity or beta/exposure of the company's returns or fundamentals to changes in industrial production,Matrix,100,1,USA,TOP3000,1
mdl177_2_globaldevnorthamericasensitivityfactor_lasales,matrix,46,Company sales exposure or proportion of total sales attributable to Latin America region,Matrix,100,8,USA,TOP3000,1
mdl177_2_globaldevnorthamericasensitivityfactor_nasales,matrix,56,Company sales exposure or proportion of total sales attributable to North America region,Matrix,100,2,USA,TOP3000,1
mdl177_2_globaldevnorthamericasensitivityfactor_oilprice,matrix,57,Sensitivity or beta/exposure of the company's returns or fundamentals to changes in oil prices,Matrix,100,4,USA,TOP3000,1
mdl177_2_globaldevnorthamericasensitivityfactor_usd,matrix,57,Sensitivity or beta/exposure of the company's returns or fundamentals to changes in US Dollar value,Matrix,100,7,USA,TOP3000,1
mdl177_2_globaldevnorthamericasensitivityfactor_vix,matrix,57,Sensitivity or beta/exposure of the company's returns or fundamentals to changes in overall market volatility as measured by the VIX index,Matrix,100,5,USA,TOP3000,1
mdl177_2_globaldevnorthamericasensitivityfactor_yieldsprd,matrix,57,Sensitivity or beta/exposure of the company's returns or fundamentals to changes in the yield curve slope,Matrix,100,7,USA,TOP3000,1
mdl177_2_growthanalystmodel2_qga_ltepssurprise,matrix,89,Long Term EPS Surprise,Matrix,100,79,USA,TOP3000,1
mdl177_2_growthanalystmodel_qga_composite,matrix,98,Composite score combining multiple Growth Analyst signals into a single metric,Matrix,100,81,USA,TOP3000,1
mdl177_2_growthanalystmodel_qga_epscapex,matrix,96,EPS Growth to CapEx Link,Matrix,100,64,USA,TOP3000,1
mdl177_2_growthanalystmodel_qga_epstrend,matrix,88,Trend indicator for earnings per share (direction and persistence of recent EPS changes),Matrix,100,21,USA,TOP3000,1
mdl177_2_growthanalystmodel_qga_fcfroe,matrix,99,Return on equity computed using free cash flow (Free Cash Flow / Shareholders' Equity),Matrix,100,44,USA,TOP3000,1
mdl177_2_growthanalystmodel_qga_iarsales,matrix,99,Inv Acc Rec to Sales Link,Matrix,100,132,USA,TOP3000,1
mdl177_2_growthanalystmodel_qga_niroe,matrix,100,Return on equity computed using net income (Net Income / Shareholders' Equity),Matrix,100,125,USA,TOP3000,1
mdl177_2_growthanalystmodel_qga_opmarginsales,matrix,100,Measure of linkage between operating margin and sales (strength of margins relative to revenue growth),Matrix,100,273,USA,TOP3000,1
mdl177_2_historicalgrowthfactor_chg3ycfast,matrix,94,"Absolute change in trailing twelve-month operating cash flow over three years, scaled by average total assets",Matrix,100,66,USA,TOP3000,1
mdl177_2_historicalgrowthfactor_chg3ycfp,matrix,93,Change in trailing 12-month cash flow per share over 3 years divided by trading price,Matrix,100,97,USA,TOP3000,1
mdl177_2_historicalgrowthfactor_chg3yepsast,matrix,97,"Change in trailing 12-month EPS (before extra items) from 12 quarters ago, divided by average total assets per share",Matrix,100,32,USA,TOP3000,1
mdl177_2_historicalgrowthfactor_chg3yepsp,matrix,98,"Change in trailing twelve-month earnings per share from 12 quarters ago, divided by month-end trading price",Matrix,100,66,USA,TOP3000,1
mdl177_2_historicalgrowthfactor_chg3yfcfast,matrix,97,"Absolute change in trailing twelve-month free cash flow over three years, scaled by average total assets",Matrix,100,39,USA,TOP3000,1
mdl177_2_historicalgrowthfactor_chg3yfcfp,matrix,96,"Change in trailing 12-month free cash flow per share over 3 years, divided by month-end trading price",Matrix,100,17,USA,TOP3000,1
mdl177_2_historicalgrowthfactor_chg3yocfast,matrix,96,"Change in trailing 12-month operating cash flow from 12 quarters ago, divided by average total assets",Matrix,100,75,USA,TOP3000,1
mdl177_2_historicalgrowthfactor_chg3yocfp,matrix,94,"Change in trailing twelve-month operating cash flow per share from 12 quarters ago, divided by trading price",Matrix,100,48,USA,TOP3000,1
mdl177_2_historicalgrowthfactor_chgars,matrix,88,Change in accounts receivable to sales ratio over the past year (quarterly),Matrix,100,196,USA,TOP3000,1
mdl177_2_historicalgrowthfactor_chgcf,matrix,99,"Change in trailing twelve-month cash flow over the past year (four quarters), scaled by average total assets",Matrix,100,124,USA,TOP3000,1
mdl177_2_historicalgrowthfactor_chgcfp,matrix,99,Change in trailing 12-month cash flow per share over the past year divided by trading price,Matrix,100,103,USA,TOP3000,1
mdl177_2_historicalgrowthfactor_chgeps,matrix,100,"Change in trailing twelve-month earnings per share (before extra items) from 4 quarters ago, scaled by average total assets per share",Matrix,100,233,USA,TOP3000,1
mdl177_2_historicalgrowthfactor_chgepsp,matrix,100,"Change in trailing 12-month earnings per share over the past year, scaled by month-end trading price",Matrix,100,178,USA,TOP3000,1
mdl177_2_historicalgrowthfactor_chgfcf,matrix,100,Change in trailing 12-month free cash flow over the past year divided by average total assets,Matrix,100,105,USA,TOP3000,1
mdl177_2_historicalgrowthfactor_chgfcfp,matrix,100,Change in trailing 12-month free cash flow per share over the past year divided by trading price,Matrix,100,31,USA,TOP3000,1
mdl177_2_historicalgrowthfactor_chgis,matrix,88,Change in the ratio of inventory to sales over the past year (quarterly),Matrix,100,89,USA,TOP3000,1
mdl177_2_historicalgrowthfactor_chgnpm,matrix,98,"Change in net profit margin from one year ago (quarterly), calculated as the difference between most recent and year-ago net profit margin",Matrix,100,150,USA,TOP3000,1
mdl177_2_historicalgrowthfactor_chgocf,matrix,100,"Change in trailing twelve-month operating cash flow from 4 quarters ago, divided by average total assets",Matrix,100,55,USA,TOP3000,1
mdl177_2_historicalgrowthfactor_chgocfp,matrix,100,"Change in trailing twelve-month operating cash flow per share from 4 quarters ago, divided by the trading price",Matrix,100,217,USA,TOP3000,1
mdl177_2_historicalgrowthfactor_chgopm,matrix,96,Change in quarterly operating profit margin over the past year,Matrix,100,150,USA,TOP3000,1
mdl177_2_historicalgrowthfactor_cv4qcf3y,matrix,87,Coefficient of variation (stability or volatility) of trailing twelve-month cash flow over the past 3 years,Matrix,100,23,USA,TOP3000,1
mdl177_2_historicalgrowthfactor_cv4qeps3y,matrix,94,Coefficient of variation (a measure of stability or volatility) of trailing twelve-month earnings per share over a 3-year period,Matrix,100,52,USA,TOP3000,1
mdl177_2_historicalgrowthfactor_cv4qfcf3y,matrix,92,Coefficient of variation (stability or volatility) of trailing twelve-month free cash flow over a 3-year period,Matrix,100,30,USA,TOP3000,1
mdl177_2_historicalgrowthfactor_cv4qocf3y,matrix,90,Coefficient of variation (stability or volatility) of trailing twelve-month operating cash flow over a 3-year period,Matrix,100,59,USA,TOP3000,1
mdl177_2_historicalgrowthfactor_cv4qsales3y,matrix,90,Coefficient of variation (stability or volatility) of trailing twelve-month sales over a 3-year period,Matrix,100,25,USA,TOP3000,1
mdl177_2_historicalgrowthfactor_cvopinc,matrix,87,Coefficient of variation (standard deviation divided by mean) of operating income per share during last 12 quarters,Matrix,100,19,USA,TOP3000,1
mdl177_2_historicalgrowthfactor_div5yg,matrix,49,5-year growth rate of dividends,Matrix,100,68,USA,TOP3000,1
mdl177_2_historicalgrowthfactor_fcfequity,matrix,100,TTM free cash flow divided by average book equity in the same 12-month period,Matrix,100,60,USA,TOP3000,1
mdl177_2_historicalgrowthfactor_pctchg3ycf,matrix,90,Percent change in trailing twelve-month cash flow per share over a 3-year period,Matrix,100,124,USA,TOP3000,1
mdl177_2_historicalgrowthfactor_pctchg3yeps,matrix,90,Percent change in trailing 12-month earnings per share compared to 12 quarters ago,Matrix,100,33,USA,TOP3000,1
mdl177_2_historicalgrowthfactor_pctchg3yfcf,matrix,91,Percent change in trailing twelve-month free cash flow per share over a 3-year period,Matrix,100,27,USA,TOP3000,1
mdl177_2_historicalgrowthfactor_pctchg3yocf,matrix,93,Percent change in trailing twelve-month operating cash flow per share over a 3-year (12-quarter) period,Matrix,100,55,USA,TOP3000,1
mdl177_2_historicalgrowthfactor_pctchgastto,matrix,99,Percent change in asset turnover ratio over the past year (TTM sales divided by average total assets compared to 4 quarters ago),Matrix,100,20,USA,TOP3000,1
mdl177_2_historicalgrowthfactor_pctchgcf,matrix,95,Percent change in trailing 12-month cash flow per share compared to 4 quarters ago,Matrix,100,40,USA,TOP3000,1
mdl177_2_historicalgrowthfactor_pctchgeps,matrix,97,Percent change in trailing 12-month EPS before extra items compared to 4 quarters ago,Matrix,100,67,USA,TOP3000,1
mdl177_2_historicalgrowthfactor_pctchgfcf,matrix,97,Percent change in trailing 12-month free cash flow per share compared to 4 quarters ago,Matrix,100,71,USA,TOP3000,1
mdl177_2_historicalgrowthfactor_pctchgocf,matrix,99,Percent change in trailing 12-month operating cash flow per share compared to 4 quarters ago,Matrix,100,98,USA,TOP3000,1
mdl177_2_historicalgrowthfactor_pctchgqtrast,matrix,100,Percent change in most recent reported quarterly total assets per share compared to four quarters ago,Matrix,100,68,USA,TOP3000,1
mdl177_2_historicalgrowthfactor_pctchgqtrsales,matrix,98,Growth in most recent quarterly sales per share compared to 4 quarters ago,Matrix,100,48,USA,TOP3000,1
mdl177_2_historicalgrowthfactor_reinrate,matrix,98,"Reinvestment rate: trailing 12-month EPS before extra items minus dividends per share, divided by average book equity per share",Matrix,100,74,USA,TOP3000,1
mdl177_2_historicalgrowthfactor_rsqr4qcf3y,matrix,87,R-squared of the regression trend line for trailing twelve-month cash flow per share over the prior 12 quarters (3 years),Matrix,100,13,USA,TOP3000,1
mdl177_2_historicalgrowthfactor_rsqr4qeps3y,matrix,94,R-squared of the 3-year trend line for TTM EPS (regression fit quality),Matrix,100,38,USA,TOP3000,1
mdl177_2_historicalgrowthfactor_rsqr4qfcf3y,matrix,92,R-squared of the 3-year trend line for TTM free cash flow (regression fit quality),Matrix,100,8,USA,TOP3000,1
mdl177_2_historicalgrowthfactor_rsqr4qocf3y,matrix,90,R-squared of the 3-year trend line for TTM operating cash flow (regression fit quality),Matrix,100,51,USA,TOP3000,1
mdl177_2_historicalgrowthfactor_rsqr4qsales3y,matrix,90,R-squared of the regression trend line for trailing twelve-month sales per share over the prior 12 quarters (3 years),Matrix,100,37,USA,TOP3000,1
mdl177_2_historicalgrowthfactor_saleg5y,matrix,89,"5-year growth in sales per share, difference from 20 quarters ago, deflated by average sales in the prior 20 quarters",Matrix,100,73,USA,TOP3000,1
mdl177_2_historicalgrowthfactor_salegstdev,matrix,89,Standard deviation of year-over-year quarterly sales growth rate during last 12 quarters,Matrix,100,7,USA,TOP3000,1
mdl177_2_historicalgrowthfactor_salesaccel4q,matrix,95,Measure of acceleration in quarterly sales growth over the last 4 quarters,Matrix,100,141,USA,TOP3000,1
mdl177_2_historicalgrowthfactor_se5yepsg,matrix,71,"Mean long-term EPS growth rate minus 5-year EPS growth, divided by the stability (variation) of 5-year EPS growth",Matrix,100,20,USA,TOP3000,1
mdl177_2_historicalgrowthfactor_slope4qcf3y,matrix,87,Slope of the 3-year trend line for quarterly cash flow (using 4-quarter data),Matrix,100,34,USA,TOP3000,1
mdl177_2_historicalgrowthfactor_slope4qeps3y,matrix,94,Slope of trend line for TTM EPS over the past 3 years (using 4-quarter data),Matrix,100,39,USA,TOP3000,1
mdl177_2_historicalgrowthfactor_slope4qfcf3y,matrix,92,"Slope of the 3-year trend line for trailing twelve-month free cash flow per share, indicating long-term growth rate",Matrix,100,8,USA,TOP3000,1
mdl177_2_historicalgrowthfactor_slope4qocf3y,matrix,90,"Slope of the 3-year trend line for trailing twelve-month operating cash flow per share, indicating long-term growth rate",Matrix,100,19,USA,TOP3000,1
mdl177_2_historicalgrowthfactor_slope4qsales3y,matrix,92,"Slope of the 3-year trend line for trailing twelve-month sales per share, indicating long-term growth rate",Matrix,100,23,USA,TOP3000,1
mdl177_2_historicalgrowthfactor_susgrowth,matrix,98,Maximum sustainable growth rate for the firm without increasing leverage,Matrix,100,100,USA,TOP3000,1
mdl177_2_historicalgrowthfactor_totalsaleg,matrix,99,Percent change in trailing 12-month total sales compared to one year ago,Matrix,100,35,USA,TOP3000,1
mdl177_2_industryrrelativevaluefactor_curindbp_,matrix,100,"Industry Relative Book-to-Market: Stock's current book-to-price ratio minus industry average, scaled by industry standard deviation",Matrix,100,227,USA,TOP3000,1
mdl177_2_industryrrelativevaluefactor_curindcfp_,matrix,99,"Industry Relative TTM Cash Flow-to-Price: Stock's trailing 12-month cash flow-to-price ratio minus industry average, scaled by industry standard deviation",Matrix,100,47,USA,TOP3000,1
mdl177_2_industryrrelativevaluefactor_curindcoreepsp_,matrix,100,"Industry Relative TTM Core Earnings-to-Price: Stock's trailing 12-month core earnings-to-price ratio minus industry average, scaled by industry standard deviation",Matrix,100,16,USA,TOP3000,1
mdl177_2_industryrrelativevaluefactor_curinddivp_,matrix,100,"Industry Relative TTM Dividend Yield: Stock's trailing 12-month dividend yield minus industry average, scaled by industry standard deviation",Matrix,100,31,USA,TOP3000,1
mdl177_2_industryrrelativevaluefactor_curindebitdap_,matrix,99,"Industry Relative TTM EBITDA-to-Price: Stock's trailing 12-month EBITDA-to-price ratio minus industry average, scaled by industry standard deviation",Matrix,100,39,USA,TOP3000,1
mdl177_2_industryrrelativevaluefactor_curindep_,matrix,100,"Industry Relative TTM EPS-to-Price: Stock's trailing 12-month earnings per share-to-price ratio minus industry average, scaled by industry standard deviation",Matrix,100,36,USA,TOP3000,1
mdl177_2_industryrrelativevaluefactor_curindfcfp_,matrix,100,"Industry Relative TTM Free Cash Flow-to-Price: Stock's trailing 12-month free cash flow-to-price ratio minus industry average, scaled by industry standard deviation",Matrix,100,81,USA,TOP3000,1
mdl177_2_industryrrelativevaluefactor_curindfwdep_,matrix,99,"Industry Relative Leading 4-QTRs EPS to Price: Stock's next 4-quarter analyst EPS estimate-to-price ratio minus industry average, scaled by industry standard deviation",Matrix,100,58,USA,TOP3000,1
mdl177_2_industryrrelativevaluefactor_curindocfp_,matrix,100,"Industry Relative TTM Operating Cash Flow-to-Price: Stock's trailing 12-month operating cash flow-to-price ratio minus industry average, scaled by industry standard deviation",Matrix,100,47,USA,TOP3000,1
mdl177_2_industryrrelativevaluefactor_curindocfta_,matrix,100,"Industry Relative TTM Operating Cash Flow-to-Total Assets: Stock's trailing 12-month operating cash flow-to-total assets ratio minus industry average, scaled by industry standard deviation",Matrix,100,89,USA,TOP3000,1
mdl177_2_industryrrelativevaluefactor_curindsp_,matrix,100,"Industry Relative TTM Sales-to-Price: Stock's trailing 12-month sales-to-price ratio minus industry average, scaled by industry standard deviation",Matrix,100,27,USA,TOP3000,1
mdl177_2_liquidityriskfactor_altmanz,matrix,82,Altman Z score; linear combination of five financial ratios to evaluate bankruptcy risk,Matrix,100,86,USA,TOP3000,1
mdl177_2_liquidityriskfactor_aqi,matrix,82,"Asset Quality Index; year-over-year change of 1 minus the ratio of (current assets + property, plant & equipment) divided by total assets",Matrix,100,45,USA,TOP3000,1
mdl177_2_liquidityriskfactor_astcomp,matrix,85,Asset composition; current assets from most recent quarter divided by total assets from same quarter,Matrix,100,116,USA,TOP3000,1
mdl177_2_liquidityriskfactor_atmcallvol,matrix,96,Implied volatility of the company’s nearest at-the-money call options,Matrix,100,67,USA,TOP3000,1
mdl177_2_liquidityriskfactor_atmputvol,matrix,96,Implied volatility of nearest at-the-money put options for the company,Matrix,100,27,USA,TOP3000,1
mdl177_2_liquidityriskfactor_bap20d,matrix,100,"20-day average of bid-ask spread divided by price, proxy for short-term liquidity",Matrix,100,132,USA,TOP3000,1
mdl177_2_liquidityriskfactor_bdi,matrix,90,"Number of days company can pay its daily operating expenses using only cash and receivables, i.e. basic defensive interval",Matrix,100,116,USA,TOP3000,1
mdl177_2_liquidityriskfactor_beta,matrix,91,"60-month beta coefficient: 0.67 times 60-month beta plus 0.33, measuring stock sensitivity to market (S&P 500) movements over past 5 years",Matrix,100,19,USA,TOP3000,1
mdl177_2_liquidityriskfactor_betasigma,matrix,80,"Product of 60-month market beta and standard deviation of monthly returns, indicating combined systematic and total risk",Matrix,100,20,USA,TOP3000,1
mdl177_2_liquidityriskfactor_booklev,matrix,100,Book leverage ratio; reported quarterly total assets divided by book equity,Matrix,100,160,USA,TOP3000,1
mdl177_2_liquidityriskfactor_cashratio,matrix,85,"Most recent quarter’s cash and equivalents divided by current liabilities, indicating liquidity position",Matrix,100,82,USA,TOP3000,1
mdl177_2_liquidityriskfactor_ccd,matrix,80,"Current cash flow debt coverage ratio: most recent quarterly cash flow from operations less cash dividends, divided by interest-bearing debt",Matrix,100,35,USA,TOP3000,1
mdl177_2_liquidityriskfactor_cfleverage,matrix,86,Cash flow leverage; total liabilities divided by trailing 12-month operating cash flow,Matrix,100,37,USA,TOP3000,1
mdl177_2_liquidityriskfactor_covol,matrix,89,Slope of the regression line across 60 months of trading volume against time; indicates trend in trading activity,Matrix,100,68,USA,TOP3000,1
mdl177_2_liquidityriskfactor_curratio,matrix,85,Current ratio; most recent quarter’s current assets divided by current liabilities,Matrix,100,82,USA,TOP3000,1
mdl177_2_liquidityriskfactor_cvvolp20d,matrix,100,Ratio of coefficient of variation of last 20 days’ closing prices to coefficient of variation of daily trading volume for same period; a liquidity or volatility indicator,Matrix,100,72,USA,TOP3000,1
mdl177_2_liquidityriskfactor_de,matrix,100,Long-term debt-to-equity; latest long-term debt divided by book equity,Matrix,100,111,USA,TOP3000,1
mdl177_2_liquidityriskfactor_debtcf,matrix,82,Sum of latest reported long-term debt and short-term interest-bearing debt divided by TTM cash flow,Matrix,100,24,USA,TOP3000,1
mdl177_2_liquidityriskfactor_dfl,matrix,100,Degree of financial leverage; sum of TTM pretax income and TTM interest expense divided by TTM pretax income,Matrix,100,77,USA,TOP3000,1
mdl177_2_liquidityriskfactor_divcov,matrix,53,"Ratio of trailing 1-year profits to annual dividends, representing coverage of dividends by earnings",Matrix,100,65,USA,TOP3000,1
mdl177_2_liquidityriskfactor_flowratio,matrix,84,"Flow ratio; (current assets minus cash & equivalents) divided by (current liabilities minus short-term debt), using latest quarterly data",Matrix,100,41,USA,TOP3000,1
mdl177_2_liquidityriskfactor_gear,matrix,100,Capital gearing ratio; long-term debt divided by (total assets minus current liabilities),Matrix,100,64,USA,TOP3000,1
mdl177_2_liquidityriskfactor_growdura,matrix,71,Growth Duration,Matrix,100,99,USA,TOP3000,1
mdl177_2_liquidityriskfactor_impduration,matrix,93,Implied Equity Duration,Matrix,100,19,USA,TOP3000,1
mdl177_2_liquidityriskfactor_intcov,matrix,91,Interest coverage; latest quarterly operating income before depreciation divided by long-term debt interest expenses,Matrix,100,63,USA,TOP3000,1
mdl177_2_liquidityriskfactor_liqcoeff,matrix,97,Liquidity coefficient; slope from regression between monthly trading turnover ratio and monthly price returns,Matrix,100,64,USA,TOP3000,1
mdl177_2_liquidityriskfactor_mad3yttmni,matrix,98,"Three-year mean absolute deviation of trailing twelve month net income, measuring income variability over the past three years",Matrix,100,117,USA,TOP3000,1
mdl177_2_liquidityriskfactor_mad3yttmsale,matrix,98,"Three-year mean absolute deviation of trailing twelve month sales, measuring revenue variability over three years",Matrix,100,37,USA,TOP3000,1
mdl177_2_liquidityriskfactor_milliq,matrix,100,Stock illiquidity; monthly average of daily absolute return divided by daily dollar trading volume,Matrix,100,28,USA,TOP3000,1
mdl177_2_liquidityriskfactor_mktcappera,matrix,100,Current market capitalization divided by the number of analysts providing fiscal year 1 earnings estimates,Matrix,100,68,USA,TOP3000,1
mdl177_2_liquidityriskfactor_mktlev,matrix,100,Sum of total market capitalization and most recent quarterly book debt divided by market capitalization; represents market leverage,Matrix,100,38,USA,TOP3000,1
mdl177_2_liquidityriskfactor_monchgsip,matrix,100,"Month-to-month change in short interest position (ratio), measures change in the amount of stock sold short",Matrix,100,63,USA,TOP3000,1
mdl177_2_liquidityriskfactor_netcashp,matrix,93,Net cash to equity; (quarterly cash & equivalents minus long-term and current debt) divided by current market value,Matrix,100,48,USA,TOP3000,1
mdl177_2_liquidityriskfactor_nfaldebt,matrix,85,Most recent quarterly net fixed assets divided by total long-term debt; gauges asset coverage of long-term debt,Matrix,100,50,USA,TOP3000,1
mdl177_2_liquidityriskfactor_nlassets,matrix,100,Natural logarithm of most recent quarterly total assets,Matrix,100,109,USA,TOP3000,1
mdl177_2_liquidityriskfactor_nlmktcap,matrix,100,"Natural logarithm of the cube of a company’s total market capitalization, as a size factor",Matrix,100,50,USA,TOP3000,1
mdl177_2_liquidityriskfactor_nlprice,matrix,100,Natural logarithm of the cubic of a stock's unadjusted closing price,Matrix,100,145,USA,TOP3000,1
mdl177_2_liquidityriskfactor_nlsales,matrix,99,"Natural logarithm of the cube of a company’s trailing twelve-month sales, used as a size proxy",Matrix,100,56,USA,TOP3000,1
mdl177_2_liquidityriskfactor_nlvolcap,matrix,100,"Logarithm of the ratio of trailing one-year average monthly trading volume to trailing one-year average monthly market capitalization, assessing liquidity",Matrix,100,38,USA,TOP3000,1
mdl177_2_liquidityriskfactor_numest,matrix,100,Number of financial analysts providing earnings estimates for the company for the current fiscal year,Matrix,100,152,USA,TOP3000,1
mdl177_2_liquidityriskfactor_ocfratio,matrix,84,Operating cash flow ratio; latest quarterly operating cash flow divided by current liabilities,Matrix,100,134,USA,TOP3000,1
mdl177_2_liquidityriskfactor_ohlsonscore,matrix,83,"Ohlson bankruptcy score; statistical model assessing bankruptcy probability based on size, leverage, performance, liquidity",Matrix,100,80,USA,TOP3000,1
mdl177_2_liquidityriskfactor_oplev,matrix,84,Operating leverage; percent change in TTM operating income from previous quarter divided by percent change in TTM sales from previous quarter,Matrix,100,8,USA,TOP3000,1
mdl177_2_liquidityriskfactor_pcurlia,matrix,85,"Current liabilities per share (from latest report) divided by the company’s closing share price, indicating balance sheet risk relative to equity value",Matrix,100,71,USA,TOP3000,1
mdl177_2_liquidityriskfactor_qr,matrix,85,"Quick ratio: (current assets minus inventories) divided by current liabilities for most recent quarter, measures short-term financial strength",Matrix,100,57,USA,TOP3000,1
mdl177_2_liquidityriskfactor_rerror60m,matrix,80,Standard error of the slope of the regression line relating 60 months of a stock’s monthly returns to S&P 500 Index returns; a measure of CAPM model fit risk,Matrix,100,37,USA,TOP3000,1
mdl177_2_liquidityriskfactor_si_ratio,matrix,100,Ratio of shares sold short to average daily trading volume over the last 30 days,Matrix,100,994,USA,TOP3000,1
mdl177_2_liquidityriskfactor_sigma,matrix,80,Standard deviation of a stock’s monthly returns over prior 60 months; a volatility measure,Matrix,100,23,USA,TOP3000,1
mdl177_2_liquidityriskfactor_sip,matrix,100,"Total shares of the company sold short, as reported by the exchange",Matrix,100,24,USA,TOP3000,1
mdl177_2_liquidityriskfactor_tobinq,matrix,100,"Tobin’s q ratio; market value of equity plus debt divided by total assets, debt measured at book value",Matrix,100,54,USA,TOP3000,1
mdl177_2_liquidityriskfactor_totalcov,matrix,91,Ratio of (cash flow from operations + interest paid + tax paid) to (interest and principal paid); assesses ability to cover debt service,Matrix,100,35,USA,TOP3000,1
mdl177_2_liquidityriskfactor_voldiff_pc,matrix,95,"Implied volatility difference between at-the-money put and call options, capturing liquidity risk or sentiment skew",Matrix,100,112,USA,TOP3000,1
mdl177_2_liquidityriskfactor_volto,matrix,100,Trading turnover ratio; monthly total trading volume divided by current outstanding shares,Matrix,100,125,USA,TOP3000,1
mdl177_2_liquidityriskfactor_yoychgcr,matrix,84,"Year-over-year change in current ratio, comparing the most recent quarterly current ratio to that of the same quarter one year ago",Matrix,100,51,USA,TOP3000,1
mdl177_2_liquidityriskfactor_yoychgda,matrix,100,"Year-over-year quarterly change in leverage, expressed as difference in total liabilities to total assets percentage from a year ago to current",Matrix,100,206,USA,TOP3000,1
mdl177_2_managementqualityfactor_aci,matrix,91,Abnormal Capital Investment: change in firm’s recent trailing 12-month capital investment intensity compared to the average of prior 3-year investment intensity,Matrix,100,19,USA,TOP3000,1
mdl177_2_managementqualityfactor_acp,matrix,89,Average collection period: average trailing 12-month accounts receivable times 365 divided by trailing 12-month sales,Matrix,100,171,USA,TOP3000,1
mdl177_2_managementqualityfactor_adverint,matrix,89,Advertising Intensity,Matrix,100,90,USA,TOP3000,1
mdl177_2_managementqualityfactor_app,matrix,76,Average payable period: average trailing 12-month accounts payable times 365 divided by trailing 12-month cost of goods sold,Matrix,100,438,USA,TOP3000,1
mdl177_2_managementqualityfactor_aspanratio,matrix,93,"Quarterly operating assets minus operating liabilities, divided by lagged total assets",Matrix,100,324,USA,TOP3000,1
mdl177_2_managementqualityfactor_astto,matrix,100,Assets Turnover Ratio: trailing 12-month sales divided by most recently reported quarterly assets,Matrix,100,145,USA,TOP3000,1
mdl177_2_managementqualityfactor_capacq,matrix,99,"Capital acquisition ratio, a measure relevant to sector or industry valuation and financial health",Matrix,100,126,USA,TOP3000,1
mdl177_2_managementqualityfactor_capdistp,matrix,98,Total Capital Distribution,Matrix,100,234,USA,TOP3000,1
mdl177_2_managementqualityfactor_capexast,matrix,100,Capital Expenditure-to-Total Assets: trailing 12-month capital expenditures divided by total assets from most recent quarter,Matrix,100,161,USA,TOP3000,1
mdl177_2_managementqualityfactor_capexsale,matrix,98,Capital expenditures divided by sales over the trailing 12 months,Matrix,100,79,USA,TOP3000,1
mdl177_2_managementqualityfactor_cashburnrate,matrix,93,Negative of (cash from operations + cash from investments) divided by (cash + short-term investments),Matrix,100,71,USA,TOP3000,1
mdl177_2_managementqualityfactor_cashc,matrix,76,Cash cycle: average inventory days plus average collection days minus average payable days,Matrix,100,63,USA,TOP3000,1
mdl177_2_managementqualityfactor_cashsale,matrix,90,Cash-to-sales: average cash & equivalents in trailing 12 months divided by trailing 12-month sales,Matrix,100,71,USA,TOP3000,1
mdl177_2_managementqualityfactor_cfita,matrix,100,TTM Cash Flow from Investment to Total Assets: trailing 12-month cash flow from investing divided by last 4 quarters’ average total assets,Matrix,100,56,USA,TOP3000,1
mdl177_2_managementqualityfactor_cfroi,matrix,99,"Cash Flow Return on Invested Capital: trailing 12-month cash flow divided by average invested capital (common equity, long-term debt, minority interest, and preferred stock)",Matrix,100,167,USA,TOP3000,1
mdl177_2_managementqualityfactor_chgnoa,matrix,93,"Year-over-year change of net operating assets to total assets, where net operating assets equal short-term debt plus long-term debt plus preferred equity plus common equity minus cash",Matrix,100,141,USA,TOP3000,1
mdl177_2_managementqualityfactor_chgollev,matrix,100,Change in Operating Liability Leverage: current quarter operating liability leverage less operating liability leverage 4 quarters ago,Matrix,100,55,USA,TOP3000,1
mdl177_2_managementqualityfactor_chgreccast,matrix,80,Year-over-year change in accounts receivable to current assets,Matrix,100,126,USA,TOP3000,1
mdl177_2_managementqualityfactor_divcf,matrix,100,Dividends to cash flow: trailing 12-month cash dividends divided by trailing 12-month cash flow,Matrix,100,41,USA,TOP3000,1
mdl177_2_managementqualityfactor_equityto,matrix,100,Equity Turnover: trailing 12-month sales divided by average trailing 12-month reported book equity,Matrix,100,201,USA,TOP3000,1
mdl177_2_managementqualityfactor_exdisspi,matrix,97,24-Month Unusual Items to Sales,Matrix,100,104,USA,TOP3000,1
mdl177_2_managementqualityfactor_fcfroi,matrix,100,Free Cash Flow Return on Invested Capital: trailing 12-month free cash flow divided by average invested capital,Matrix,100,58,USA,TOP3000,1
mdl177_2_managementqualityfactor_fcfsale,matrix,99,Free cash flow to sales ratio over the trailing 12 months,Matrix,100,47,USA,TOP3000,1
mdl177_2_managementqualityfactor_fixastto,matrix,99,Fixed Assets Turnover: trailing 12-month sales divided by average total fixed assets over the same period,Matrix,100,99,USA,TOP3000,1
mdl177_2_managementqualityfactor_fwdroe,matrix,95,Forward (projected) return on equity,Matrix,100,127,USA,TOP3000,1
mdl177_2_managementqualityfactor_indrelcroe_,matrix,98,"Stock’s lagged quarterly return on equity minus the industry average ROE, normalized by industry ROE standard deviation",Matrix,100,157,USA,TOP3000,1
mdl177_2_managementqualityfactor_invast,matrix,94,Current inventory level divided by total assets from most recent quarter,Matrix,100,187,USA,TOP3000,1
mdl177_2_managementqualityfactor_invto,matrix,60,Inventory Turnover Ratio: trailing 12-month cost of goods sold divided by average inventory over the same period,Matrix,100,32,USA,TOP3000,1
mdl177_2_managementqualityfactor_min1ygrossmargin,matrix,83,Lowest gross margin over the last 1 year,Matrix,100,81,USA,TOP3000,1
mdl177_2_managementqualityfactor_min1yopmargin,matrix,97,Minimum (trough) operating margin in the last year,Matrix,100,79,USA,TOP3000,1
mdl177_2_managementqualityfactor_min2ygrossmargin,matrix,82,Lowest gross margin over the last 2 years,Matrix,100,73,USA,TOP3000,1
mdl177_2_managementqualityfactor_min2yopmargin,matrix,96,Minimum (trough) operating margin in the last 2 years,Matrix,100,108,USA,TOP3000,1
mdl177_2_managementqualityfactor_min3ygrossmargin,matrix,80,Lowest gross margin over the last 3 years,Matrix,100,39,USA,TOP3000,1
mdl177_2_managementqualityfactor_min3yopmargin,matrix,95,Lowest operating profit margin over the last 3 years,Matrix,100,67,USA,TOP3000,1
mdl177_2_managementqualityfactor_nef,matrix,100,Net External Financing,Matrix,100,38,USA,TOP3000,1
mdl177_2_managementqualityfactor_netdebt,matrix,100,"Net Debt Ratio: net debt divided by sum of net debt, preferred stock, and common stock, with net debt as long-term plus short-term debt minus cash & equivalents (most recent quarter)",Matrix,100,69,USA,TOP3000,1
mdl177_2_managementqualityfactor_niper,matrix,98,Net income per employee: income after taxes for trailing 12 months divided by number of employees at last reported fiscal year end,Matrix,100,95,USA,TOP3000,1
mdl177_2_managementqualityfactor_noato,matrix,100,Net operating asset turnover: trailing 12-month sales divided by 4-quarters average net operating assets (short-term debt + long-term debt + preferred equity + common equity - cash),Matrix,100,754,USA,TOP3000,1
mdl177_2_managementqualityfactor_nopatmargin,matrix,93,"Net operating profit after tax (NOPAT) margin: (Net Income + Interest Expense*(1-Effective Tax Rate)) divided by net sales, all for trailing 12 months",Matrix,100,174,USA,TOP3000,1
mdl177_2_managementqualityfactor_npm,matrix,99,Net profit margin: most recent quarterly net income after tax divided by corresponding quarterly sales,Matrix,100,147,USA,TOP3000,1
mdl177_2_managementqualityfactor_ocfast,matrix,100,Operating cash flow to assets: trailing 12-month net cash flow from operations divided by average total assets,Matrix,100,59,USA,TOP3000,1
mdl177_2_managementqualityfactor_ocfmargin,matrix,99,Operating Cash Flow Profit Margin: trailing 12-month operating cash flow divided by trailing 12-month sales,Matrix,100,39,USA,TOP3000,1
mdl177_2_managementqualityfactor_ocfroi,matrix,100,Operating cash flow return on invested capital: trailing 12-month operating cash flow divided by average invested capital over same period,Matrix,100,63,USA,TOP3000,1
mdl177_2_managementqualityfactor_ollev,matrix,100,Operating liability leverage: 1 minus the ratio of (short-term debt + long-term debt + common equity + preferred equity - cash) to (total assets - cash) in the current quarter,Matrix,100,378,USA,TOP3000,1
mdl177_2_managementqualityfactor_opmb,matrix,98,Operating Profit Margin: quarterly operating income divided by quarterly sales,Matrix,100,86,USA,TOP3000,1
mdl177_2_managementqualityfactor_over,matrix,99,Overhead expenses divided by sales,Matrix,100,54,USA,TOP3000,1
mdl177_2_managementqualityfactor_pinoa,matrix,82,Pretax return on net operating assets: trailing 12-month operating income after depreciation divided by average net operating assets,Matrix,100,46,USA,TOP3000,1
mdl177_2_managementqualityfactor_rdsale,matrix,43,R&D intensity: average trailing 12-month research & development expenses divided by total sales in the same period,Matrix,100,16,USA,TOP3000,1
mdl177_2_managementqualityfactor_reoa,matrix,100,Retained Earnings-to-Total Assets: cumulative retained earnings from most recent quarter divided by total assets from same quarter,Matrix,100,195,USA,TOP3000,1
mdl177_2_managementqualityfactor_revper,matrix,98,Total sales for the trailing 12 months divided by number of employees at last fiscal year end,Matrix,100,122,USA,TOP3000,1
mdl177_2_managementqualityfactor_roa,matrix,100,Return on assets: trailing 12-month income before extra items divided by average total assets in the same period,Matrix,100,95,USA,TOP3000,1
mdl177_2_managementqualityfactor_roe,matrix,98,Return on equity: trailing 12-month income before extra items divided by average common equity in the same period,Matrix,100,64,USA,TOP3000,1
mdl177_2_managementqualityfactor_roic,matrix,100,"Return on Invested Capital: trailing 12-month net income and interest expenses divided by average invested capital (common equity, long-term debt, minority interest, and preferred stock)",Matrix,100,41,USA,TOP3000,1
mdl177_2_managementqualityfactor_saleicap,matrix,100,Trailing 12-month sales divided by invested capital,Matrix,100,767,USA,TOP3000,1
mdl177_2_managementqualityfactor_sga,matrix,91,"SG&A Expenses-to-Sales: trailing 12-month selling, general & admin expenses divided by trailing 12-month sales",Matrix,100,58,USA,TOP3000,1
mdl177_2_managementqualityfactor_swc,matrix,81,Working capital to sales: average working capital for trailing 12 months divided by total sales in the same period,Matrix,100,56,USA,TOP3000,1
mdl177_2_managementqualityfactor_wcast,matrix,84,Working Capital-to-Total Assets: average working capital in the trailing 12-months divided by average total assets in the same period,Matrix,100,184,USA,TOP3000,1
mdl177_2_managementqualityfactor_wcinv,matrix,58,Working Capital to Inventory: most recent quarterly working capital divided by inventory,Matrix,100,84,USA,TOP3000,1
mdl177_2_managementqualityfactor_yoychggpm,matrix,86,Yearly Change In Gross Profit Margin: most recent quarterly gross profit margin minus margin for same quarter one year ago,Matrix,100,87,USA,TOP3000,1
mdl177_2_managementqualityfactor_yoychgroa,matrix,100,"Yearly Change in Return on Assets: most recent trailing 12-month net income before extra items as % of total assets, minus % for same quarter one year ago",Matrix,100,140,USA,TOP3000,1
mdl177_2_momemtumanalystmodel_qma_alpha6m,matrix,97,Rank of the six-month change in alpha (risk-adjusted outperformance) relative to peers,Matrix,100,16,USA,TOP3000,1
mdl177_2_momemtumanalystmodel_qma_chgnowc,matrix,74,"Rank of change in net working capital (current assets minus current liabilities), indicating how working capital shifts relative to peers",Matrix,100,175,USA,TOP3000,1
mdl177_2_momemtumanalystmodel_qma_composite,matrix,100,Rank representing composite momentum signal derived from analyst-related factors,Matrix,100,130,USA,TOP3000,1
mdl177_2_momemtumanalystmodel_qma_condsurp,matrix,97,"Rank of the conditional earnings or revenue surprise, likely adjusted for market or analyst expectations",Matrix,100,51,USA,TOP3000,1
mdl177_2_momemtumanalystmodel_qma_earnexp,matrix,100,"Rank for analyst expectations, calculated as equal-weighted average of earnings revisions and ratings change ranks",Matrix,100,62,USA,TOP3000,1
mdl177_2_momemtumanalystmodel_qma_eplinkage,matrix,100,"Rank indicating the strength of linkage between earnings-related changes and stock price movement, considering factors like free cash flow and market reaction",Matrix,100,124,USA,TOP3000,1
mdl177_2_momemtumanalystmodel_qma_epsgrwth,matrix,99,"Rank representing change in trailing twelve month EPS growth, scaled by recent stock price (earnings yield based)",Matrix,100,127,USA,TOP3000,1
mdl177_2_momemtumanalystmodel_qma_estrev,matrix,100,"Rank based on analyst estimate revisions, reflecting recent up and down changes to future EPS forecasts relative to total estimates",Matrix,100,205,USA,TOP3000,1
mdl177_2_momemtumanalystmodel_qma_indrelrtn3m,matrix,100,Rank based on difference between a stock’s 3-month return and the industry average 3-month return,Matrix,100,50,USA,TOP3000,1
mdl177_2_momemtumanalystmodel_qma_lagpricemo,matrix,99,"Rank of lagged price momentum, comparing prior 12-month to recent 1-month returns and adjusting for volatility",Matrix,100,14,USA,TOP3000,1
mdl177_2_momemtumanalystmodel_qma_mktresponse,matrix,100,"Rank based on the market's price response following recent earnings announcements, typically measured over a short window",Matrix,100,54,USA,TOP3000,1
mdl177_2_momemtumanalystmodel_qma_ratingchg,matrix,100,"Rank reflecting analyst ratings changes, indicating the trend in upgrades and downgrades over recent months",Matrix,100,39,USA,TOP3000,1
mdl177_2_momemtumanalystmodel_qma_relpricemo,matrix,99,"Rank of the stock's price momentum relative to market or peer group, combining various momentum measures",Matrix,100,17,USA,TOP3000,1
mdl177_2_momemtumanalystmodel_qma_repearnmom,matrix,100,"Rank representing average of earnings growth and earnings surprise, measuring earnings momentum",Matrix,100,64,USA,TOP3000,1
mdl177_2_momemtumanalystmodel_qma_rskadj,matrix,100,"Rank aggregating risk adjustments, incorporating volatility and growth, penalizing excessive volatility or return deviations",Matrix,100,46,USA,TOP3000,1
mdl177_2_momemtumanalystmodel_qma_ttmfcfchg,matrix,100,"Rank for change in trailing twelve month free cash flow over two quarters, scaled by previous value",Matrix,100,50,USA,TOP3000,1
mdl177_2_priceanalystmodel2_qpa_composite,matrix,100,"Composite signal from the QSG Price Analyst model for US equities, combining multiple analyst-driven price-related factors into a single score",Matrix,100,18,USA,TOP3000,1
mdl177_2_priceanalystmodel_qpa_compsn,matrix,100,"Sector-neutral price analyst model signal, designed to remove sector biases from the stock’s price signal",Matrix,100,13,USA,TOP3000,1
mdl177_2_priceanalystmodel_qpa_indrs,matrix,99,"Industry relative strength signal for a stock, measuring its price performance versus its industry peers",Matrix,100,17,USA,TOP3000,1
mdl177_2_priceanalystmodel_qpa_rskadjrs,matrix,99,Risk Adj Relative Strength,Matrix,100,26,USA,TOP3000,1
mdl177_2_pricemomemtummodel2_indrelrtn5d_,matrix,100,"5-day industry-relative return: the stock’s 5-day return minus its industry average, standardized by the industry’s return standard deviation; captures recent momentum relative to peers",Matrix,100,123,USA,TOP3000,1
mdl177_2_pricemomemtummodel_pmm_composite,matrix,100,"A combined price momentum signal aggregating multiple price momentum metrics for a stock, used as an overall momentum indicator",Matrix,100,163,USA,TOP3000,1
mdl177_2_pricemomemtummodel_rationalalpha,matrix,99,"The excess 12-month return of a stock versus the market (S&P 500), adjusted using a proprietary rational decay function based on the Y-intercept of an OLS regression",Matrix,100,59,USA,TOP3000,1
mdl177_2_pricemomemtummodel_relpricestrength_,matrix,99,"The stock's industry-adjusted 12-month relative price strength: its 12-month price strength minus the average price strength of stocks in the same industry, normalized by industry standard deviation",Matrix,100,13,USA,TOP3000,1
mdl177_2_pricemomemtummodel_visiratio,matrix,100,"Ratio of a stock's latest daily trading volume to its average daily trading volume over the previous 50 days, reflecting recent activity versus typical volume",Matrix,100,38,USA,TOP3000,1
mdl177_2_pricemomemtummodel_voldiff_pc,matrix,95,"Difference between at-the-money put option volatility and at-the-money call option volatility for the stock, measuring put-call implied volatility skew",Matrix,100,60,USA,TOP3000,1
mdl177_2_pricemomentumfactor_abr,matrix,100,Abnormal return observed around the quarterly earnings release event for the stock,Matrix,100,56,USA,TOP3000,1
mdl177_2_pricemomentumfactor_actrtn12m,matrix,99,Percent change in stock price from 13 months ago to 1 month ago (12-month active return with 1-month lag),Matrix,100,22,USA,TOP3000,1
mdl177_2_pricemomentumfactor_actrtn18m,matrix,96,Percent change in stock price from 19 months ago to 1 month ago (18-month active return with 1-month lag),Matrix,100,6,USA,TOP3000,1
mdl177_2_pricemomentumfactor_actrtn1m,matrix,100,Percent change in stock price from last month to this month (1-month active return),Matrix,100,27,USA,TOP3000,1
mdl177_2_pricemomentumfactor_actrtn24m,matrix,93,Percent change in stock price from 25 months ago to 1 month ago (24-month active return with 1-month lag),Matrix,100,21,USA,TOP3000,1
mdl177_2_pricemomentumfactor_actrtn2m,matrix,100,Percent change in the stock's price over the last 2 months,Matrix,100,74,USA,TOP3000,1
mdl177_2_pricemomentumfactor_actrtn36m,matrix,88,Percent price change for the stock from 37 months prior to 1 month prior; a measure of 36-month active return,Matrix,100,55,USA,TOP3000,1
mdl177_2_pricemomentumfactor_actrtn3m,matrix,100,Percent change in price over the last three months,Matrix,100,20,USA,TOP3000,1
mdl177_2_pricemomentumfactor_actrtn60m,matrix,80,Percent change in stock price from 61 months ago to 1 month ago (60-month active return with 1-month lag),Matrix,100,11,USA,TOP3000,1
mdl177_2_pricemomentumfactor_actrtn6m,matrix,100,Percent price change for the stock from 7 months prior to 1 month prior; a measure of 6-month active return,Matrix,100,14,USA,TOP3000,1
mdl177_2_pricemomentumfactor_alpha60m,matrix,80,Intercept from regression of stock's monthly returns against S&P 500 monthly returns over last 60 months (five-year alpha),Matrix,100,15,USA,TOP3000,1
mdl177_2_pricemomentumfactor_chg6malpha18m,matrix,94,Change in stock's 18-month alpha over previous 6 months; alpha is regression intercept (monthly returns vs S&P 500) over last 18 months,Matrix,100,17,USA,TOP3000,1
mdl177_2_pricemomentumfactor_chgalpha12m,matrix,96,"Change in the stock's 12-month alpha over the last 6 months, where alpha is the regression intercept of the stock's monthly returns against the S&P 500 returns over the past 12 months",Matrix,100,18,USA,TOP3000,1
mdl177_2_pricemomentumfactor_chgalpha36m,matrix,86,"Change in stock's 36-month alpha over the past 6 months, where alpha is regression intercept (monthly returns vs S&P 500) over 36-month period",Matrix,100,20,USA,TOP3000,1
mdl177_2_pricemomentumfactor_chgvolpre4y,matrix,80,"Difference between recent 6-month average monthly trading volume (as turnover ratio) and the 12-month average monthly turnover ratio from 4 years ago, measuring volume trends and changes in liquidity",Matrix,100,102,USA,TOP3000,1
mdl177_2_pricemomentumfactor_cvpre90dp,matrix,100,"Coefficient of variation (standard deviation divided by mean) of the stock's closing prices over the last 90 days, reflecting price volatility relative to mean",Matrix,100,56,USA,TOP3000,1
mdl177_2_pricemomentumfactor_ff10mrtn,matrix,99,Percent price change representing Fama-French momentum from 12 months prior to 2 months prior for the stock,Matrix,100,34,USA,TOP3000,1
mdl177_2_pricemomentumfactor_high52w,matrix,100,"Ratio of the stock's month-end price to the highest monthly closing price in the past 12 months, measuring proximity to 52-week high",Matrix,100,29,USA,TOP3000,1
mdl177_2_pricemomentumfactor_indrelrtn4w_,matrix,100,"Stock's 4-week return minus industry average 4-week return, scaled by industry standard deviation, indicating industry-relative momentum over one month",Matrix,100,18,USA,TOP3000,1
mdl177_2_pricemomentumfactor_indrelrtn5d_,matrix,100,"Stock's 5-day return minus industry average 5-day return, scaled by industry standard deviation, reflecting industry-relative momentum",Matrix,100,345,USA,TOP3000,1
mdl177_2_pricemomentumfactor_normalmf60d,matrix,100,Money Flow signal normalized over the last 60 days,Matrix,100,23,USA,TOP3000,1
mdl177_2_pricemomentumfactor_p50_200ratio,matrix,100,Moving average of a stock's last 50 days prices divided by the moving average over the last 200 days; a technical indicator for intermediate/long-term price trends,Matrix,100,5,USA,TOP3000,1
mdl177_2_pricemomentumfactor_pc_ratio,matrix,96,"Put/Call ratio (ratio of traded put options to call options), an indicator of market sentiment or positioning",Matrix,100,12,USA,TOP3000,1
mdl177_2_pricemomentumfactor_pctabv260low,matrix,100,"Ratio of the current closing price to the lowest daily price in the last 260 trading days, measuring how far price has risen above long-term low",Matrix,100,46,USA,TOP3000,1
mdl177_2_pricemomentumfactor_po4_52,matrix,98,"Difference or oscillator between the stock's price measured over a 4-week versus 52-week period, typically used to gauge intermediate-term momentum",Matrix,100,5,USA,TOP3000,1
mdl177_2_pricemomentumfactor_pr_1536,matrix,100,"Ratio of moving average of the stock's prices in the last 15 weeks to the moving average in the last 36 weeks, indicating price momentum over short/medium terms",Matrix,100,21,USA,TOP3000,1
mdl177_2_pricemomentumfactor_pr_30w75w,matrix,97,"Moving average of last 30 weeks' prices divided by moving average of last 75 weeks' prices, indicating medium/long-term trend",Matrix,100,14,USA,TOP3000,1
mdl177_2_pricemomentumfactor_pvt51w,matrix,99,51-week volume price trend indicator with a 4-week lag,Matrix,100,67,USA,TOP3000,1
mdl177_2_pricemomentumfactor_rationalalpha,matrix,99,Proprietary measure of the stock's 12-month market-adjusted excess return (regression Y-intercept vs S&P 500) adjusted by a rational decay process,Matrix,100,70,USA,TOP3000,1
mdl177_2_pricemomentumfactor_relpricestrength_,matrix,98,"Industry-adjusted 12-month relative price strength; stock's price strength relative to industry peers, standardized",Matrix,100,20,USA,TOP3000,1
mdl177_2_pricemomentumfactor_rsi26w,matrix,100,Ratio of most recent weekly closing price to the closing price 26 weeks ago; a 26-week relative price strength indicator,Matrix,100,16,USA,TOP3000,1
mdl177_2_pricemomentumfactor_rtn2nd6m,matrix,99,"Percent price change from 12 months ago to 7 months ago (second preceding 6-month return), measuring earlier momentum",Matrix,100,14,USA,TOP3000,1
mdl177_2_pricemomentumfactor_rtn39w,matrix,100,Stock price change over a 39-week period with a 4-week lag (from week t-43 to t-4),Matrix,100,7,USA,TOP3000,1
mdl177_2_pricemomentumfactor_sharpe36m,matrix,93,"Sharpe Ratio for the past 36 months, which quantifies risk-adjusted return using total volatility",Matrix,100,32,USA,TOP3000,1
mdl177_2_pricemomentumfactor_skew90cortn,matrix,100,Skewness of daily stock excess returns (vs. S&P 500 index) over the previous 90 days,Matrix,100,73,USA,TOP3000,1
mdl177_2_pricemomentumfactor_skew90drtn,matrix,100,Skewness (asymmetry) of the distribution of daily stock returns over the most recent 90 days,Matrix,100,18,USA,TOP3000,1
mdl177_2_pricemomentumfactor_slope52wp,matrix,99,Lagged slope coefficient of the least squares regression line of weekly closing prices over the last 52 weeks,Matrix,100,12,USA,TOP3000,1
mdl177_2_pricemomentumfactor_slope66wp,matrix,98,"Lagged slope coefficient from least squares regression of closing prices over the last 66 weeks, indicating the trend and strength of price movement",Matrix,100,13,USA,TOP3000,1
mdl177_2_pricemomentumfactor_sortinoratio,matrix,93,"Sortino Ratio, which measures risk-adjusted return considering only downside (negative) volatility",Matrix,100,25,USA,TOP3000,1
mdl177_2_pricemomentumfactor_tstalp,matrix,99,One-year price momentum indicator based on the correlation of log daily prices over the last 260 trading days,Matrix,100,14,USA,TOP3000,1
mdl177_2_pricemomentumfactor_var24m,matrix,94,"Minimum monthly price return for a stock over the last 24 months, used as a Value at Risk measure",Matrix,100,6,USA,TOP3000,1
mdl177_2_pricemomentumfactor_varresirtn,matrix,89,"Variance of the monthly residual return (actual minus beta-adjusted S&P 500 return) over the last 24 months, measuring idiosyncratic volatility",Matrix,100,10,USA,TOP3000,1
mdl177_2_pricemomentumfactor_visiratio,matrix,100,"Stock's most recent daily volume divided by the average daily volume over prior 50 trading days, indicating current volume visibility or liquidity spike",Matrix,100,180,USA,TOP3000,1
mdl177_2_pricemomentumfactor_volpre6m,matrix,100,6-month moving average of monthly turnover ratio (trading volume relative to shares outstanding),Matrix,100,95,USA,TOP3000,1
mdl177_2_put_put_capmod,matrix,54,Capital Strength Module,Matrix,100,0,USA,TOP3000,1
mdl177_2_put_put_cashburn,matrix,58,Cash Burn Rate,Matrix,100,13,USA,TOP3000,1
mdl177_2_put_put_chgalpha,matrix,63,Six-Month Alpha Change Rank,Matrix,100,4,USA,TOP3000,1
mdl177_2_put_put_chgoll,matrix,54,Change in Operating Liability Leverage,Matrix,100,6,USA,TOP3000,1
mdl177_2_put_put_chshrs,matrix,68,"Percent change in shares outstanding over a recent period, e.g. due to buybacks or issuance",Matrix,100,22,USA,TOP3000,1
mdl177_2_put_put_dypeg,matrix,45,Reciprocal of Dividend Yield-adjusted PEG,Matrix,100,6,USA,TOP3000,1
mdl177_2_put_put_equality,matrix,61,Earnings Quality Rank,Matrix,100,35,USA,TOP3000,1
mdl177_2_put_put_indepsp,matrix,68,Industry-relative ratio of core EPS to price,Matrix,100,7,USA,TOP3000,1
mdl177_2_put_put_indestep,matrix,66,"Industry-relative ratio of expected (forward-looking, aggregate next 4 quarters) earnings per share to price",Matrix,100,11,USA,TOP3000,1
mdl177_2_put_put_indfcfp,matrix,63,Industry-relative ratio of free cash flow to price,Matrix,100,3,USA,TOP3000,1
mdl177_2_put_put_indroe,matrix,68,Industry-relative return on equity,Matrix,100,9,USA,TOP3000,1
mdl177_2_put_put_momod,matrix,67,"Composite momentum module, combining multiple momentum signals",Matrix,100,12,USA,TOP3000,1
mdl177_2_put_put_opincev,matrix,66,Ratio of operating income to enterprise value,Matrix,100,26,USA,TOP3000,1
mdl177_2_put_put_qualmod,matrix,61,Quality Module,Matrix,100,85,USA,TOP3000,1
mdl177_2_put_put_siratio,matrix,68,Short-interest ratio (shares sold short divided by float or average daily volume),Matrix,100,111,USA,TOP3000,1
mdl177_2_put_put_strevconf,matrix,66,Street Revision Confidence,Matrix,100,6,USA,TOP3000,1
mdl177_2_put_put_sucf,matrix,60,"Standardized value of unexpected cash flow (actual minus expected, normalized across stocks)",Matrix,100,6,USA,TOP3000,1
mdl177_2_put_put_totcov,matrix,47,Total Coverage,Matrix,100,10,USA,TOP3000,1
mdl177_2_put_put_valmod,matrix,68,Valuation Module,Matrix,100,10,USA,TOP3000,1
mdl177_2_relativevaluemodel_capacq,matrix,98,"Capital Acquisition Ratio; trailing 12-month operating cash flow less cash dividends, divided by total expenditures for the same period",Matrix,100,43,USA,TOP3000,1
mdl177_2_relativevaluemodel_fc_estep,matrix,100,Leading 12-Month Median Earnings Yield; median consensus earnings estimate for the next fiscal year divided by trading price,Matrix,100,297,USA,TOP3000,1
mdl177_2_relativevaluemodel_fmrelval,matrix,80,Fielitz & Muller Relative Intrinsic Value,Matrix,100,103,USA,TOP3000,1
mdl177_2_relativevaluemodel_roe,matrix,100,Return on Equity; trailing 12-month income before extra items divided by average common equity for the same period,Matrix,100,66,USA,TOP3000,1
mdl177_2_relativevaluemodel_rvm_composite,matrix,100,Relative Value Model Composite; overall composite score aggregating various relative value signals within the model,Matrix,100,150,USA,TOP3000,1
mdl177_2_relativevaluemodel_ttmfcfp,matrix,100,TTM Free Cash Flow-to-Price; trailing 12-month free cash flow per share divided by month-end trading price. Free cash flow is operating cash flow minus capital expenditures and cash dividends,Matrix,100,516,USA,TOP3000,1
mdl177_2_sensitivityfactor400_actrtn9m,matrix,100,"Percent change in the stock price over the past 9 months, with a 1-month lag (from month t-10 to t-1)",Matrix,100,58,USA,TOP3000,1
mdl177_2_sensitivityfactor400_ag,matrix,96,Aggregate Gamma,Matrix,100,175,USA,TOP3000,1
mdl177_2_sensitivityfactor400_apsales,matrix,81,"Company’s sales revenue exposure to the Asia-Pacific region, expressed as a proportion of total sales",Matrix,100,108,USA,TOP3000,1
mdl177_2_sensitivityfactor400_capexdeplink,matrix,97,Capital Expenditures to Depreciation Linkage : It is defined as the absolute value of the difference between ranked (1-1000) quarterly capital expenditures to assets and ranked (1-1000) quarterly depreciation to assets.,Matrix,100,56,USA,TOP3000,1
mdl177_2_sensitivityfactor400_ceroe,matrix,95,Cash Earnings Return On Equity,Matrix,100,73,USA,TOP3000,1
mdl177_2_sensitivityfactor400_chg12msip,matrix,99,Change in the short interest ratio (shares sold short / shares outstanding) over the previous 12 months,Matrix,100,1048,USA,TOP3000,1
mdl177_2_sensitivityfactor400_chg12mtotdebt,matrix,100,Relative change in total debt (sum of long-term and short-term debt) over the past 12 months,Matrix,100,347,USA,TOP3000,1
mdl177_2_sensitivityfactor400_chginvavgast,matrix,93,"12-month change in quarterly total inventory, normalized by the average assets between the most recent quarter-end and the same quarter one year prior",Matrix,100,553,USA,TOP3000,1
mdl177_2_sensitivityfactor400_chgqtrepssurp,matrix,96,"Change in Real Earnings Surprise : It is defined as the change in quarterly earnings surprise (Actual EPS - Consensus Estimate EPS), scaled by the most recent closing price.",Matrix,100,520,USA,TOP3000,1
mdl177_2_sensitivityfactor400_crp,matrix,100,Credit Risk Premium Sensitivity,Matrix,100,124,USA,TOP3000,1
mdl177_2_sensitivityfactor400_dm,matrix,84,"A score representing financial distress risk, calculated using the Campbell, Hilscher and Szilagyi model and/or Chen and Zhang’s model",Matrix,100,321,USA,TOP3000,1
mdl177_2_sensitivityfactor400_earnshortfall,matrix,100,"Earnings Shortfall : It is defined as the difference between reported accounting earnings and free cash flow, scaled by average assets.",Matrix,100,465,USA,TOP3000,1
mdl177_2_sensitivityfactor400_emeasales,matrix,84,"Company’s sales revenue exposure to the Europe, Middle East, and Africa (EMEA) region, expressed as a proportion of total sales",Matrix,100,92,USA,TOP3000,1
mdl177_2_sensitivityfactor400_hs,matrix,100,Housing Starts Sensitivity,Matrix,100,18,USA,TOP3000,1
mdl177_2_sensitivityfactor400_impvol,matrix,97,"Implied volatility estimate derived from options markets for the stock, reflecting expected future market volatility",Matrix,100,163,USA,TOP3000,1
mdl177_2_sensitivityfactor400_imr,matrix,97,Volatility Spread,Matrix,100,208,USA,TOP3000,1
mdl177_2_sensitivityfactor400_inflation,matrix,100,Inflation Sensitivity,Matrix,100,208,USA,TOP3000,1
mdl177_2_sensitivityfactor400_ip,matrix,100,Industrial Production Sensitivity,Matrix,100,17,USA,TOP3000,1
mdl177_2_sensitivityfactor400_irttmsalesev,matrix,100,Stock's trailing 12 month sales-to-enterprise (SEV) value less the average of the SEVs of all stocks in the same industry deflated by the standard deviation of the SEVs of all stocks in the same relative universe.,Matrix,100,271,USA,TOP3000,1
mdl177_2_sensitivityfactor400_lasales,matrix,79,"Company’s sales revenue exposure to Latin America, expressed as a proportion of total sales",Matrix,100,62,USA,TOP3000,1
mdl177_2_sensitivityfactor400_nasales,matrix,94,"Company’s sales revenue exposure to North America, expressed as a proportion of total sales",Matrix,100,84,USA,TOP3000,1
mdl177_2_sensitivityfactor400_ney,matrix,87,"Normalized Earnings Yield : It is defined as the average of three normalized earnings calculated by ROE, NPM and EPS FY2, scaled by price.",Matrix,100,951,USA,TOP3000,1
mdl177_2_sensitivityfactor400_oilprice,matrix,100,Oil Prices Sensitivity,Matrix,100,201,USA,TOP3000,1
mdl177_2_sensitivityfactor400_otmptc,matrix,95,Out-of-the-Money Put-to-Call Ratio,Matrix,100,264,USA,TOP3000,1
mdl177_2_sensitivityfactor400_pbroeresidual,matrix,73,"Adjusted price-to-book signal incorporating firm growth, based on Wilcox and Philips (2005), representing the residual from combining price-to-book and return-on-equity",Matrix,100,419,USA,TOP3000,1
mdl177_2_sensitivityfactor400_rev3my1std,matrix,96,"The change in a stock's current analysts mean earnings estimate for fiscal year 1 less that of three months ago, scaled by the standard deviation of analyst forecasts as of three months ago.",Matrix,100,386,USA,TOP3000,1
mdl177_2_sensitivityfactor400_rev3my2std,matrix,96,"3-M Revision in FY2 EPS Forecasts: Dispersion Relative : It is defined as the change in a stock's current analysts mean earnings estimate for fiscal year 2 less that of three months ago, scaled by the standard deviation of analyst forecasts as of three months ago.",Matrix,100,927,USA,TOP3000,1
mdl177_2_sensitivityfactor400_ttmocfev,matrix,100,Trailing 12-month operating cash flow per share divided by enterprise value per share; a valuation and quality metric,Matrix,100,1203,USA,TOP3000,1
mdl177_2_sensitivityfactor400_ttmopincev,matrix,91,"Trailing 12-month operating income (before depreciation/amortization) divided by enterprise value, where EV = Equity Market Value + Debt + Preferred Shares + Minority Interest - Cash",Matrix,100,109,USA,TOP3000,1
mdl177_2_sensitivityfactor400_usd,matrix,100,US Dollar Value Sensitivity,Matrix,100,36,USA,TOP3000,1
mdl177_2_sensitivityfactor400_vix,matrix,100,"Sensitivity of the stock or factor to changes in the CBOE Volatility Index (VIX), a market volatility measure",Matrix,100,59,USA,TOP3000,1
mdl177_2_sensitivityfactor400_y2aepsgpc,matrix,100,"Percentage change in consensus analyst EPS forecast from fiscal year 1 to fiscal year 2, normalized by year 1 forecast (forward growth rate)",Matrix,100,354,USA,TOP3000,1
mdl177_2_sensitivityfactor400_yieldsprd,matrix,100,"Sensitivity of the stock or factor to changes in the slope of the yield curve, measured as the difference between long- and short-term interest rates",Matrix,100,213,USA,TOP3000,1
mdl177_2_surpriseanalystmodel_qsa_composite,matrix,100,Aggregate rank that combines several surprise-related analyst metrics into a single composite score,Matrix,100,106,USA,TOP3000,1
mdl177_2_surpriseanalystmodel_qsa_efficiency,matrix,100,Fundamentals Rank,Matrix,100,150,USA,TOP3000,1
mdl177_2_surpriseanalystmodel_qsa_estexpect,matrix,100,Rank indicating the trend or direction of analyst estimate changes for a company (estimate trend rank),Matrix,100,148,USA,TOP3000,1
mdl177_2_surpriseanalystmodel_qsa_percent,matrix,100,Estimated probability (in percent) that a company will deliver an earnings or revenue surprise,Matrix,100,103,USA,TOP3000,1
mdl177_2_surpriseanalystmodel_qsa_surpsn,matrix,100,"Rank of a company's earnings or revenue surprise, normalized relative to its sector (sector-neutral surprise analyst rank)",Matrix,100,358,USA,TOP3000,1
mdl177_2_valueanalystmodel_qva_alertrank,matrix,100,Alert Rank,Matrix,100,64,USA,TOP3000,1
mdl177_2_valueanalystmodel_qva_capexdep,matrix,99,"Rank based on the ratio of capital expenditures to depreciation, showing investment intensity or asset renewal",Matrix,100,31,USA,TOP3000,1
mdl177_2_valueanalystmodel_qva_cashflow,matrix,96,Rank of free cash flow relative to market capitalization,Matrix,100,109,USA,TOP3000,1
mdl177_2_valueanalystmodel_qva_chgacc,matrix,83,"Rank based on change in net operating working capital, reflecting shifts in operational liquidity or efficiency",Matrix,100,685,USA,TOP3000,1
mdl177_2_valueanalystmodel_qva_chgato,matrix,100,"Rank based on change in asset turnover ratio (sales/assets), indicating improvements or declines in efficiency",Matrix,100,43,USA,TOP3000,1
mdl177_2_valueanalystmodel_qva_chginv,matrix,92,"Rank based on change in inventory levels, typically signaling operational efficiency or demand shifts",Matrix,100,45,USA,TOP3000,1
mdl177_2_valueanalystmodel_qva_composite,matrix,100,Composite rank combining multiple value analyst measures for overall scoring,Matrix,100,414,USA,TOP3000,1
mdl177_2_valueanalystmodel_qva_earnquality,matrix,100,Rank based on the quality and sustainability of earnings,Matrix,100,114,USA,TOP3000,1
mdl177_2_valueanalystmodel_qva_earnval,matrix,100,"Rank based on valuation of earnings, such as P/E or related metrics",Matrix,100,27,USA,TOP3000,1
mdl177_2_valueanalystmodel_qva_epmodule,matrix,100,"Rank based on cyclicality of company earnings, measuring how variable or stable earnings are",Matrix,100,180,USA,TOP3000,1
mdl177_2_valueanalystmodel_qva_finstmt,matrix,100,Composite rank based on multiple financial statement metrics,Matrix,100,140,USA,TOP3000,1
mdl177_2_valueanalystmodel_qva_incstmt,matrix,100,Rank of operating income in relation to enterprise value based on income statement data,Matrix,100,177,USA,TOP3000,1
mdl177_2_valueanalystmodel_qva_invsentiment,matrix,100,Investor Sentiment Rank,Matrix,100,31,USA,TOP3000,1
mdl177_2_valueanalystmodel_qva_mgtsignaling,matrix,100,Management Signaling Rank,Matrix,100,40,USA,TOP3000,1
mdl177_2_valueanalystmodel_qva_pegy,matrix,100,"Rank based on PEGY ratio (Price/Earnings to Growth & Yield), assessing valuation adjusted for earnings growth and dividend yield",Matrix,100,77,USA,TOP3000,1
mdl177_2_valueanalystmodel_qva_shortfall,matrix,100,"Rank based on earnings shortfall, flagging how much reported earnings fell below expectations",Matrix,100,191,USA,TOP3000,1
mdl177_2_valueanalystmodel_qva_valuation,matrix,100,"Overall valuation rank, likely reflecting various value measures",Matrix,100,107,USA,TOP3000,1
mdl177_2_valueanalystmodel_qva_yoychgdebt,matrix,100,"Rank based on year-over-year change in debt issuance, indicating leverage dynamics",Matrix,100,42,USA,TOP3000,1
mdl177_2_valueanalystmodel_qva_yoychgshares,matrix,100,"Rank based on year-over-year change in shares outstanding, reflecting dilution or buybacks",Matrix,100,21,USA,TOP3000,1
mdl177_2_valuemomemtummodel_earningsexpectationmodule,matrix,100,"A module tracking market expectations regarding the company's future earnings, often based on analyst forecasts or consensus estimates",Matrix,100,147,USA,TOP3000,1
mdl177_2_valuemomemtummodel_earningspricelinkmodule,matrix,100,Earnings-Price Link Module,Matrix,100,57,USA,TOP3000,1
mdl177_2_valuemomemtummodel_earningsqualitymodule,matrix,100,Earnings Quality Module,Matrix,100,33,USA,TOP3000,1
mdl177_2_valuemomemtummodel_earningsvaluationmodule,matrix,100,Earnings Valuation Module,Matrix,100,143,USA,TOP3000,1
mdl177_2_valuemomemtummodel_financialstatementmodule,matrix,100,Financial Statement Module,Matrix,100,167,USA,TOP3000,1
mdl177_2_valuemomemtummodel_investorsentimentmodule,matrix,100,Investor Sentiment Module,Matrix,100,31,USA,TOP3000,1
mdl177_2_valuemomemtummodel_managementsignalingmodule,matrix,100,Management Signaling Module,Matrix,100,76,USA,TOP3000,1
mdl177_2_valuemomemtummodel_pricemomentummodule,matrix,100,"A factor signal module measuring price momentum, i.e., recent upward or downward movement in the company’s stock price",Matrix,100,35,USA,TOP3000,1
mdl177_2_valuemomemtummodel_reportedearningsmomentummodule,matrix,100,Reported Earnings Momentum Module,Matrix,100,144,USA,TOP3000,1
mdl177_2_valuemomemtummodel_vm_compositesn,matrix,100,Value Momentum Composite SN,Matrix,100,127,USA,TOP3000,1
mdl177_2_valuemomemtummodel_vma_composite,matrix,100,Value Momentum Composite,Matrix,100,226,USA,TOP3000,1
mdl177_2_vma2_vma2,matrix,100,Value Momentum Analyst II overall composite score combining Value and Momentum components,Matrix,100,242,USA,TOP3000,1
mdl177_2_vma2_vma2_ma,matrix,100,"Momentum Analyst II composite score aggregating price momentum, earnings momentum, expectations, and fundamental growth signals",Matrix,100,167,USA,TOP3000,1
mdl177_2_vma2_vma2_ma_ee,matrix,100,"Earnings Expectations subscore within the Momentum Analyst II component, reflecting analyst forecasts and revisions momentum",Matrix,100,152,USA,TOP3000,1
mdl177_2_vma2_vma2_ma_em,matrix,100,"Reported Earnings Momentum subscore within the Momentum Analyst II component, tracking momentum in realized earnings results and surprises",Matrix,100,126,USA,TOP3000,1
mdl177_2_vma2_vma2_ma_fg,matrix,100,"Fundamental Growth subscore within the Momentum Analyst II component, measuring growth in fundamentals such as sales, EPS, and cash flow",Matrix,100,31,USA,TOP3000,1
mdl177_2_vma2_vma2_ma_pm,matrix,100,Price Momentum; measures price trend or momentum for the stock over a selected period,Matrix,100,122,USA,TOP3000,1
mdl177_2_vma2_vma2_va,matrix,100,"Value Analyst II composite score aggregating valuation-oriented subscores (Earnings Quality, Earnings Valuation, Financial Statement Valuation, Investor Sentiment)",Matrix,100,497,USA,TOP3000,1
mdl177_2_vma2_vma2_va_eq,matrix,100,"Earnings Quality subscore within the Value Analyst II component, capturing the reliability and sustainability of earnings (e.g., accruals quality, consistency)",Matrix,100,97,USA,TOP3000,1
mdl177_2_vma2_vma2_va_ev,matrix,100,"Earnings Valuation subscore within the Value Analyst II component, focused on earnings-based valuation ratios (e.g., P/E, EV/EBITDA)",Matrix,100,237,USA,TOP3000,1
mdl177_2_vma2_vma2_va_fs,matrix,100,"Financial Statement Valuation subscore within the Value Analyst II component, based on ratios from financial statements (e.g., book, earnings, cash flow)",Matrix,100,254,USA,TOP3000,1
mdl177_2_vma2_vma2_va_is,matrix,100,"Investor Sentiment subscore within the Value Analyst II component, capturing valuation-related sentiment and investor behavior indicators",Matrix,100,40,USA,TOP3000,1
mdl177_5shortsentimentfactor_act_util,matrix,100,Actual Utilization Rate: the real observed proportion of shares lent out (actively used for short selling) versus available supply,Matrix,100,579,USA,TOP3000,1
mdl177_5shortsentimentfactor_benchmark_fee,matrix,100,Implied loan rate or benchmark borrowing fee in the securities lending market,Matrix,100,55,USA,TOP3000,1
mdl177_5shortsentimentfactor_conc_ratio,matrix,100,"Short Concentration Ratio: measures the degree to which short interest is concentrated in a limited number of stocks, indicating potential crowding risk in short positions",Matrix,100,228,USA,TOP3000,1
mdl177_5shortsentimentfactor_days_to_cover,matrix,100,"Days to Cover: number of days it would take for all current short positions to be repurchased (covered), given average trading volume; reflects potential risk of short squeezes",Matrix,100,67,USA,TOP3000,1
mdl177_5shortsentimentfactor_dmd_conc,matrix,100,Demand value concentration: degree to which borrowing demand is concentrated among a few borrowers,Matrix,100,471,USA,TOP3000,1
mdl177_5shortsentimentfactor_dmd_supply,matrix,100,"Demand-to-supply ratio in securities lending, indicating borrow demand relative to lendable supply",Matrix,100,402,USA,TOP3000,1
mdl177_5shortsentimentfactor_inv_conc,matrix,100,Inventory value concentration: degree to which lending inventory is concentrated among a few lenders,Matrix,100,279,USA,TOP3000,1
mdl177_5shortsentimentfactor_lend_supply,matrix,100,"Lending Supply: the total quantity of shares available for lending in the market, reflecting liquidity for short sellers",Matrix,100,54,USA,TOP3000,1
mdl177_5shortsentimentfactor_onloan_conc,matrix,100,"On Loan Concentration: degree to which stocks on loan (for short selling) are concentrated in a few names, signifying crowding and potential risk in short positions",Matrix,100,153,USA,TOP3000,1
mdl177_5shortsentimentfactor_sht_int,matrix,100,"Short Interest: the total number of shares currently sold short (but not yet covered), a key indicator of bearish sentiment in a stock",Matrix,100,87,USA,TOP3000,1
mdl177_deepvaluefactor_acqmul_alt,matrix,86,Acquisition Multiple: most recent invested capital divided by trailing 12-month EBITDA,Matrix,100,23,USA,TOP3000,1
mdl177_deepvaluefactor_bp_alt,matrix,100,Book-to-Price: most recent book value per share divided by trading price,Matrix,100,164,USA,TOP3000,1
mdl177_deepvaluefactor_cashp_alt,matrix,94,Cash-to-Price: most recently reported cash and equivalents per share divided by trading price,Matrix,100,38,USA,TOP3000,1
mdl177_deepvaluefactor_cashsev_alt,matrix,93,Cash-to-Enterprise Value: total cash and equivalents divided by enterprise value,Matrix,100,88,USA,TOP3000,1
mdl177_deepvaluefactor_coreepsp_alt,matrix,100,TTM Core Earnings-to-Price: trailing 12-month operational/core EPS excluding special items divided by trading price,Matrix,100,97,USA,TOP3000,1
mdl177_deepvaluefactor_curep_alt,matrix,97,Cash-to-Price,Matrix,100,726,USA,TOP3000,1
mdl177_deepvaluefactor_divyield_alt,matrix,100,TTM Dividend Yield: trailing 12-month dividends per share divided by trading price,Matrix,100,45,USA,TOP3000,1
mdl177_deepvaluefactor_ebitdaev_alt,matrix,100,TTM EBITDA-to-Enterprise Value: trailing 12-month EBITDA divided by enterprise value,Matrix,100,69,USA,TOP3000,1
mdl177_deepvaluefactor_ebitdap_alt,matrix,100,TTM EBITDA-to-Price: trailing 12-month EBITDA divided by trading price,Matrix,100,55,USA,TOP3000,1
mdl177_deepvaluefactor_ebop_alt,matrix,90,Edwards-Bell-Ohlson Value-to-Price: valuation from the EBO model divided by market price,Matrix,100,173,USA,TOP3000,1
mdl177_deepvaluefactor_estep_alt,matrix,100,TTM EBITDA-to-Price,Matrix,100,355,USA,TOP3000,1
mdl177_deepvaluefactor_f12mepssev_alt,matrix,99,Cash to Enterprise Value,Matrix,100,188,USA,TOP3000,1
mdl177_deepvaluefactor_fcfp_alt,matrix,99,Leading 12-Month Median Earnings Yield,Matrix,100,468,USA,TOP3000,1
mdl177_deepvaluefactor_fwdep_alt,matrix,100,Forward 12-month Earnings-to-Price: next four quarters’ mean consensus EPS divided by price,Matrix,100,359,USA,TOP3000,1
mdl177_deepvaluefactor_indidivy_alt,matrix,100,Indicated Dividend Yield: expected annualized dividend divided by price,Matrix,100,169,USA,TOP3000,1
mdl177_deepvaluefactor_navp_alt,matrix,100,"Ratio of a company’s net asset value per share (tangible book value) to its current share price, indicating how much balance-sheet net worth backs each share relative to market value",Matrix,100,79,USA,TOP3000,1
mdl177_deepvaluefactor_nnastp_alt,matrix,85,Net Current Assets-to-Price: current assets minus total liabilities per share divided by price,Matrix,100,78,USA,TOP3000,1
mdl177_deepvaluefactor_past_alt,matrix,100,Price-to-Total Assets: trading price divided by most recent total assets per share,Matrix,100,29,USA,TOP3000,1
mdl177_deepvaluefactor_pdy_alt,matrix,77,Indicated Dividend Yield,Matrix,100,167,USA,TOP3000,1
mdl177_deepvaluefactor_proformaep_alt,matrix,96,TTM Pro Forma Earnings-to-Price: trailing 12-month adjusted/pro forma earnings per share divided by trading price,Matrix,100,150,USA,TOP3000,1
mdl177_deepvaluefactor_ttmcapexp_alt,matrix,100,TTM Capital Expenditures-to-Price: trailing 12-month capital expenditures per share divided by trading price,Matrix,100,34,USA,TOP3000,1
mdl177_deepvaluefactor_ttmcfp_alt,matrix,100,TTM Cash Flow-to-Price: trailing 12-month net income plus depreciation per share divided by trading price,Matrix,100,99,USA,TOP3000,1
mdl177_deepvaluefactor_ttmepa_alt,matrix,100,An indicator that standardizes and compares relative share price between time periods and among companies.,Matrix,100,97,USA,TOP3000,1
mdl177_deepvaluefactor_ttmepb_alt,matrix,100,The company's performance in trailing 1-year before taking into account of non-recurring gain or loss.stock divided by its month-end trading price.,Matrix,100,88,USA,TOP3000,1
mdl177_deepvaluefactor_ttmfcfev_alt,matrix,100,TTM Free Cash Flow-to-Enterprise Value: trailing 12-month free cash flow divided by enterprise value,Matrix,100,150,USA,TOP3000,1
mdl177_deepvaluefactor_ttmfcfp_alt,matrix,100,TTM Free Cash Flow-to-Price: trailing 12-month free cash flow per share divided by trading price,Matrix,100,174,USA,TOP3000,1
mdl177_deepvaluefactor_ttmgfp_alt,matrix,100,TTM Growth Flow-to-Price: trailing four quarters GAAP earnings plus R&D expenses per share divided by trading price,Matrix,100,63,USA,TOP3000,1
mdl177_deepvaluefactor_ttmocfp_alt,matrix,100,TTM Operating Cash Flow-to-Price: trailing 12-month operating cash flow per share divided by trading price,Matrix,100,172,USA,TOP3000,1
mdl177_deepvaluefactor_ttmpiqp_alt,matrix,100,TTM Pretax Income-to-Price: trailing 12-month pretax income per share divided by trading price,Matrix,100,110,USA,TOP3000,1
mdl177_deepvaluefactor_ttmsaleev_alt,matrix,100,TTM Sales-to-Enterprise Value: trailing 12-month sales divided by enterprise value,Matrix,100,45,USA,TOP3000,1
mdl177_deepvaluefactor_ttmsp_alt,matrix,100,TTM Sales-to-Price: trailing 12-month sales per share divided by trading price,Matrix,100,37,USA,TOP3000,1
mdl177_devnorthamericashortsentimentfactor_act_util,matrix,57,Actual utilization rate of lendable inventory currently on loan,Matrix,100,2,USA,TOP3000,1
mdl177_devnorthamericashortsentimentfactor_benchmark_fee,matrix,57,Implied loan rate or benchmark borrowing fee for the stock in the securities lending market,Matrix,100,6,USA,TOP3000,1
mdl177_devnorthamericashortsentimentfactor_conc_ratio,matrix,57,"Short concentration ratio, measuring how concentrated short positions or utilization are",Matrix,100,1,USA,TOP3000,1
mdl177_devnorthamericashortsentimentfactor_days_to_cover,matrix,57,Number of days required to cover current short interest based on average daily trading volume,Matrix,100,5,USA,TOP3000,1
mdl177_devnorthamericashortsentimentfactor_dmd_conc,matrix,57,"Demand value concentration, indicating how borrow demand value is concentrated",Matrix,100,1,USA,TOP3000,1
mdl177_devnorthamericashortsentimentfactor_dmd_supply,matrix,57,Demand-to-supply ratio of borrow demand relative to available lending supply,Matrix,100,3,USA,TOP3000,1
mdl177_devnorthamericashortsentimentfactor_inv_conc,matrix,57,"Concentration of lending inventory value, indicating how supply is concentrated among a few holders",Matrix,100,5,USA,TOP3000,1
mdl177_devnorthamericashortsentimentfactor_lend_supply,matrix,57,Total quantity of shares available to lend (lendable inventory),Matrix,100,17,USA,TOP3000,1
mdl177_devnorthamericashortsentimentfactor_onloan_conc,matrix,57,"Concentration of shares currently on loan, indicating how on-loan positions are concentrated",Matrix,100,2,USA,TOP3000,1
mdl177_devnorthamericashortsentimentfactor_sht_int,matrix,57,"Short interest, the number of shares sold short and outstanding",Matrix,100,7,USA,TOP3000,1
mdl177_devnorthamericashortsentimentfactor_util,matrix,57,Utilization: proportion of lendable shares currently on loan,Matrix,100,9,USA,TOP3000,1
mdl177_earningmomentumfactor_chg6mltg,matrix,76,Percent change in consensus long-term growth forecast over past 6 months,Matrix,100,18,USA,TOP3000,1
mdl177_earningmomentumfactor_chg6mltg_alt,matrix,86,Percent change in consensus long-term growth estimate over previous six months,Matrix,100,12,USA,TOP3000,1
mdl177_earningmomentumfactor_cvfy1eps,matrix,96,Forecast dispersion for FY1 EPS; standard deviation of analyst estimates for fiscal year 1 divided by mean,Matrix,100,65,USA,TOP3000,1
mdl177_earningmomentumfactor_cvfy1eps_alt,matrix,97,Dispersion (coefficient of variation) of FY1 earnings per share forecasts among analysts,Matrix,100,50,USA,TOP3000,1
mdl177_earningmomentumfactor_cvfy2eps,matrix,96,Forecast dispersion for FY2 EPS; standard deviation of analyst estimates for fiscal year 2 earnings per share divided by the mean,Matrix,100,65,USA,TOP3000,1
mdl177_earningmomentumfactor_cvfy2eps_alt,matrix,97,Dispersion (coefficient of variation) of FY2 EPS forecasts among analysts,Matrix,100,77,USA,TOP3000,1
mdl177_earningmomentumfactor_dypeg,matrix,74,Reciprocal of dividend yield-adjusted PEG ratio; valuation metric adjusting PEG by dividend yield,Matrix,100,63,USA,TOP3000,1
mdl177_earningmomentumfactor_dypeg_alt,matrix,78,Reciprocal of dividend yield-adjusted PEG ratio,Matrix,100,75,USA,TOP3000,1
mdl177_earningmomentumfactor_egp,matrix,74,"Inverse of PEG Ratio; next 4-quarter earnings estimate times long-term growth rate forecast, scaled by price",Matrix,100,23,USA,TOP3000,1
mdl177_earningmomentumfactor_egp_alt,matrix,78,Inverse PEG ratio; EPS-to-price divided by growth rate,Matrix,100,48,USA,TOP3000,1
mdl177_earningmomentumfactor_epsrm,matrix,81,"Magnitude of street revisions; 3-month change in median FY1 consensus earnings estimate, scaled by price",Matrix,100,8,USA,TOP3000,1
mdl177_earningmomentumfactor_epsrm_alt,matrix,85,Magnitude of 3-month revision in median consensus FY1 earnings forecast,Matrix,100,20,USA,TOP3000,1
mdl177_earningmomentumfactor_fcfroey1p,matrix,97,"Product of trailing 12-month free cash flow yield and forward return on equity; combines FCF per share and next 4-quarter earnings forecast over book value, scaled by trading price",Matrix,100,83,USA,TOP3000,1
mdl177_earningmomentumfactor_fcfroey1p_alt,matrix,99,"Product of trailing twelve-month free cash flow yield per share and forward-looking return on equity (ROE), measuring company profitability and cash generation relative to price",Matrix,100,142,USA,TOP3000,1
mdl177_earningmomentumfactor_fqsurstd,matrix,91,Most recent earnings surprise; standardized value quantifying how actual earnings differed from consensus in latest reporting,Matrix,100,69,USA,TOP3000,1
mdl177_earningmomentumfactor_fqsurstd_alt,matrix,93,Most recent earnings surprise standardized (actual minus expected EPS),Matrix,100,76,USA,TOP3000,1
mdl177_earningmomentumfactor_fy1epsskew,matrix,95,"Skewness statistic of the distribution of leading 12-month consensus EPS estimates, indicating asymmetry in earnings expectations",Matrix,100,26,USA,TOP3000,1
mdl177_earningmomentumfactor_fy1epsskew_alt,matrix,96,Skewness of leading 12-month analyst EPS estimates,Matrix,100,31,USA,TOP3000,1
mdl177_earningmomentumfactor_hlep,matrix,100,"Street revision confidence; sum of 3-month change in highest and lowest FY1 earnings estimates, scaled by price",Matrix,100,15,USA,TOP3000,1
mdl177_earningmomentumfactor_hlep_alt,matrix,100,"Sum of 3-month change in highest and lowest FY1 EPS estimate, scaled by price",Matrix,100,57,USA,TOP3000,1
mdl177_earningmomentumfactor_lagegp,matrix,82,"Lagged inverse of PEG Ratio; trailing 12-month EPS before extraordinary items times change in yearly trailing sales per share growth rate, divided by trading price",Matrix,100,20,USA,TOP3000,1
mdl177_earningmomentumfactor_lagegp_alt,matrix,84,"Inverse PEG ratio calculated using trailing 12-month EPS and sales growth rate, divided by price",Matrix,100,24,USA,TOP3000,1
mdl177_earningmomentumfactor_ltg,matrix,85,Long-term growth rate estimate; consensus annual growth forecast for operating earnings over the next full business cycle,Matrix,100,13,USA,TOP3000,1
mdl177_earningmomentumfactor_ltg_alt,matrix,88,Consensus long-term earnings growth rate estimate,Matrix,100,18,USA,TOP3000,1
mdl177_earningmomentumfactor_numrevq1,matrix,100,Net number of analyst revisions for fiscal quarter 1; weighted average of forecast increases minus decreases for Q1,Matrix,100,94,USA,TOP3000,1
mdl177_earningmomentumfactor_numrevq1_alt,matrix,100,Net number of analyst revisions for fiscal quarter one EPS estimates,Matrix,100,180,USA,TOP3000,1
mdl177_earningmomentumfactor_numrevy1,matrix,100,Net # of Revisions for Fiscal Year 1,Matrix,100,129,USA,TOP3000,1
mdl177_earningmomentumfactor_numrevy1_alt,matrix,100,Net number of upward and downward revisions in FY1 EPS forecasts,Matrix,100,188,USA,TOP3000,1
mdl177_earningmomentumfactor_perg,matrix,74,"Risk-adjusted PEG ratio, calculated as stock price divided by leading 12-month consensus earnings forecast, scaled by average long-term growth rate estimate, and multiplied by the stock's 36-month beta",Matrix,100,70,USA,TOP3000,1
mdl177_earningmomentumfactor_perg_alt,matrix,78,"Risk-adjusted PEG ratio accounting for price, forecast EPS, growth rate, and 36-month beta",Matrix,100,65,USA,TOP3000,1
mdl177_earningmomentumfactor_q1aepsg,matrix,94,Estimated EPS growth for the next fiscal quarter,Matrix,100,214,USA,TOP3000,1
mdl177_earningmomentumfactor_q1aepsg_alt,matrix,95,Estimated growth in earnings per share for the upcoming fiscal quarter,Matrix,100,272,USA,TOP3000,1
mdl177_earningmomentumfactor_qepsferr,matrix,93,Prior fiscal quarter forecast error; difference between actual and estimated EPS for previous quarter,Matrix,100,150,USA,TOP3000,1
mdl177_earningmomentumfactor_qepsferr_alt,matrix,94,Forecast error for prior fiscal quarter’s earnings (actual EPS minus forecasted EPS),Matrix,100,250,USA,TOP3000,1
mdl177_earningmomentumfactor_ratrev6m,matrix,98,6-month average change in street analyst recommendations,Matrix,100,31,USA,TOP3000,1
mdl177_earningmomentumfactor_ratrev6m_alt,matrix,99,"Six-month average change in analyst recommendation ratings, indicating shifts in analyst sentiment toward the stock",Matrix,100,27,USA,TOP3000,1
mdl177_earningmomentumfactor_rev1q1,matrix,100,Revision in fiscal Q1 EPS forecasts; change in current Q1 forecast minus previous Q1 forecast,Matrix,100,106,USA,TOP3000,1
mdl177_earningmomentumfactor_rev1q1_alt,matrix,100,Change in EPS forecast for fiscal quarter one,Matrix,100,167,USA,TOP3000,1
mdl177_earningmomentumfactor_rev3y1,matrix,100,"3-month revision in FY1 EPS forecasts; change in current FY1 estimate minus 3 months ago, scaled",Matrix,100,78,USA,TOP3000,1
mdl177_earningmomentumfactor_rev3y1_alt,matrix,100,Change in FY1 EPS forecasts over the past three months,Matrix,100,74,USA,TOP3000,1
mdl177_earningmomentumfactor_rev3y2,matrix,100,"3-month revision in FY2 EPS forecasts; difference in FY2 estimates from three months ago to now, scaled",Matrix,100,32,USA,TOP3000,1
mdl177_earningmomentumfactor_rev3y2_alt,matrix,100,Change in FY2 EPS forecasts over the past three months,Matrix,100,40,USA,TOP3000,1
mdl177_earningmomentumfactor_rev6,matrix,98,Averaged Last 6-M EPS Revisions for FY1,Matrix,100,44,USA,TOP3000,1
mdl177_earningmomentumfactor_rev6_alt,matrix,99,Average of analyst earnings per share (EPS) estimate revisions for fiscal year 1 (FY1) over the past 6 months,Matrix,100,65,USA,TOP3000,1
mdl177_earningmomentumfactor_salesurp,matrix,89,Sales surprise; positive or negative deviation in actual sales versus consensus forecasts,Matrix,100,66,USA,TOP3000,1
mdl177_earningmomentumfactor_salesurp_alt,matrix,91,Magnitude of actual sales exceeding or missing consensus forecast,Matrix,100,125,USA,TOP3000,1
mdl177_earningmomentumfactor_stdevfy1epsp,matrix,97,Standard deviation of FY1 EPS estimates-to-price; dispersion of FY1 analyst EPS forecasts scaled by stock price,Matrix,100,32,USA,TOP3000,1
mdl177_earningmomentumfactor_stdevfy1epsp_alt,matrix,98,Standard deviation of FY1 EPS estimates expressed relative to price,Matrix,100,94,USA,TOP3000,1
mdl177_earningmomentumfactor_stdevfy2epsp,matrix,97,Standard deviation of FY2 EPS estimates-to-price; dispersion of FY2 analyst EPS forecasts scaled by stock price,Matrix,100,104,USA,TOP3000,1
mdl177_earningmomentumfactor_stdevfy2epsp_alt,matrix,98,Standard deviation of FY2 EPS estimates expressed relative to price,Matrix,100,94,USA,TOP3000,1
mdl177_earningmomentumfactor_stockrating,matrix,100,Consensus analyst recommendation for the stock,Matrix,100,62,USA,TOP3000,1
mdl177_earningmomentumfactor_stockrating_alt,matrix,100,"Consensus recommendation for the stock (e.g., buy/hold/sell)",Matrix,100,63,USA,TOP3000,1
mdl177_earningmomentumfactor_sucf,matrix,89,"Standardized measure of unexpected cash flow, quantifying the deviation of reported cash flow from expected values, adjusted for comparability",Matrix,100,21,USA,TOP3000,1
mdl177_earningmomentumfactor_sucf_alt,matrix,89,Standardized Unexpected Cash Flow,Matrix,100,68,USA,TOP3000,1
mdl177_earningmomentumfactor_sue,matrix,92,"Standardized unexpected earnings; deviation of reported earnings from consensus, usually normalized",Matrix,100,32,USA,TOP3000,1
mdl177_earningmomentumfactor_sue_alt,matrix,92,"Standardized measure of unexpected earnings, typically deviation from analyst expectations",Matrix,100,77,USA,TOP3000,1
mdl177_earningmomentumfactor_surp,matrix,97,"Real earnings surprise; difference between actual and forecast EPS prior to announcement, scaled by price at quarter end",Matrix,100,147,USA,TOP3000,1
mdl177_earningmomentumfactor_surp_alt,matrix,98,"Difference between actual EPS and consensus forecast, scaled by quarter-end price",Matrix,100,121,USA,TOP3000,1
mdl177_earningmomentumfactor_y1aepsg,matrix,92,1-year ahead EPS growth; projected increase in earnings per share for next fiscal year,Matrix,100,12,USA,TOP3000,1
mdl177_earningmomentumfactor_y1aepsg_alt,matrix,93,Estimated earnings per share growth for fiscal year one compared to prior year,Matrix,100,18,USA,TOP3000,1
mdl177_earningmomentumfactor_y2aepsg,matrix,100,2-year ahead EPS growth; projected increase in earnings per share for fiscal year 2,Matrix,100,60,USA,TOP3000,1
mdl177_earningmomentumfactor_y2aepsg_alt,matrix,100,Estimated earnings per share growth for fiscal year two compared to year one,Matrix,100,41,USA,TOP3000,1
mdl177_earningmomentumfactor_y2repsg,matrix,98,"2-year projected EPS growth; forecasted earnings per share growth over 2 years, likely scaled by price",Matrix,100,88,USA,TOP3000,1
mdl177_earningmomentumfactor_y2repsg_alt,matrix,98,Forecasted 2-year ahead EPS growth,Matrix,100,127,USA,TOP3000,1
mdl177_earningmomentumfactor_y3sur,matrix,81,Volatility-adj 3-yr Projected EPS Growth,Matrix,100,14,USA,TOP3000,1
mdl177_earningmomentumfactor_y3sur_alt,matrix,82,Volatility-adjusted projected earnings per share growth over the next three years,Matrix,100,15,USA,TOP3000,1
mdl177_earningsmomemtummodel_chgsup_alt,matrix,100,Change in EPS Surprise,Matrix,100,115,USA,TOP3000,1
mdl177_earningsmomemtummodel_emm_composite_alt,matrix,100,Composite score measuring earnings momentum using multiple signals within the model,Matrix,100,44,USA,TOP3000,1
mdl177_earningsmomemtummodel_fc_cvfy2eps_alt,matrix,100,Dispersion of FY2 EPS forecasts: standard deviation of analyst estimates divided by mean consensus,Matrix,100,30,USA,TOP3000,1
mdl177_earningsmomemtummodel_fc_egp_alt,matrix,100,Next 1-year average earnings estimate scaled by expected long-term growth rate and stock price (inverse PEG-type measure),Matrix,100,145,USA,TOP3000,1
mdl177_earningsmomemtummodel_fc_fcfroey1p_alt,matrix,100,"Product of trailing 12-month free cash flow yield and forward return on equity, scaled by stock price",Matrix,100,233,USA,TOP3000,1
mdl177_earningsmomemtummodel_fc_fqsurstd_alt,matrix,100,Most recent quarterly earnings surprise (actual EPS minus consensus) standardized by the standard deviation of analyst EPS estimates,Matrix,100,69,USA,TOP3000,1
mdl177_earningsmomemtummodel_fc_numrevy1_alt,matrix,100,Weighted average net number of FY1 analyst forecast revisions in a month (raises minus lowers) divided by total forecasts,Matrix,100,97,USA,TOP3000,1
mdl177_earningsmomemtummodel_fc_rev3y2_alt,matrix,100,3-month change in FY2 EPS forecasts (FY2 estimate revision over 3 months),Matrix,100,42,USA,TOP3000,1
mdl177_earningsmomemtummodel_fc_y2repsg_alt,matrix,100,"Difference between FY2 consensus EPS forecast and last fiscal year's reported EPS, divided by month-end price (2-year ahead EPS growth scaled by price)",Matrix,100,130,USA,TOP3000,1
mdl177_earningsmomemtummodel_ltg_alt,matrix,100,Consensus long-term operating earnings growth rate forecast over the next business cycle,Matrix,100,32,USA,TOP3000,1
mdl177_earningsqualityfactor_chgsgasale,matrix,89,Difference between yearly change in quarterly SG&A expenses and yearly change in quarterly sales,Matrix,100,27,USA,TOP3000,1
mdl177_earningsqualityfactor_chgsgasale_alt,matrix,89,Change in quarterly SG&A expenses versus sales; difference in SG&A-to-sales ratios,Matrix,100,68,USA,TOP3000,1
mdl177_earningsqualityfactor_chgshare,matrix,100,Percent change in company's number of shares outstanding over one year,Matrix,100,125,USA,TOP3000,1
mdl177_earningsqualityfactor_chgshare_alt,matrix,100,Change in shares outstanding,Matrix,100,43,USA,TOP3000,1
mdl177_earningsqualityfactor_cogsinvt,matrix,59,Absolute difference between yearly percent change in cost of goods sold and percent change in inventory level,Matrix,100,18,USA,TOP3000,1
mdl177_earningsqualityfactor_cogsinvt_alt,matrix,60,Change in TTM cost of goods sold versus inventory level; absolute difference between yearly percent changes,Matrix,100,21,USA,TOP3000,1
mdl177_earningsqualityfactor_dpcapex,matrix,95,Absolute difference between yearly percent change in depreciation expense and in capital expenditure (trailing 12 months),Matrix,100,56,USA,TOP3000,1
mdl177_earningsqualityfactor_dpcapex_alt,matrix,96,Change in TTM depreciation versus capital expenditures; absolute difference between percent changes,Matrix,100,37,USA,TOP3000,1
mdl177_earningsqualityfactor_epschgetr,matrix,86,EPS adjusted by change in trailing 12-month effective tax rate (pre-tax income per share times tax rate change over past 4 quarters),Matrix,100,15,USA,TOP3000,1
mdl177_earningsqualityfactor_epschgetr_alt,matrix,93,EPS from change in effective tax rate; EPS times the change in ETR over the last four quarters,Matrix,100,10,USA,TOP3000,1
mdl177_earningsqualityfactor_erc,matrix,86,Earnings Response Coefficient; the sensitivity of a stock's return to its earnings announcement,Matrix,100,24,USA,TOP3000,1
mdl177_earningsqualityfactor_erc_alt,matrix,87,"Earnings Response Coefficient, slope between market-adjusted returns and quarterly earnings changes",Matrix,100,9,USA,TOP3000,1
mdl177_earningsqualityfactor_indrelrecd_,matrix,56,Industry-adjusted doubtful account receivables; a stock's asset-adjusted annual doubtful receivables minus the industry average (standard deviation deflated),Matrix,100,22,USA,TOP3000,1
mdl177_earningsqualityfactor_indrelrecd__alt,matrix,57,"Industry-adjusted doubtful accounts receivable, asset-adjusted annual doubtful receivables minus the industry mean",Matrix,100,15,USA,TOP3000,1
mdl177_earningsqualityfactor_ncfeps,matrix,76,Absolute difference between yearly percent change in operating cash flow per share and yearly percent change in diluted EPS,Matrix,100,11,USA,TOP3000,1
mdl177_earningsqualityfactor_ncfeps_alt,matrix,83,Change in trailing twelve months earnings per share versus operating cash flows,Matrix,100,19,USA,TOP3000,1
mdl177_earningsqualityfactor_opincltd,matrix,77,Difference between yearly percent change in operating income and yearly percent change in long-term debt,Matrix,100,65,USA,TOP3000,1
mdl177_earningsqualityfactor_opincltd_alt,matrix,79,Change in trailing twelve months operating income versus long-term debt,Matrix,100,38,USA,TOP3000,1
mdl177_earningsqualityfactor_saleeps,matrix,76,Absolute difference between yearly percent change in sales per share and yearly percent change in diluted EPS,Matrix,100,68,USA,TOP3000,1
mdl177_earningsqualityfactor_saleeps_alt,matrix,81,Change in trailing twelve months sales versus earnings per share,Matrix,100,16,USA,TOP3000,1
mdl177_earningsqualityfactor_salegpm,matrix,87,Difference between yearly change in quarterly sales and yearly change in gross profit margin,Matrix,100,83,USA,TOP3000,1
mdl177_earningsqualityfactor_salegpm_alt,matrix,88,Change in quarterly sales versus gross margin,Matrix,100,112,USA,TOP3000,1
mdl177_earningsqualityfactor_salerec,matrix,87,Difference between yearly percent change in trailing 12-month sales and percent change in accounts receivable,Matrix,100,140,USA,TOP3000,1
mdl177_earningsqualityfactor_salerec_alt,matrix,88,Change in trailing twelve months sales versus accounts receivable,Matrix,100,184,USA,TOP3000,1
mdl177_earningsqualityfactor_ttmaccu,matrix,100,"Accounting accruals; trailing 12-month net income minus trailing 12-month operating cash flow, scaled by beginning total assets",Matrix,100,220,USA,TOP3000,1
mdl177_earningsqualityfactor_ttmaccu_alt,matrix,100,Trailing twelve months accruals (earnings quality measure based on accruals),Matrix,100,375,USA,TOP3000,1
mdl177_earningsqualityfactor_uaccl,matrix,62,"Unexpected change in accrued liabilities, difference between current and expected accrued liabilities scaled by total assets",Matrix,100,30,USA,TOP3000,1
mdl177_earningsqualityfactor_uaccl_alt,matrix,63,"Unexpected change in accrued liabilities, difference scaled by total assets",Matrix,100,27,USA,TOP3000,1
mdl177_earningsqualityfactor_uap,matrix,75,"Unexpected change in accounts payable, difference between current and expected accounts payable scaled by total assets",Matrix,100,948,USA,TOP3000,1
mdl177_earningsqualityfactor_uap_alt,matrix,76,Unexpected change in accounts payable,Matrix,100,249,USA,TOP3000,1
mdl177_earningsqualityfactor_uar,matrix,89,"Unexpected change in accounts receivable, the difference between current and expected accounts receivable scaled by total assets",Matrix,100,83,USA,TOP3000,1
mdl177_earningsqualityfactor_uar_alt,matrix,89,"Unexpected change in accounts receivable, difference from expected level scaled by total assets",Matrix,100,133,USA,TOP3000,1
mdl177_earningsqualityfactor_udep,matrix,97,"Unexpected change in depreciation expense, difference between actual and expected depreciation scaled by total assets",Matrix,100,51,USA,TOP3000,1
mdl177_earningsqualityfactor_udep_alt,matrix,98,Unexpected change in depreciation,Matrix,100,41,USA,TOP3000,1
mdl177_earningsqualityfactor_uinv,matrix,79,"Unexpected change in inventory, difference between actual and expected inventory level",Matrix,100,39,USA,TOP3000,1
mdl177_earningsqualityfactor_uinv_alt,matrix,79,Unexpected change in inventory level,Matrix,100,120,USA,TOP3000,1
mdl177_earningsqualityfactor_wcacc,matrix,93,"Working capital accruals; sum of changes in receivables, inventory, payables, taxes, assets/liabilities",Matrix,100,76,USA,TOP3000,1
mdl177_earningsqualityfactor_wcacc_alt,matrix,93,"Working capital accruals, sum of changes in receivables, inventory, payables, taxes, and other current assets/liabilities",Matrix,100,65,USA,TOP3000,1
mdl177_earningsqualityfactor_yoychgaa,matrix,100,Year-over-year change in accruals to assets; difference in scaled accruals this year vs. one year ago,Matrix,100,98,USA,TOP3000,1
mdl177_earningsqualityfactor_yoychgaa_alt,matrix,100,Year-over-year change in accruals-adjusted assets,Matrix,100,63,USA,TOP3000,1
mdl177_emmcomposite_emm_composite,matrix,100,"Composite score measuring the earnings momentum of a US-listed stock, summarizing factors such as recent earnings growth, analyst revisions, and acceleration",Matrix,100,57,USA,TOP3000,1
mdl177_fa_acqmul,matrix,83,Acquisition Multiple: recent quarterly invested capital divided by trailing 12-month EBITDA,Matrix,100,59,USA,TOP3000,1
mdl177_fa_actrtn1m,matrix,100,1-Month Active Return,Matrix,100,132,USA,TOP3000,1
mdl177_fa_altmanz,matrix,82,Altman Z Score: score indicating likelihood of bankruptcy,Matrix,100,104,USA,TOP3000,1
mdl177_fa_app,matrix,76,"Average Payable Period: Average time (in days) taken to pay suppliers, calculated as trailing 12-month accounts payable times 365 divided by the trailing 12-month cost of goods sold",Matrix,100,531,USA,TOP3000,1
mdl177_fa_aspanratio,matrix,94,Attention Span Ratio,Matrix,100,367,USA,TOP3000,1
mdl177_fa_astcomp,matrix,85,Total current assets divided by total assets from the most recent quarter,Matrix,100,117,USA,TOP3000,1
mdl177_fa_astto,matrix,100,Assets turnover ratio: trailing twelve month sales divided by average assets,Matrix,100,126,USA,TOP3000,1
mdl177_fa_atmcallvol,matrix,96,Implied volatility of at-the-money call options,Matrix,100,44,USA,TOP3000,1
mdl177_fa_bp,matrix,100,Book-to-Market: Most recent book value per share divided by month-end trading price,Matrix,100,102,USA,TOP3000,1
mdl177_fa_capacq,matrix,99,"Capital Acquisition Ratio: Trailing 12-month operating cash flow minus trailing 12-month cash dividends, divided by total expenditures in the same period; measures ability to finance capital outlays",Matrix,100,83,USA,TOP3000,1
mdl177_fa_cashsev,matrix,93,Total cash & equivalents divided by enterprise value,Matrix,100,73,USA,TOP3000,1
mdl177_fa_chg3yfcfp,matrix,96,"Change in trailing twelve month free cash flow per share over three years, divided by price",Matrix,100,53,USA,TOP3000,1
mdl177_fa_chgis,matrix,89,One-year change in quarterly inventory as a percentage of sales,Matrix,100,178,USA,TOP3000,1
mdl177_fa_chgnoa,matrix,93,Change in Net Operating Assets,Matrix,100,153,USA,TOP3000,1
mdl177_fa_chgnpm,matrix,98,One-year change in net profit margin (most recent quarterly NPM minus four quarters ago),Matrix,100,201,USA,TOP3000,1
mdl177_fa_chgocfp,matrix,100,One-year change in price-adjusted trailing twelve month operating cash flow per share,Matrix,100,124,USA,TOP3000,1
mdl177_fa_chgollev,matrix,100,Change in Operating Liability Leverage: Absolute change in the OLLEV metric over the specified period,Matrix,100,57,USA,TOP3000,1
mdl177_fa_chgsgasale,matrix,89,Change in SG&A Expenses versus Sales: difference between annualized quarterly SG&A change and sales change,Matrix,100,67,USA,TOP3000,1
mdl177_fa_curratio,matrix,85,Ratio of current assets to current liabilities from most recent quarter,Matrix,100,147,USA,TOP3000,1
mdl177_fa_cv4qcf3y,matrix,87,Coefficient of Variation over 3 Years for Cash Flow: Stability of TTM cash flow over three years,Matrix,100,23,USA,TOP3000,1
mdl177_fa_divcov,matrix,53,Dividend coverage ratio (earnings or cash flow available to cover dividend payments),Matrix,100,72,USA,TOP3000,1
mdl177_fa_ebitdaev,matrix,100,TTM EBITDA-to-Enterprise Value: Trailing twelve-month EBITDA divided by enterprise value,Matrix,100,150,USA,TOP3000,1
mdl177_fa_equityto,matrix,100,Equity Turnover Ratio,Matrix,100,229,USA,TOP3000,1
mdl177_fa_fc_egp,matrix,74,"Inverse PEG ratio, calculated using next 4 quarters' earnings estimate times long-term growth rate, divided by price",Matrix,100,49,USA,TOP3000,1
mdl177_fa_fc_f12mepssev,matrix,99,Forward 12-Month EPS-to-Enterprise Value: Consensus forward 12-month EPS forecast divided by market value of equity plus long-term debt per share,Matrix,100,225,USA,TOP3000,1
mdl177_fa_fc_fcfp,matrix,98,"Forward Free Cash Flow-to-Price: Next 4-quarter mean consensus earnings estimate plus trailing 12-month depreciation expense per share minus capital expenditures, divided by trading price",Matrix,100,416,USA,TOP3000,1
mdl177_fa_fc_fwdep,matrix,100,Leading 12-Month Mean Earnings Yield: Next 4-quarter mean consensus earnings estimate divided by trading price,Matrix,100,485,USA,TOP3000,1
mdl177_fa_fc_pdy,matrix,71,"Predicted Dividend Yield: Assumed payout ratio (function of last year's payout and long-term growth rate) multiplied by next 4-quarter earnings estimate, divided by trading price",Matrix,100,240,USA,TOP3000,1
mdl177_fa_fc_y2aepsg,matrix,100,"Two-Year Ahead EPS Growth: Current year 2 earnings forecast minus year 1 forecast, divided by trading price",Matrix,100,99,USA,TOP3000,1
mdl177_fa_fc_y2repsg,matrix,98,"Two-Year Projected EPS Growth: Year 2 forecast minus recent actual EPS, scaled by trading price",Matrix,100,93,USA,TOP3000,1
mdl177_fa_fcfroi,matrix,100,"Free Cash Flow Return on Invested Capital: Trailing 12-month free cash flow divided by average invested capital over the same period (where invested capital includes equity, debt, minority interest, preferred stock)",Matrix,100,82,USA,TOP3000,1
mdl177_fa_fixastto,matrix,99,Fixed Assets Turnover Ratio,Matrix,100,58,USA,TOP3000,1
mdl177_fa_flowratio,matrix,84,(Current assets minus cash and equivalents) divided by (current liabilities minus short-term debt),Matrix,100,71,USA,TOP3000,1
mdl177_fa_monchgsip,matrix,100,Monthly change in the ratio of shares sold short over shares outstanding,Matrix,100,82,USA,TOP3000,1
mdl177_fa_netcashp,matrix,93,"Net Cash to Equity: Recent cash and equivalents minus long-term and short-term debt, divided by market value",Matrix,100,130,USA,TOP3000,1
mdl177_fa_nlvolcap,matrix,100,Average Monthly Trading Volume-to-Market Cap: Log of trailing 12-month average monthly volume divided by trailing 12-month average market cap,Matrix,100,117,USA,TOP3000,1
mdl177_fa_nnastp,matrix,84,Ratio of net current assets per share (current assets minus total liabilities) to stock price,Matrix,100,90,USA,TOP3000,1
mdl177_fa_ocfast,matrix,100,Operating Cash Flow to Assets: Ratio of operating cash flow over the period to total assets; measures how effectively assets generate cash flow,Matrix,100,197,USA,TOP3000,1
mdl177_fa_ocfratio,matrix,84,Operating Cash Flow Ratio: cash flow from operations divided by current liabilities,Matrix,100,150,USA,TOP3000,1
mdl177_fa_ollev,matrix,100,Operating Liability Leverage: 1 minus the ratio of (short-term debt + long-term debt + common equity + preferred equity − cash) to (total assets − cash) in the current quarter; indicates operational leverage from liabilities,Matrix,100,198,USA,TOP3000,1
mdl177_fa_past,matrix,100,Price-to-Total Assets: Month-end trading price divided by most recent total assets per share,Matrix,100,219,USA,TOP3000,1
mdl177_fa_qr,matrix,85,"Quick ratio (recent current assets minus inventories, divided by current liabilities)",Matrix,100,60,USA,TOP3000,1
mdl177_fa_ratrev6m,matrix,98,Six-month average change in analyst recommendation (Street Rating Revision),Matrix,100,67,USA,TOP3000,1
mdl177_fa_rel5ycfp,matrix,83,5-year Relative Trailing Twelve Month Cash Flow-to-Price: TTM cash flow to price ratio versus industry or market over 5 years,Matrix,100,20,USA,TOP3000,1
mdl177_fa_rel5ycoreepsp,matrix,81,"Five-year average relative trailing twelve month core earnings per share to price, compared to industry or benchmark",Matrix,100,26,USA,TOP3000,1
mdl177_fa_rel5yebitdap,matrix,77,"Five-year average relative ratio of trailing twelve month EBITDA to price, compared to industry or benchmark",Matrix,100,43,USA,TOP3000,1
mdl177_fa_rel5yfcfp,matrix,81,"Five-year average relative trailing twelve month free cash flow to price, compared to industry or benchmark",Matrix,100,27,USA,TOP3000,1
mdl177_fa_rel5yocfp,matrix,81,5-year Relative Trailing Twelve Month Operating Cash Flow-to-Price: TTM operating cash flow to price comparison versus market/industry over 5 years,Matrix,100,34,USA,TOP3000,1
mdl177_fa_rerror60m,matrix,80,Standard error of regression for past 60 monthly returns against the S&P 500 (CAPM); measures model fit error,Matrix,100,35,USA,TOP3000,1
mdl177_fa_rsqr4qsales3y,matrix,90,R-squared measure of three-year trailing twelve month sales per share trend line (goodness of fit to linear sales trend),Matrix,100,27,USA,TOP3000,1
mdl177_fa_saleicap,matrix,100,Trailing 12-Month Sales to Invested Capital: Sales over the past 12 months divided by invested capital,Matrix,100,279,USA,TOP3000,1
mdl177_fa_totalcov,matrix,91,"Total Coverage: Ratio that measures how well a company’s cash flows, interest paid, and taxes can cover its interest and principal payments",Matrix,100,298,USA,TOP3000,1
mdl177_fa_ttmfcfev,matrix,100,TTM Free Cash Flow-to-Enterprise Value: Trailing twelve-month free cash flow divided by enterprise value,Matrix,100,199,USA,TOP3000,1
mdl177_fa_ttmfcfp,matrix,100,Trailing Twelve-Month Free Cash Flow-to-Price: TTM free cash flow per share divided by month-end trading price,Matrix,100,89,USA,TOP3000,1
mdl177_fa_voldiff_pc,matrix,95,Difference between implied volatility of ATM put options and ATM call options,Matrix,100,105,USA,TOP3000,1
mdl177_fa_wcacc,matrix,93,Working capital accruals: increases in receivables/inventories minus increases in payables/taxes,Matrix,100,60,USA,TOP3000,1
mdl177_fa_yoychggpm,matrix,86,Yearly Change in Gross Profit Margin: Change in the company's gross profit margin relative to the prior year,Matrix,100,204,USA,TOP3000,1
mdl177_fangma_dvf_usa_fangma_dvf22,matrix,100,"Deep value factors 22 for FANGMA (Facebook, Apple, Netflix, Google, Mircosoft, Amazon)",Matrix,100,104,USA,TOP3000,1
mdl177_fangma_dvm_usa_fangma_dvm1,matrix,100,"Deep value model 1 for FANGMA (Facebook, Apple, Netflix, Google, Mircosoft, Amazon)",Matrix,100,74,USA,TOP3000,1
mdl177_fangma_dvm_usa_fangma_dvm2,matrix,100,"Deep value model 2 for FANGMA (Facebook, Apple, Netflix, Google, Mircosoft, Amazon)",Matrix,100,42,USA,TOP3000,1
mdl177_fangma_dvm_usa_fangma_dvm3,matrix,100,"Deep value model 3 for FANGMA (Facebook, Apple, Netflix, Google, Mircosoft, Amazon)",Matrix,100,40,USA,TOP3000,1
mdl177_fangma_dvm_usa_fangma_dvm4,matrix,100,"Deep value model 4 for FANGMA (Facebook, Apple, Netflix, Google, Mircosoft, Amazon)",Matrix,100,76,USA,TOP3000,1
mdl177_fangma_dvm_usa_fangma_dvm5,matrix,100,"Deep value model 5 for FANGMA (Facebook, Apple, Netflix, Google, Mircosoft, Amazon)",Matrix,100,259,USA,TOP3000,1
mdl177_fangma_emf_usa_fangma_emf15,matrix,100,"Earnings momentum factors 15 for FANGMA (Facebook, Apple, Netflix, Google, Mircosoft, Amazon)",Matrix,100,68,USA,TOP3000,1
mdl177_fangma_emf_usa_fangma_emf20,matrix,100,"Earnings momentum factors 20 for FANGMA (Facebook, Apple, Netflix, Google, Mircosoft, Amazon)",Matrix,100,163,USA,TOP3000,1
mdl177_fangma_emf_usa_fangma_emf25,matrix,100,"Earnings momentum factors 25 for FANGMA (Facebook, Apple, Netflix, Google, Mircosoft, Amazon)",Matrix,100,344,USA,TOP3000,1
mdl177_fangma_emf_usa_fangma_emf28,matrix,100,"Earnings momentum factors 28 for FANGMA (Facebook, Apple, Netflix, Google, Mircosoft, Amazon)",Matrix,100,89,USA,TOP3000,1
mdl177_fangma_emf_usa_fangma_emf3,matrix,100,"Earnings momentum factors 3 for FANGMA (Facebook, Apple, Netflix, Google, Mircosoft, Amazon)",Matrix,100,49,USA,TOP3000,1
mdl177_fangma_emf_usa_fangma_emf30,matrix,100,"Earnings momentum factors 30 for FANGMA (Facebook, Apple, Netflix, Google, Mircosoft, Amazon)",Matrix,100,213,USA,TOP3000,1
mdl177_fangma_emf_usa_fangma_emf4,matrix,100,"Earnings momentum factors 4 for FANGMA (Facebook, Apple, Netflix, Google, Mircosoft, Amazon)",Matrix,100,80,USA,TOP3000,1
mdl177_fangma_emf_usa_fangma_emf6,matrix,100,Core factors of big IT companies.,Matrix,100,98,USA,TOP3000,1
mdl177_fangma_gpam_usa_fangma_gpam1,matrix,100,A metric evaluating short-term growth or profitability performance for a selected group of large technology companies.,Matrix,100,117,USA,TOP3000,1
mdl177_fangma_gpam_usa_fangma_gpam10,matrix,100,A metric measuring long-term growth or profitability performance for a set of leading technology companies.,Matrix,100,153,USA,TOP3000,1
mdl177_fangma_gpam_usa_fangma_gpam11,matrix,100,A composite or specialized metric summarizing growth or profitability characteristics for a group of prominent technology firms.,Matrix,100,1573,USA,TOP3000,1
mdl177_fangma_gpam_usa_fangma_gpam5,matrix,100,A metric assessing medium-term growth or profitability trends for a group of major technology firms.,Matrix,100,46,USA,TOP3000,1
mdl177_fangma_mam_usa_fangma_mam11,matrix,100,"Momentum analyst model 11 for FANGMA (Facebook, Apple, Netflix, Google, Mircosoft, Amazon)",Matrix,100,75,USA,TOP3000,1
mdl177_fangma_mam_usa_fangma_mam16,matrix,100,"Momentum analyst model 16 for FANGMA (Facebook, Apple, Netflix, Google, Mircosoft, Amazon)",Matrix,100,136,USA,TOP3000,1
mdl177_fangma_mam_usa_fangma_mam2,matrix,100,"Momentum analyst model 2 for FANGMA (Facebook, Apple, Netflix, Google, Mircosoft, Amazon)",Matrix,100,92,USA,TOP3000,1
mdl177_fangma_mam_usa_fangma_mam3,matrix,100,"Momentum analyst model 3 for FANGMA (Facebook, Apple, Netflix, Google, Mircosoft, Amazon)",Matrix,100,35,USA,TOP3000,1
mdl177_fangma_mam_usa_fangma_mam4,matrix,100,"Momentum analyst model 5 for FANGMA (Facebook, Apple, Netflix, Google, Mircosoft, Amazon)",Matrix,100,249,USA,TOP3000,1
mdl177_fangma_mam_usa_fangma_mam5,matrix,100,"Momentum analyst model 5 for FANGMA (Facebook, Apple, Netflix, Google, Mircosoft, Amazon)",Matrix,100,69,USA,TOP3000,1
mdl177_fangma_mam_usa_fangma_mam6,matrix,100,"Momentum analyst model 6 for FANGMA (Facebook, Apple, Netflix, Google, Mircosoft, Amazon)",Matrix,100,69,USA,TOP3000,1
mdl177_fangma_mam_usa_fangma_mam7,matrix,100,"Momentum analyst model 7 for FANGMA (Facebook, Apple, Netflix, Google, Mircosoft, Amazon)",Matrix,100,115,USA,TOP3000,1
mdl177_fangma_rvm_usa_fangma_rvm1,matrix,100,"Relative value model 1 for FANGMA (Facebook, Apple, Netflix, Google, Mircosoft, Amazon)",Matrix,100,78,USA,TOP3000,1
mdl177_fangma_rvm_usa_fangma_rvm4,matrix,100,"Relative value model 4 for FANGMA (Facebook, Apple, Netflix, Google, Mircosoft, Amazon)",Matrix,100,57,USA,TOP3000,1
mdl177_fangma_rvm_usa_fangma_rvm6,matrix,100,"Relative value model 6 for FANGMA (Facebook, Apple, Netflix, Google, Mircosoft, Amazon)",Matrix,100,1133,USA,TOP3000,1
mdl177_fangma_vmm_usa_fangma_vmm11,matrix,100,"Value momentum 11 for FANGMA (Facebook, Apple, Netflix, Google, Mircosoft, Amazon)",Matrix,100,76,USA,TOP3000,1
mdl177_garpanalystmodel_qgp_alert,matrix,100,Alert Rank,Matrix,100,123,USA,TOP3000,1
mdl177_garpanalystmodel_qgp_avgrating,matrix,100,"Average of analyst ratings for the stock, reflecting overall analyst sentiment or recommendation",Matrix,100,173,USA,TOP3000,1
mdl177_garpanalystmodel_qgp_capeff,matrix,100,"Measurement of capital utilization efficiency, showing how effectively the company uses its capital for growth/profit",Matrix,100,689,USA,TOP3000,1
mdl177_garpanalystmodel_qgp_chgvaluation,matrix,100,"Change in valuation metrics over the last 3 months, reflecting how market valuation of the stock has evolved recently",Matrix,100,44,USA,TOP3000,1
mdl177_garpanalystmodel_qgp_composite,matrix,100,"Combined score based on GARP-specific metrics, summarizing the overall attractiveness of a stock according to Growth at a Reasonable Price factors",Matrix,100,134,USA,TOP3000,1
mdl177_garpanalystmodel_qgp_growthval,matrix,100,"Valuation adjusted for growth metrics, assessing valuation in the context of company growth prospects",Matrix,100,83,USA,TOP3000,1
mdl177_garpanalystmodel_qgp_relgrowth,matrix,100,"Rank comparing company's growth metrics against its industry peers, showing relative growth strength",Matrix,100,605,USA,TOP3000,1
mdl177_garpanalystmodel_qgp_relpegy,matrix,100,"Rolling rank of PEGY ratios over a period, highlighting attractiveness based on earnings growth, price, and yield",Matrix,100,275,USA,TOP3000,1
mdl177_garpanalystmodel_qgp_roefcf,matrix,100,"Combined measure of profitability (ROE) and cash flow (FCF), ranking stocks by both financial quality factors",Matrix,100,412,USA,TOP3000,1
mdl177_garpanalystmodel_qgp_valuation,matrix,100,"Rank showing the stock's valuation compared to peers, based on key valuation metrics",Matrix,100,151,USA,TOP3000,1
mdl177_garpanalystmodel_qgp_vfpriceratio,matrix,100,Value to Price Rank,Matrix,100,1807,USA,TOP3000,1
mdl177_garpanalystmodel_qgp_wratingchg,matrix,100,"Weighted change in analyst ratings over past 6 months, reflecting recent evolution in analyst sentiment",Matrix,100,94,USA,TOP3000,1
mdl177_growthanalystmodel_qga_composite_alt,matrix,99,A combined or aggregated signal summarizing multiple growth-related measurements from the Growth Analyst Model,Matrix,100,33,USA,TOP3000,1
mdl177_growthanalystmodel_qga_epscapex_alt,matrix,97,"The relationship between EPS growth and capital expenditures, assessing how effectively capital investments drive earnings per share growth",Matrix,100,37,USA,TOP3000,1
mdl177_growthanalystmodel_qga_epstrend_alt,matrix,88,A measure indicating the directional trend and consistency of earnings per share over time,Matrix,100,23,USA,TOP3000,1
mdl177_growthanalystmodel_qga_fcfroe_alt,matrix,100,"Return on equity calculated using free cash flow instead of net income, measuring efficiency of generating free cash flow relative to shareholder equity",Matrix,100,91,USA,TOP3000,1
mdl177_growthanalystmodel_qga_iarsales_alt,matrix,99,Inv Acc Rec to Sales Link,Matrix,100,71,USA,TOP3000,1
mdl177_growthanalystmodel_qga_ltepssurprise_alt,matrix,89,Long Term EPS Surprise,Matrix,100,29,USA,TOP3000,1
mdl177_growthanalystmodel_qga_niroe_alt,matrix,100,"Return on equity calculated using net income, measuring profitability relative to shareholder equity",Matrix,100,58,USA,TOP3000,1
mdl177_growthanalystmodel_qga_opmarginsales_alt,matrix,100,"The relationship between operating margin and sales, indicating operational profitability as a proportion of sales",Matrix,100,303,USA,TOP3000,1
mdl177_historicalgrowthfactor_cg3ysales,matrix,93,Geometric compound annual growth rate of trailing twelve-month sales per share over last 12 quarters,Matrix,100,92,USA,TOP3000,1
mdl177_historicalgrowthfactor_cg3ysales_alt,matrix,93,Geometric growth rate of trailing 12-month sales per share over the past 12 quarters,Matrix,100,58,USA,TOP3000,1
mdl177_historicalgrowthfactor_chg3ycfast,matrix,94,"Three-year change in assets-adjusted trailing twelve-month operating cash flow (recent minus 12 quarters ago, scaled by average assets)",Matrix,100,44,USA,TOP3000,1
mdl177_historicalgrowthfactor_chg3ycfast_alt,matrix,94,"Three-year change in operating cash flow adjusted by average total assets (most recent trailing 12-month minus trailing 12-month 12 quarters ago, divided by average assets)",Matrix,100,70,USA,TOP3000,1
mdl177_historicalgrowthfactor_chg3ycfp,matrix,93,"Difference between trailing 12-month cash flow per share and the same metric 12 quarters ago, divided by trading price",Matrix,100,55,USA,TOP3000,1
mdl177_historicalgrowthfactor_chg3ycfp_alt,matrix,94,"Difference between trailing 12-month cash flow per share now and 12 quarters ago, divided by trading price",Matrix,100,91,USA,TOP3000,1
mdl177_historicalgrowthfactor_chg3yepsast,matrix,97,"Difference between trailing 12-month EPS (before extra items) and that 12 quarters ago, scaled by average total assets per share",Matrix,100,33,USA,TOP3000,1
mdl177_historicalgrowthfactor_chg3yepsast_alt,matrix,97,"Difference in trailing 12-month earnings per share before extra items versus 12 quarters ago, adjusted by average total assets per share",Matrix,100,161,USA,TOP3000,1
mdl177_historicalgrowthfactor_chg3yepsp,matrix,98,"Difference between trailing 12-month EPS and that 12 quarters ago, divided by month-end trading price",Matrix,100,94,USA,TOP3000,1
mdl177_historicalgrowthfactor_chg3yepsp_alt,matrix,98,"Difference between trailing 12-month earnings per share now and 12 quarters ago, divided by month-end trading price",Matrix,100,170,USA,TOP3000,1
mdl177_historicalgrowthfactor_chg3yfcfast,matrix,97,"Three-year change in assets-adjusted trailing twelve-month free cash flow (recent minus 12 quarters ago, divided by average assets)",Matrix,100,21,USA,TOP3000,1
mdl177_historicalgrowthfactor_chg3yfcfast_alt,matrix,97,"Three-year change in free cash flow adjusted by average total assets (most recent trailing 12-month FCF minus trailing 12-month FCF 12 quarters ago, divided by average assets)",Matrix,100,27,USA,TOP3000,1
mdl177_historicalgrowthfactor_chg3yfcfp,matrix,96,"Difference in trailing twelve-month free cash flow per share over 3 years, divided by month-end share price",Matrix,100,9,USA,TOP3000,1
mdl177_historicalgrowthfactor_chg3yfcfp_alt,matrix,96,"Difference between trailing 12-month free cash flow per share now and 12 quarters ago, divided by month-end trading price",Matrix,100,19,USA,TOP3000,1
mdl177_historicalgrowthfactor_chg3yocfast,matrix,96,"Three-year change in assets-adjusted trailing twelve-month operating cash flow (OCF minus value 12 quarters ago, scaled by avg assets)",Matrix,100,69,USA,TOP3000,1
mdl177_historicalgrowthfactor_chg3yocfast_alt,matrix,96,"Difference in trailing 12-month operating cash flow per share versus 12 quarters ago, adjusted by average total assets",Matrix,100,100,USA,TOP3000,1
mdl177_historicalgrowthfactor_chg3yocfp,matrix,94,"Difference in trailing twelve-month operating cash flow per share over last 3 years, divided by share price",Matrix,100,14,USA,TOP3000,1
mdl177_historicalgrowthfactor_chg3yocfp_alt,matrix,94,"Difference between trailing 12-month operating cash flow per share now and 12 quarters ago, divided by trading price",Matrix,100,37,USA,TOP3000,1
mdl177_historicalgrowthfactor_chgars,matrix,88,Change in accounts receivable to sales ratio over 1 year (latest vs. 4 quarters ago),Matrix,100,84,USA,TOP3000,1
mdl177_historicalgrowthfactor_chgars_alt,matrix,89,Change in accounts receivable as a percentage of trailing 12-month sales compared to 4 quarters ago,Matrix,100,88,USA,TOP3000,1
mdl177_historicalgrowthfactor_chgcf,matrix,99,"Difference between trailing 12-month cash flow and comparable figure from 4 quarters ago, scaled by average total assets",Matrix,100,61,USA,TOP3000,1
mdl177_historicalgrowthfactor_chgcf_alt,matrix,99,"Change in trailing 12-month cash flow over last year, scaled by average total assets",Matrix,100,72,USA,TOP3000,1
mdl177_historicalgrowthfactor_chgcfp,matrix,99,"Difference between trailing 12-month cash flow per share and that 4 quarters ago, divided by trading price",Matrix,100,119,USA,TOP3000,1
mdl177_historicalgrowthfactor_chgcfp_alt,matrix,100,"Difference between trailing 12-month cash flow per share and 12 quarters ago, divided by trading price",Matrix,100,189,USA,TOP3000,1
mdl177_historicalgrowthfactor_chgeps,matrix,100,"1-year change in assets-adjusted trailing twelve-month earnings per share before extra items (recent minus 4 quarters ago, divided by avg assets per share)",Matrix,100,156,USA,TOP3000,1
mdl177_historicalgrowthfactor_chgeps_alt,matrix,100,"Difference in trailing 12-month earnings per share before extra items versus 4 quarters ago, adjusted by average total assets per share",Matrix,100,198,USA,TOP3000,1
mdl177_historicalgrowthfactor_chgepsp,matrix,100,"Difference between most recent trailing 12-month EPS and that 4 quarters ago, divided by month-end trading price",Matrix,100,255,USA,TOP3000,1
mdl177_historicalgrowthfactor_chgepsp_alt,matrix,100,"Difference between most recent trailing 12-month earnings per share and 4 quarters ago, divided by month-end trading price",Matrix,100,341,USA,TOP3000,1
mdl177_historicalgrowthfactor_chgfcf,matrix,100,"1-year change in assets-adjusted trailing twelve-month free cash flow (recent minus 4 quarters ago, scaled by average assets)",Matrix,100,60,USA,TOP3000,1
mdl177_historicalgrowthfactor_chgfcf_alt,matrix,100,"Change in trailing 12-month free cash flow over last year, divided by average total assets",Matrix,100,100,USA,TOP3000,1
mdl177_historicalgrowthfactor_chgfcfp,matrix,100,"Difference in trailing twelve-month free cash flow per share over last year, divided by share price",Matrix,100,58,USA,TOP3000,1
mdl177_historicalgrowthfactor_chgfcfp_alt,matrix,100,"Difference between trailing 12-month free cash flow per share and 4 quarters ago, divided by trading price",Matrix,100,109,USA,TOP3000,1
mdl177_historicalgrowthfactor_chgis,matrix,88,Difference between most recent inventory as a percentage of trailing 12-month sales and the same ratio 4 quarters ago,Matrix,100,154,USA,TOP3000,1
mdl177_historicalgrowthfactor_chgis_alt,matrix,89,Change in inventory as a percentage of trailing 12-month sales compared to 4 quarters ago,Matrix,100,80,USA,TOP3000,1
mdl177_historicalgrowthfactor_chgnpm,matrix,98,Difference between most recent quarterly net profit margin and that 4 quarters ago (1-year change in net profit margin),Matrix,100,251,USA,TOP3000,1
mdl177_historicalgrowthfactor_chgnpm_alt,matrix,99,Most recent quarterly net profit margin minus net profit margin from four quarters ago,Matrix,100,399,USA,TOP3000,1
mdl177_historicalgrowthfactor_chgocf,matrix,100,"1-year change in assets-adjusted trailing twelve-month operating cash flow (recent minus value 4 quarters ago, divided by average assets)",Matrix,100,116,USA,TOP3000,1
mdl177_historicalgrowthfactor_chgocf_alt,matrix,100,"Change in trailing 12-month operating cash flow over last year, divided by average total assets",Matrix,100,87,USA,TOP3000,1
mdl177_historicalgrowthfactor_chgocfp,matrix,100,"Difference between most recent trailing 12-month operating cash flow per share and that 4 quarters ago, divided by trading price",Matrix,100,73,USA,TOP3000,1
mdl177_historicalgrowthfactor_chgocfp_alt,matrix,100,"Difference between most recent trailing 12-month operating cash flow per share and 4 quarters ago, divided by trading price",Matrix,100,187,USA,TOP3000,1
mdl177_historicalgrowthfactor_chgopm,matrix,96,Difference between most recent quarterly operating profit margin and that 4 quarters ago (1-year change in operating profit margin),Matrix,100,68,USA,TOP3000,1
mdl177_historicalgrowthfactor_chgopm_alt,matrix,97,Change in quarterly operating profit margin (income from operations divided by total sales) compared to 4 quarters ago,Matrix,100,70,USA,TOP3000,1
mdl177_historicalgrowthfactor_cv4qcf3y,matrix,87,Coefficient of variation (stability) of trailing 12-month cash flow per share over the past 3 years,Matrix,100,18,USA,TOP3000,1
mdl177_historicalgrowthfactor_cv4qcf3y_alt,matrix,88,Coefficient of variation over 3 years for trailing 12-month cash flow,Matrix,100,21,USA,TOP3000,1
mdl177_historicalgrowthfactor_cv4qeps3y,matrix,94,Coefficient of variation (stability) of trailing 12-month earnings per share over the past 3 years,Matrix,100,24,USA,TOP3000,1
mdl177_historicalgrowthfactor_cv4qeps3y_alt,matrix,95,Coefficient of variation over 3 years for trailing 12-month earnings per share,Matrix,100,37,USA,TOP3000,1
mdl177_historicalgrowthfactor_cv4qfcf3y,matrix,92,Coefficient of variation (stability) of trailing 12-month free cash flow per share over the past 3 years,Matrix,100,59,USA,TOP3000,1
mdl177_historicalgrowthfactor_cv4qfcf3y_alt,matrix,92,Coefficient of variation over 3 years for trailing 12-month free cash flow,Matrix,100,33,USA,TOP3000,1
mdl177_historicalgrowthfactor_cv4qocf3y,matrix,90,Coefficient of variation (stability) of trailing 12-month operating cash flow per share over the past 3 years,Matrix,100,76,USA,TOP3000,1
mdl177_historicalgrowthfactor_cv4qocf3y_alt,matrix,90,Coefficient of variation over 3 years for trailing 12-month operating cash flow,Matrix,100,93,USA,TOP3000,1
mdl177_historicalgrowthfactor_cv4qsales3y,matrix,90,Coefficient of variation (stability) of trailing 12-month sales per share over the past 3 years,Matrix,100,32,USA,TOP3000,1
mdl177_historicalgrowthfactor_cv4qsales3y_alt,matrix,91,Coefficient of variation of sales over past 4 quarters in the last 3 years,Matrix,100,23,USA,TOP3000,1
mdl177_historicalgrowthfactor_cvopinc,matrix,87,Coefficient of variation of operating income per share in the last 12 quarters,Matrix,100,9,USA,TOP3000,1
mdl177_historicalgrowthfactor_cvopinc_alt,matrix,87,Coefficient of variation of operating income per share over the last 12 quarters,Matrix,100,15,USA,TOP3000,1
mdl177_historicalgrowthfactor_div5yg,matrix,49,Five-year dividend growth rate,Matrix,100,101,USA,TOP3000,1
mdl177_historicalgrowthfactor_div5yg_alt,matrix,49,Five-year growth rate in dividends per share,Matrix,100,187,USA,TOP3000,1
mdl177_historicalgrowthfactor_fcfequity,matrix,100,Trailing 12-month free cash flow divided by average book equity value (free cash flow to equity measure),Matrix,100,56,USA,TOP3000,1
mdl177_historicalgrowthfactor_fcfequity_alt,matrix,100,Trailing 12-month free cash flow divided by average book equity value for the same period,Matrix,100,63,USA,TOP3000,1
mdl177_historicalgrowthfactor_pctchg3ycf,matrix,90,Percent change in trailing 12-month cash flow per share compared to 12 quarters ago (3-year growth),Matrix,100,53,USA,TOP3000,1
mdl177_historicalgrowthfactor_pctchg3ycf_alt,matrix,92,Percent change in trailing 12-month cash flow per share now compared to 12 quarters ago,Matrix,100,88,USA,TOP3000,1
mdl177_historicalgrowthfactor_pctchg3yeps,matrix,90,Percent change in trailing twelve-month earnings per share over last three years (comparing recent vs. 12 quarters ago),Matrix,100,21,USA,TOP3000,1
mdl177_historicalgrowthfactor_pctchg3yeps_alt,matrix,94,Percent change in trailing 12-month earnings per share now compared to 12 quarters ago,Matrix,100,136,USA,TOP3000,1
mdl177_historicalgrowthfactor_pctchg3yfcf,matrix,91,Percent change in trailing 12-month free cash flow per share compared to 12 quarters ago (3-year growth),Matrix,100,15,USA,TOP3000,1
mdl177_historicalgrowthfactor_pctchg3yfcf_alt,matrix,95,Percent change in trailing 12-month free cash flow per share now compared to 12 quarters ago,Matrix,100,23,USA,TOP3000,1
mdl177_historicalgrowthfactor_pctchg3yocf,matrix,93,Three-year percent growth in trailing twelve-month operating cash flow per share (recent vs. 12 quarters ago),Matrix,100,42,USA,TOP3000,1
mdl177_historicalgrowthfactor_pctchg3yocf_alt,matrix,94,Percent change in trailing 12-month operating cash flow per share now compared to 12 quarters ago,Matrix,100,34,USA,TOP3000,1
mdl177_historicalgrowthfactor_pctchgastto,matrix,99,Percent change in asset turnover ratio compared to 4 quarters ago (1-year change in asset efficiency),Matrix,100,45,USA,TOP3000,1
mdl177_historicalgrowthfactor_pctchgastto_alt,matrix,99,Percent change in asset turnover ratio (trailing 12-month sales divided by average assets) compared to 4 quarters ago,Matrix,100,31,USA,TOP3000,1
mdl177_historicalgrowthfactor_pctchgcf,matrix,95,1-year percent change in trailing twelve-month cash flow per share compared to value 4 quarters ago,Matrix,100,37,USA,TOP3000,1
mdl177_historicalgrowthfactor_pctchgcf_alt,matrix,99,Percent change in trailing 12-month cash flow per share now compared to 4 quarters ago,Matrix,100,118,USA,TOP3000,1
mdl177_historicalgrowthfactor_pctchgeps,matrix,97,Percent change in trailing 12-month earnings per share before extra items compared to 4 quarters ago (1-year growth),Matrix,100,122,USA,TOP3000,1
mdl177_historicalgrowthfactor_pctchgeps_alt,matrix,100,Percent change in trailing 12-month earnings per share before extra items now compared to 4 quarters ago,Matrix,100,148,USA,TOP3000,1
mdl177_historicalgrowthfactor_pctchgfcf,matrix,97,Percent change in trailing 12-month free cash flow per share compared to 4 quarters ago (1-year growth),Matrix,100,35,USA,TOP3000,1
mdl177_historicalgrowthfactor_pctchgfcf_alt,matrix,100,Percent change in trailing 12-month free cash flow per share now compared to 4 quarters ago,Matrix,100,35,USA,TOP3000,1
mdl177_historicalgrowthfactor_pctchgocf,matrix,99,1-year percent change in trailing twelve-month operating cash flow per share compared to value 4 quarters ago,Matrix,100,104,USA,TOP3000,1
mdl177_historicalgrowthfactor_pctchgocf_alt,matrix,100,Percent change in trailing 12-month operating cash flow per share compared to the value four quarters ago,Matrix,100,57,USA,TOP3000,1
mdl177_historicalgrowthfactor_pctchgqtrast,matrix,100,"1-year growth rate in quarterly total assets per share, comparing most recent reported value to that of four quarters ago",Matrix,100,103,USA,TOP3000,1
mdl177_historicalgrowthfactor_pctchgqtrast_alt,matrix,100,Growth in most recent reported quarterly total assets per share compared to four quarters ago,Matrix,100,97,USA,TOP3000,1
mdl177_historicalgrowthfactor_pctchgqtrsales,matrix,98,Growth in most recently reported quarterly sales per share compared to 4 quarters ago (1-year change),Matrix,100,26,USA,TOP3000,1
mdl177_historicalgrowthfactor_pctchgqtrsales_alt,matrix,99,Growth in most recent reported quarterly sales per share compared to four quarters ago,Matrix,100,37,USA,TOP3000,1
mdl177_historicalgrowthfactor_reinrate,matrix,98,"Reinvestment rate: (TTM EPS before extras minus TTM dividends, divided by average book equity per share)",Matrix,100,73,USA,TOP3000,1
mdl177_historicalgrowthfactor_reinrate_alt,matrix,99,"Reinvestment rate calculated as trailing 12-month EPS minus dividends, divided by average book equity per share",Matrix,100,105,USA,TOP3000,1
mdl177_historicalgrowthfactor_rsqr4qcf3y,matrix,87,R-squared of the regression line describing 3-year trend in trailing twelve-month cash flow,Matrix,100,17,USA,TOP3000,1
mdl177_historicalgrowthfactor_rsqr4qcf3y_alt,matrix,88,R-squared of the trend line fitted to trailing 12-month cash flow over the past 3 years,Matrix,100,40,USA,TOP3000,1
mdl177_historicalgrowthfactor_rsqr4qeps3y,matrix,94,R-squared of the regression line describing 3-year trend in trailing twelve-month earnings per share,Matrix,100,33,USA,TOP3000,1
mdl177_historicalgrowthfactor_rsqr4qeps3y_alt,matrix,95,R-squared of the trend line fitted to trailing 12-month earnings per share over the past 3 years,Matrix,100,33,USA,TOP3000,1
mdl177_historicalgrowthfactor_rsqr4qfcf3y,matrix,92,"R-squared value of the 3-year trend line for trailing 12-month free cash flow, showing how well FCF fits a linear trend",Matrix,100,15,USA,TOP3000,1
mdl177_historicalgrowthfactor_rsqr4qfcf3y_alt,matrix,92,R-squared of the trend line fitted to trailing 12-month free cash flow per share over the past 3 years,Matrix,100,9,USA,TOP3000,1
mdl177_historicalgrowthfactor_rsqr4qocf3y,matrix,90,R-squared of regression describing 3-year trend in trailing twelve-month operating cash flow,Matrix,100,26,USA,TOP3000,1
mdl177_historicalgrowthfactor_rsqr4qocf3y_alt,matrix,90,R-squared of the trend line fitted to trailing 12-month operating cash flow per share over the past 3 years,Matrix,100,19,USA,TOP3000,1
mdl177_historicalgrowthfactor_rsqr4qsales3y,matrix,90,"R-squared value of the 3-year trend line for trailing 12-month sales, indicating fit to a linear sales growth trend",Matrix,100,36,USA,TOP3000,1
mdl177_historicalgrowthfactor_rsqr4qsales3y_alt,matrix,91,R-squared of the trend line fitted to trailing 12-month sales per share over the past 3 years,Matrix,100,32,USA,TOP3000,1
mdl177_historicalgrowthfactor_saleg5y,matrix,89,"Difference between trailing 12-month sales per share and that 20 quarters ago, divided by average sales over prior 20 quarters (5-year growth)",Matrix,100,27,USA,TOP3000,1
mdl177_historicalgrowthfactor_saleg5y_alt,matrix,89,"Difference between trailing 12-month sales per share and sales 20 quarters ago, scaled by average sales in those 20 quarters",Matrix,100,40,USA,TOP3000,1
mdl177_historicalgrowthfactor_salegstdev,matrix,89,Standard deviation of year-over-year quarterly sales per share growth during last 12 quarters (sales growth variability),Matrix,100,7,USA,TOP3000,1
mdl177_historicalgrowthfactor_salegstdev_alt,matrix,90,Standard deviation of year-over-year quarterly sales per share growth during last 12 quarters,Matrix,100,17,USA,TOP3000,1
mdl177_historicalgrowthfactor_salesaccel4q,matrix,95,Acceleration of sales growth measured over the last four quarters,Matrix,100,172,USA,TOP3000,1
mdl177_historicalgrowthfactor_salesaccel4q_alt,matrix,95,Change in sales growth rate over the most recent four quarters (sales acceleration),Matrix,100,198,USA,TOP3000,1
mdl177_historicalgrowthfactor_se5yepsg,matrix,71,"Difference between mean long-term residual EPS growth rate and 5-year EPS growth, divided by EPS growth stability",Matrix,100,14,USA,TOP3000,1
mdl177_historicalgrowthfactor_se5yepsg_alt,matrix,73,"Mean long-term growth rate minus 5-year EPS growth, divided by stability of 5-year EPS growth",Matrix,100,13,USA,TOP3000,1
mdl177_historicalgrowthfactor_slope4qcf3y,matrix,87,Slope of 3-year trailing twelve-month cash flow trend calculated over prior 12 quarters,Matrix,100,22,USA,TOP3000,1
mdl177_historicalgrowthfactor_slope4qcf3y_alt,matrix,88,Slope coefficient of 3-year trend line of trailing 12-month cash flow per share,Matrix,100,65,USA,TOP3000,1
mdl177_historicalgrowthfactor_slope4qeps3y,matrix,94,"Slope of the 3-year trend line for trailing 12-month EPS, measuring EPS growth momentum over 3 years",Matrix,100,42,USA,TOP3000,1
mdl177_historicalgrowthfactor_slope4qeps3y_alt,matrix,95,Slope coefficient of 3-year trend line of trailing 12-month earnings per share,Matrix,100,71,USA,TOP3000,1
mdl177_historicalgrowthfactor_slope4qfcf3y,matrix,92,Slope coefficient of 3-year trailing twelve-month free cash flow trend over prior 12 quarters,Matrix,100,8,USA,TOP3000,1
mdl177_historicalgrowthfactor_slope4qfcf3y_alt,matrix,92,Slope coefficient of 3-year trend line of trailing 12-month free cash flow per share,Matrix,100,18,USA,TOP3000,1
mdl177_historicalgrowthfactor_slope4qocf3y,matrix,90,Slope of the 3-year trend line for trailing 12-month operating cash flow per share,Matrix,100,18,USA,TOP3000,1
mdl177_historicalgrowthfactor_slope4qocf3y_alt,matrix,90,Slope coefficient of 3-year trend line of trailing 12-month operating cash flow per share,Matrix,100,25,USA,TOP3000,1
mdl177_historicalgrowthfactor_slope4qsales3y,matrix,92,Slope coefficient of 3-year trailing twelve-month sales trend; measures sales per share growth trend over prior 12 quarters,Matrix,100,13,USA,TOP3000,1
mdl177_historicalgrowthfactor_slope4qsales3y_alt,matrix,92,Slope coefficient of 3-year trend line of trailing 12-month sales per share,Matrix,100,5,USA,TOP3000,1
mdl177_historicalgrowthfactor_susgrowth,matrix,98,Maximum growth rate a firm can sustain without increasing financial leverage,Matrix,100,89,USA,TOP3000,1
mdl177_historicalgrowthfactor_susgrowth_alt,matrix,99,Maximum growth rate a firm can sustain without increasing financial leverage,Matrix,100,76,USA,TOP3000,1
mdl177_historicalgrowthfactor_totalsaleg,matrix,99,Yearly trailing twelve-month total sales growth rate (percent change vs. year ago),Matrix,100,22,USA,TOP3000,1
mdl177_historicalgrowthfactor_totalsaleg_alt,matrix,99,Percent change in trailing 12-month total sales compared to the value one year ago,Matrix,100,47,USA,TOP3000,1
mdl177_historicalgrowthmodel_chgfcf,matrix,96,"Change in trailing 12-month free cash flow over the past year, adjusted for average total assets",Matrix,100,58,USA,TOP3000,1
mdl177_historicalgrowthmodel_div5yg,matrix,43,5-year growth rate of dividends paid by the company,Matrix,100,37,USA,TOP3000,1
mdl177_historicalgrowthmodel_emm_composite,matrix,100,Composite score capturing overall earnings momentum signals for the company,Matrix,100,55,USA,TOP3000,1
mdl177_historicalgrowthmodel_hgm_composite,matrix,85,Composite score summarizing various historical growth factors for the company,Matrix,100,105,USA,TOP3000,1
mdl177_historicalgrowthmodel_slope4qsales3y,matrix,88,The slope coefficient from a trend line regressed on the trailing 12-month sales per share over the past 12 quarters (covering 3 years),Matrix,100,49,USA,TOP3000,1
mdl177_historicalgrowthmodel_susgrowth,matrix,95,The maximum sustainable growth rate for the company without increasing its financial leverage,Matrix,100,50,USA,TOP3000,1
mdl177_industryrrelativevaluefactor_curindbp_,matrix,100,"A stock's current book-to-price ratio minus the industry average, deflated by the industry's standard deviation of BPs",Matrix,100,185,USA,TOP3000,1
mdl177_industryrrelativevaluefactor_curindbp__alt,matrix,100,"A stock’s current book-to-price ratio minus the industry average, adjusted by dividing with the industry standard deviation (industry-relative book-to-market ratio standardized by industry)",Matrix,100,181,USA,TOP3000,1
mdl177_industryrrelativevaluefactor_curindcfp_,matrix,99,"A stock's trailing 12-month cash flow-to-price ratio minus the industry average, deflated by the industry's standard deviation of CFPs",Matrix,100,50,USA,TOP3000,1
mdl177_industryrrelativevaluefactor_curindcfp__alt,matrix,100,"A stock’s trailing 12-month cash flow-to-price ratio minus the industry average, adjusted by dividing with the industry standard deviation (industry-relative TTM cash flow-to-price ratio standardized by industry)",Matrix,100,48,USA,TOP3000,1
mdl177_industryrrelativevaluefactor_curindcoreepsp_,matrix,100,"A stock's trailing 12-month core earnings-to-price ratio minus the industry average, deflated by the industry's standard deviation of CoreEPs",Matrix,100,27,USA,TOP3000,1
mdl177_industryrrelativevaluefactor_curindcoreepsp__alt,matrix,100,"A stock’s trailing 12-month core earnings-to-price ratio minus the industry average, adjusted by dividing with the industry standard deviation (industry-relative TTM core earnings-to-price ratio standardized by industry)",Matrix,100,26,USA,TOP3000,1
mdl177_industryrrelativevaluefactor_curinddivp_,matrix,100,"A stock's trailing 12-month dividend yield minus the industry average, deflated by the industry's standard deviation of DivYields",Matrix,100,24,USA,TOP3000,1
mdl177_industryrrelativevaluefactor_curinddivp__alt,matrix,100,"A stock’s trailing 12-month dividend yield minus the industry average, adjusted by dividing with the industry standard deviation (industry-relative TTM dividend yield standardized by industry)",Matrix,100,40,USA,TOP3000,1
mdl177_industryrrelativevaluefactor_curindebitdap_,matrix,99,"A stock's trailing 12-month EBITDA-to-price ratio minus the industry average, deflated by the industry's standard deviation of EBITDAPs",Matrix,100,32,USA,TOP3000,1
mdl177_industryrrelativevaluefactor_curindebitdap__alt,matrix,100,"A stock’s trailing 12-month EBITDA-to-price ratio minus the industry average, adjusted by dividing with the industry standard deviation (industry-relative TTM EBITDA-to-price ratio standardized by industry)",Matrix,100,56,USA,TOP3000,1
mdl177_industryrrelativevaluefactor_curindep_,matrix,100,"A stock's trailing 12-month EPS-to-price ratio minus the industry average, deflated by the industry's standard deviation of EPs",Matrix,100,34,USA,TOP3000,1
mdl177_industryrrelativevaluefactor_curindep__alt,matrix,100,"A stock’s trailing 12-month earnings per share before extraordinary items-to-price ratio minus the industry average, adjusted by dividing with the industry standard deviation (industry-relative TTM EPS-to-price ratio standardized by industry)",Matrix,100,26,USA,TOP3000,1
mdl177_industryrrelativevaluefactor_curindfcfp_,matrix,100,"A stock's trailing 12-month free cash flow-to-price ratio minus the industry average, deflated by the industry's standard deviation of FCFPs",Matrix,100,55,USA,TOP3000,1
mdl177_industryrrelativevaluefactor_curindfcfp__alt,matrix,100,"A stock’s trailing 12-month free cash flow-to-price ratio minus the industry average, adjusted by dividing with the industry standard deviation (industry-relative TTM free cash flow-to-price ratio standardized by industry)",Matrix,100,66,USA,TOP3000,1
mdl177_industryrrelativevaluefactor_curindfwdep_,matrix,99,"A stock's forward 4-quarter analysts consensus EPS-to-price ratio minus the industry average, deflated by the industry's standard deviation of FwdEPs",Matrix,100,41,USA,TOP3000,1
mdl177_industryrrelativevaluefactor_curindfwdep__alt,matrix,100,"A stock’s next 4-quarter analyst consensus EPS estimates-to-price ratio minus the industry average, adjusted by dividing with the industry standard deviation (industry-relative forward EPS-to-price ratio standardized by industry)",Matrix,100,34,USA,TOP3000,1
mdl177_industryrrelativevaluefactor_curindocfp_,matrix,100,"A stock's trailing 12-month operating cash flow-to-price ratio minus the industry average, deflated by the industry's standard deviation of OCFPs",Matrix,100,116,USA,TOP3000,1
mdl177_industryrrelativevaluefactor_curindocfp__alt,matrix,100,"A stock’s trailing 12-month operating cash flow-to-price ratio minus the industry average, adjusted by dividing with the industry standard deviation (industry-relative TTM operating cash flow-to-price ratio standardized by industry)",Matrix,100,125,USA,TOP3000,1
mdl177_industryrrelativevaluefactor_curindocfta_,matrix,100,"A stock's trailing 12-month operating cash flow-to-total assets ratio minus the industry average, deflated by the industry's standard deviation of OCFTAs",Matrix,100,40,USA,TOP3000,1
mdl177_industryrrelativevaluefactor_curindocfta__alt,matrix,100,"A stock’s trailing 12-month operating cash flow-to-total assets ratio minus the industry average, adjusted by dividing with the industry standard deviation (industry-relative TTM operating cash flow-to-total assets ratio standardized by industry)",Matrix,100,105,USA,TOP3000,1
mdl177_industryrrelativevaluefactor_curindsp_,matrix,100,"A stock's trailing 12-month sales-to-price ratio minus the industry average, deflated by the industry's standard deviation of SPs",Matrix,100,78,USA,TOP3000,1
mdl177_industryrrelativevaluefactor_curindsp__alt,matrix,100,"A stock’s trailing 12-month sales-to-price ratio minus the industry average, adjusted by dividing with the industry standard deviation (industry-relative TTM sales-to-price ratio standardized by industry)",Matrix,100,48,USA,TOP3000,1
mdl177_liquidityriskfactor_altmanz_alt,matrix,82,"Altman Z-score: A composite measure predicting bankruptcy risk, calculated using a weighted sum of profitability, leverage, liquidity, solvency, and activity ratios",Matrix,100,76,USA,TOP3000,1
mdl177_liquidityriskfactor_aqi_alt,matrix,83,Asset Quality Index : It is defined as the year-over-year change of 1 minus the ratio of current assets plus PP&E divided by total assets,Matrix,100,83,USA,TOP3000,1
mdl177_liquidityriskfactor_astcomp_alt,matrix,85,"Asset composition: total current assets divided by total assets from most recent quarter, indicating liquidity proportion",Matrix,100,291,USA,TOP3000,1
mdl177_liquidityriskfactor_atmcallvol_alt,matrix,97,"Implied volatility of the nearest at-the-money call options, indicator of option market expectations for price fluctuations",Matrix,100,27,USA,TOP3000,1
mdl177_liquidityriskfactor_atmputvol_alt,matrix,97,"Implied volatility of the nearest at-the-money put options, measuring market expectation of downside risk",Matrix,100,20,USA,TOP3000,1
mdl177_liquidityriskfactor_bap20d_alt,matrix,100,"20-day average of the bid-ask spread divided by price, indicating short-term liquidity cost for trading the stock",Matrix,100,56,USA,TOP3000,1
mdl177_liquidityriskfactor_bdi_alt,matrix,90,Basic Defensive Interval: number of days a company's cash and receivables can cover daily operating expenses (COGS + SG&A),Matrix,100,81,USA,TOP3000,1
mdl177_liquidityriskfactor_beta_alt,matrix,91,60-Month Beta : It is defined as 0.67 times the 60-month beta plus 0.33Beta is the covariance between a stock's monthly return and the monthly S&P 500 index return in the prior 60-month period divided by the variance of the monthly S&P 500 index return in the same period.,Matrix,100,13,USA,TOP3000,1
mdl177_liquidityriskfactor_betasigma_alt,matrix,80,"Product of the adjusted 60-month Beta (market sensitivity) and the 60-month Sigma (volatility of monthly price returns), a combined indicator of risk",Matrix,100,10,USA,TOP3000,1
mdl177_liquidityriskfactor_booklev_alt,matrix,100,"Book Leverage ratio: Total assets from most recent quarter divided by book equity, reflecting company capital structure",Matrix,100,130,USA,TOP3000,1
mdl177_liquidityriskfactor_cashratio_alt,matrix,85,Liquidity measure: Most recent quarter’s cash and equivalents divided by current liabilities,Matrix,100,151,USA,TOP3000,1
mdl177_liquidityriskfactor_ccd_alt,matrix,85,"Current Cash Flow Debt Coverage Ratio: Most recent quarterly cash flow from operations minus dividends, divided by current interest-bearing debt; ability to cover debt",Matrix,100,37,USA,TOP3000,1
mdl177_liquidityriskfactor_cfleverage_alt,matrix,90,"Cash Flow Leverage: Total liabilities divided by trailing 12-month operating cash flow, a stress test of cash flow coverage",Matrix,100,34,USA,TOP3000,1
mdl177_liquidityriskfactor_covol_alt,matrix,89,Slope of least squares trend line of last 60 months’ monthly trading volume versus time; measures long-term volume trend,Matrix,100,32,USA,TOP3000,1
mdl177_liquidityriskfactor_curratio_alt,matrix,85,"Current ratio: Current assets divided by current liabilities (most recent quarter), indicating short-term financial health",Matrix,100,59,USA,TOP3000,1
mdl177_liquidityriskfactor_cvvolp20d_alt,matrix,100,Ratio of coefficient of variation (volatility) of last 20 days’ closing prices to coefficient of variation of daily trading volume; measures price movement versus volume variability,Matrix,100,42,USA,TOP3000,1
mdl177_liquidityriskfactor_de_alt,matrix,100,Long-term debt to equity ratio: Most recent long-term debt divided by book equity; measure of leverage,Matrix,100,96,USA,TOP3000,1
mdl177_liquidityriskfactor_debtcf_alt,matrix,86,"Sum of most recent reported long-term debt and short-term interest-bearing debt divided by trailing 12-month cash flow, showing company’s debt load relative to cash generation",Matrix,100,22,USA,TOP3000,1
mdl177_liquidityriskfactor_dfl_alt,matrix,100,"Degree of financial leverage: (Pretax income + interest expense) divided by pretax income, proxy for interest dependency and leverage effect",Matrix,100,251,USA,TOP3000,1
mdl177_liquidityriskfactor_divcov_alt,matrix,54,Dividend coverage ratio: company's trailing annual operating earnings divided by annual dividends; reflects ability to pay dividends from earnings,Matrix,100,69,USA,TOP3000,1
mdl177_liquidityriskfactor_flowratio_alt,matrix,85,"Flow ratio: (current assets - cash & equivalents) divided by (current liabilities - short-term debt), measuring liquidity after excluding most liquid assets and debts",Matrix,100,161,USA,TOP3000,1
mdl177_liquidityriskfactor_gear_alt,matrix,100,Capital gearing ratio: long-term debt divided by (total assets minus current liability); measures leverage excluding current liabilities,Matrix,100,192,USA,TOP3000,1
mdl177_liquidityriskfactor_growdura_alt,matrix,80,Growth Duration,Matrix,100,80,USA,TOP3000,1
mdl177_liquidityriskfactor_impduration_alt,matrix,95,Implied Equity Duration,Matrix,100,46,USA,TOP3000,1
mdl177_liquidityriskfactor_intcov_alt,matrix,94,Interest Coverage: Quarterly operating income before depreciation divided by quarterly long-term debt interest expenses; ability to meet interest payments,Matrix,100,88,USA,TOP3000,1
mdl177_liquidityriskfactor_liqcoeff_alt,matrix,97,Liquidity coefficient: regression slope between monthly turnover ratio and monthly stock returns; indicator of liquidity-return relationship,Matrix,100,21,USA,TOP3000,1
mdl177_liquidityriskfactor_mad3yttmni_alt,matrix,98,"3-year mean absolute deviation of trailing 12-month net income, a measure of profit variability",Matrix,100,70,USA,TOP3000,1
mdl177_liquidityriskfactor_mad3yttmsale_alt,matrix,98,"3-year mean absolute deviation of trailing 12-month sales, a measure of sales stability/volatility",Matrix,100,62,USA,TOP3000,1
mdl177_liquidityriskfactor_milliq_alt,matrix,100,Stock illiquidity measure: Monthly average of daily absolute return divided by daily dollar trading volume,Matrix,100,65,USA,TOP3000,1
mdl177_liquidityriskfactor_mktcappera_alt,matrix,100,Market capitalization divided by number of analysts providing estimates; reflects stock interest or coverage per analyst,Matrix,100,63,USA,TOP3000,1
mdl177_liquidityriskfactor_mktlev_alt,matrix,100,(Market value of equity + most recent quarterly book debt) divided by market value of equity; leverage measure linking debt and equity,Matrix,100,21,USA,TOP3000,1
mdl177_liquidityriskfactor_monchgsip_alt,matrix,100,Monthly change in short interest position; measures month-to-month change in ratio of shares sold short to shares outstanding,Matrix,100,55,USA,TOP3000,1
mdl177_liquidityriskfactor_netcashp_alt,matrix,93,Net cash to equity: (Quarterly cash and equivalents minus long-term and current debt) divided by current market value; shows net liquidity strength,Matrix,100,83,USA,TOP3000,1
mdl177_liquidityriskfactor_nfaldebt_alt,matrix,88,"Net fixed assets divided by long-term debt, reflecting long-term asset coverage of debt; higher values indicate better fixed asset support for debt",Matrix,100,60,USA,TOP3000,1
mdl177_liquidityriskfactor_nlassets_alt,matrix,100,Natural logarithm of the most recent quarterly total assets; serves as a size metric,Matrix,100,111,USA,TOP3000,1
mdl177_liquidityriskfactor_nlmktcap_alt,matrix,100,Natural logarithm of the cube of stock’s total market value; proxy for firm size (log-transformed),Matrix,100,52,USA,TOP3000,1
mdl177_liquidityriskfactor_nlprice_alt,matrix,100,Natural logarithm of the cube of the stock’s unadjusted closing price; log-transformed price metric,Matrix,100,94,USA,TOP3000,1
mdl177_liquidityriskfactor_nlsales_alt,matrix,100,Natural logarithm of the cube of trailing 12-month sales; log-transformed sales size metric,Matrix,100,33,USA,TOP3000,1
mdl177_liquidityriskfactor_nlvolcap_alt,matrix,100,Natural logarithm of (trailing 1-year average monthly volume divided by trailing 1-year average of monthly market value of shares); liquidity metric,Matrix,100,27,USA,TOP3000,1
mdl177_liquidityriskfactor_numest_alt,matrix,100,Number of analyst estimates for fiscal year 1; proxy for analyst coverage,Matrix,100,107,USA,TOP3000,1
mdl177_liquidityriskfactor_ocfratio_alt,matrix,85,Operating cash flow ratio: Most recent quarterly cash flow from operations divided by current liabilities,Matrix,100,65,USA,TOP3000,1
mdl177_liquidityriskfactor_ohlsonscore_alt,matrix,83,"Ohlson bankruptcy risk score, assessing probability of bankruptcy using financial ratios and firm characteristics",Matrix,100,140,USA,TOP3000,1
mdl177_liquidityriskfactor_oplev_alt,matrix,86,Operating leverage: Percent change in TTM operating income (vs previous quarter) divided by percent change in TTM sales (vs previous quarter),Matrix,100,54,USA,TOP3000,1
mdl177_liquidityriskfactor_pcurlia_alt,matrix,85,Current liabilities per share divided by closing price; reflects short-term obligations relative to market value,Matrix,100,134,USA,TOP3000,1
mdl177_liquidityriskfactor_qr_alt,matrix,85,"Quick (acid-test) ratio: (Current assets minus inventories) divided by current liabilities, most recent quarter",Matrix,100,65,USA,TOP3000,1
mdl177_liquidityriskfactor_rerror60m_alt,matrix,80,Standard error of slope from least squares regression of last 60 months’ monthly returns against S&P 500 returns; measures model fit uncertainty,Matrix,100,35,USA,TOP3000,1
mdl177_liquidityriskfactor_si_ratio_alt,matrix,100,Short interest ratio: shares sold short divided by average daily volume over last 30 days; estimates days to cover shorts,Matrix,100,837,USA,TOP3000,1
mdl177_liquidityriskfactor_sigma_alt,matrix,80,Standard deviation of monthly returns over prior 60 months; measures stock price volatility,Matrix,100,29,USA,TOP3000,1
mdl177_liquidityriskfactor_sip_alt,matrix,100,"Short interest position: number of shares sold short as reported, reflecting bearish sentiment or hedging activity",Matrix,100,74,USA,TOP3000,1
mdl177_liquidityriskfactor_tobinq_alt,matrix,100,Tobin’s Q ratio: (Market value of equity plus debt) divided by total assets (debt at book value); assesses firm valuation vs assets,Matrix,100,70,USA,TOP3000,1
mdl177_liquidityriskfactor_totalcov_alt,matrix,93,Total coverage ratio: (Cash flow from operations + interest paid + tax paid) divided by (interest + principal paid); indicator of financial coverage ability,Matrix,100,40,USA,TOP3000,1
mdl177_liquidityriskfactor_voldiff_pc_alt,matrix,96,Difference between ATM put and call implied volatilities; signals option market sentiment and liquidity risk,Matrix,100,157,USA,TOP3000,1
mdl177_liquidityriskfactor_volto_alt,matrix,100,Trading turnover ratio: Monthly total trading volume divided by total outstanding shares (recent); velocity of share turnover,Matrix,100,216,USA,TOP3000,1
mdl177_liquidityriskfactor_yoychgcr_alt,matrix,84,Year-over-year change in current ratio; difference in current ratio (current assets/current liabilities) compared to same quarter last year,Matrix,100,46,USA,TOP3000,1
mdl177_liquidityriskfactor_yoychgda_alt,matrix,100,Year-over-year Change in Leverage : It is defined as the difference between the most recent reported quarterly total liabilities as a percentage of the reported total assets and the percentage for the same quarter one year ago.,Matrix,100,171,USA,TOP3000,1
mdl177_momemtumanalystmodel_qma_alpha6m,matrix,95,"Rank representing the stock's six-month alpha change, measuring abnormal returns over the past six months relative to a benchmark, used as a momentum factor",Matrix,100,7,USA,TOP3000,1
mdl177_momemtumanalystmodel_qma_alpha6m_alt,matrix,97,"Rank representing the change in alpha generated by the stock over the past six months, gauging its risk-adjusted outperformance relative to peers",Matrix,100,11,USA,TOP3000,1
mdl177_momemtumanalystmodel_qma_chgnowc,matrix,73,"Rank of the change in Net Working Capital (NOWC), reflecting shifts in short-term operational liquidity over a recent period",Matrix,100,142,USA,TOP3000,1
mdl177_momemtumanalystmodel_qma_chgnowc_alt,matrix,76,"Rank based on the change in net working capital, reflecting improvements or deteriorations in the company's liquidity position over a given period",Matrix,100,249,USA,TOP3000,1
mdl177_momemtumanalystmodel_qma_composite,matrix,100,Momentum Analyst Composite Rank: an aggregated rank combining various analyst momentum signals for the stock,Matrix,100,47,USA,TOP3000,1
mdl177_momemtumanalystmodel_qma_composite_alt,matrix,100,"Overall composite rank of the momentum analyst model, typically aggregating multiple factor signals into a single momentum ranking",Matrix,100,62,USA,TOP3000,1
mdl177_momemtumanalystmodel_qma_condsurp,matrix,95,"Conditional Surprise Rank: a rank measuring the degree to which reported results have surprised analyst expectations, conditional on factors like earnings or other events",Matrix,100,111,USA,TOP3000,1
mdl177_momemtumanalystmodel_qma_condsurp_alt,matrix,97,Conditional Surprise Rank,Matrix,100,61,USA,TOP3000,1
mdl177_momemtumanalystmodel_qma_earnexp,matrix,99,"Analyst Expectations Rank: a composite rank based on analyst expectations, specifically averaging earnings revisions and rating changes",Matrix,100,93,USA,TOP3000,1
mdl177_momemtumanalystmodel_qma_earnexp_alt,matrix,100,"Rank reflecting analyst expectations, calculated as an equal-weighted average of analyst earnings revisions and ratings change ranks",Matrix,100,136,USA,TOP3000,1
mdl177_momemtumanalystmodel_qma_eplinkage,matrix,100,"Earnings Price Linkage Rank: measures the relation between changes in earnings and price response, aggregating factors like change in free cash flow, relative return, market response, and net working capital",Matrix,100,62,USA,TOP3000,1
mdl177_momemtumanalystmodel_qma_eplinkage_alt,matrix,100,"Rank representing the linkage between earnings and price, typically an aggregate of change in free cash flow, net working capital, industry-relative return, and market response to earnings",Matrix,100,60,USA,TOP3000,1
mdl177_momemtumanalystmodel_qma_epsgrwth,matrix,98,"Earnings Growth Rank: rank of change in trailing twelve month earnings per share, scaled by recent closing price, indicative of E/P",Matrix,100,72,USA,TOP3000,1
mdl177_momemtumanalystmodel_qma_epsgrwth_alt,matrix,100,"Rank of earnings growth, measuring changes in trailing twelve month earnings per share scaled by the recent closing stock price (earnings yield, E/P)",Matrix,100,143,USA,TOP3000,1
mdl177_momemtumanalystmodel_qma_estrev,matrix,98,"Estimate Revisions Rank: rank reflecting the difference between recent upward and downward revisions to next fiscal year EPS estimates over four weeks, scaled by the total number of estimates",Matrix,100,215,USA,TOP3000,1
mdl177_momemtumanalystmodel_qma_estrev_alt,matrix,100,"Rank based on estimate revisions, capturing the difference between recent upward and downward EPS estimate changes over four weeks, scaled by total estimate count",Matrix,100,109,USA,TOP3000,1
mdl177_momemtumanalystmodel_qma_indrelrtn3m,matrix,100,"Industry Relative 3-Month Return Rank: measures the difference between the stock's three-month return and its industry's three-month return, ranked cross-sectionally",Matrix,100,14,USA,TOP3000,1
mdl177_momemtumanalystmodel_qma_indrelrtn3m_alt,matrix,100,Rank of the stock's 3-month return relative to its industry peers over the same period,Matrix,100,43,USA,TOP3000,1
mdl177_momemtumanalystmodel_qma_lagpricemo,matrix,97,"Lagged 12- to 1-Month Price Momentum Rank: rank of the difference between lagged 12-month return and recent 1-month return, scaled by standard deviation, indicating mid-term price momentum",Matrix,100,55,USA,TOP3000,1
mdl177_momemtumanalystmodel_qma_lagpricemo_alt,matrix,99,"Rank reflecting lagged price momentum, calculated as the difference between the stock's lagged 12-month return and recent 1-month return, scaled by standard deviation",Matrix,100,13,USA,TOP3000,1
mdl177_momemtumanalystmodel_qma_mktresponse,matrix,100,"Market Earnings Response Rank: rank of the 4-day return surrounding the company’s most recent earnings report, spanning two days before and after the event",Matrix,100,45,USA,TOP3000,1
mdl177_momemtumanalystmodel_qma_mktresponse_alt,matrix,100,"Rank gauging market response to earnings, typically the four-day return spanning two days before and after a recent earnings report",Matrix,100,43,USA,TOP3000,1
mdl177_momemtumanalystmodel_qma_ratingchg,matrix,98,Analyst Ratings Change Rank: rank reflecting changes in analyst consensus ratings over the last 4 and 8 weeks,Matrix,100,30,USA,TOP3000,1
mdl177_momemtumanalystmodel_qma_ratingchg_alt,matrix,100,"Rank measuring recent changes in analyst consensus ratings, based on trends in revisions over the last 4 and 8 weeks",Matrix,100,39,USA,TOP3000,1
mdl177_momemtumanalystmodel_qma_relpricemo,matrix,97,"Relative Price Momentum Rank: an aggregated rank combining lagged 12-1 month price momentum, risk adjustment, and 6-month alpha change to measure overall momentum relative to peers",Matrix,100,42,USA,TOP3000,1
mdl177_momemtumanalystmodel_qma_relpricemo_alt,matrix,99,"Rank summarizing relative price momentum, often an average of lagged price momentum, risk adjustments, and six-month alpha change ranks",Matrix,100,7,USA,TOP3000,1
mdl177_momemtumanalystmodel_qma_repearnmom,matrix,99,Earnings Momentum Rank: an average ranking derived from both earnings growth and earnings surprise for a stock,Matrix,100,50,USA,TOP3000,1
mdl177_momemtumanalystmodel_qma_repearnmom_alt,matrix,100,"Rank of earnings momentum, generally an average of earnings growth and earnings surprise rankings",Matrix,100,50,USA,TOP3000,1
mdl177_momemtumanalystmodel_qma_rskadj,matrix,100,"Risk Adjustments Rank: a rank aggregating volatility and growth subfactors, penalizing stocks with high volume volatility and return deviations",Matrix,100,65,USA,TOP3000,1
mdl177_momemtumanalystmodel_qma_rskadj_alt,matrix,100,"Rank aggregating risk adjustments, penalizing high volume volatility and large deviations in return for a risk-informed ranking",Matrix,100,101,USA,TOP3000,1
mdl177_momemtumanalystmodel_qma_ttmfcfchg,matrix,100,"Change in TTM Free Cash Flow Rank: rank of the two-quarter change in trailing twelve month free cash flow, divided by its value two quarters ago",Matrix,100,101,USA,TOP3000,1
mdl177_momemtumanalystmodel_qma_ttmfcfchg_alt,matrix,100,"Rank representing the change in trailing twelve month free cash flow over two quarters, divided by the value from two quarters ago",Matrix,100,79,USA,TOP3000,1
mdl177_priceanalystmodel_qpa_composite_alt,matrix,100,"A composite price signal generated by the Price Analyst Model, aggregating multiple price-related factors to summarize overall price strength or momentum",Matrix,100,29,USA,TOP3000,1
mdl177_priceanalystmodel_qpa_compsn_alt,matrix,100,Price Analyst Sector-Neutral,Matrix,100,31,USA,TOP3000,1
mdl177_priceanalystmodel_qpa_indrs_alt,matrix,99,"Industry-relative strength, quantifying a stock's price performance compared to its industry group",Matrix,100,13,USA,TOP3000,1
mdl177_priceanalystmodel_qpa_rskadjrs_alt,matrix,99,Risk Adj Relative Strength,Matrix,100,12,USA,TOP3000,1
mdl177_pricemomemtummodel_indrelrtn5d_,matrix,100,"Stock’s 5-day return minus the average 5-day return of all stocks in the same industry, normalized by the industry return standard deviation",Matrix,100,88,USA,TOP3000,1
mdl177_pricemomemtummodel_pmm_composite,matrix,100,Composite price momentum signal combining several individual price momentum indicators for a more robust measure of momentum,Matrix,100,77,USA,TOP3000,1
mdl177_pricemomemtummodel_rationalalpha,matrix,99,Rational Decay Alpha: Measures a stock’s historical 12-month market-adjusted excess return using the intercept from an OLS regression and a proprietary decay function,Matrix,100,79,USA,TOP3000,1
mdl177_pricemomemtummodel_relpricestrength_,matrix,99,"Industry-adjusted 12-month relative price strength: Stock’s 12-month price strength minus the industry average, deflated by the standard deviation of industry price strengths",Matrix,100,49,USA,TOP3000,1
mdl177_pricemomemtummodel_visiratio,matrix,100,"Visibility Ratio: Most recent daily trading volume divided by average daily volume over the previous 50 trading days, a price momentum/liquidity indicator",Matrix,100,25,USA,TOP3000,1
mdl177_pricemomemtummodel_voldiff_pc,matrix,95,"Difference between at-the-money (ATM) Put option volatility and ATM Call option volatility for the stock, indicating liquidity risk or sentiment skew",Matrix,100,121,USA,TOP3000,1
mdl177_pricemomentumfactor_abr,matrix,100,Abnormal return around quarterly earnings release (excess return during period around earnings announcement),Matrix,100,31,USA,TOP3000,1
mdl177_pricemomentumfactor_abr_alt,matrix,100,Abnormal Return around QTR Earnings Release; abnormal return calculated in the event window surrounding quarterly earnings announcement,Matrix,100,38,USA,TOP3000,1
mdl177_pricemomentumfactor_actrtn12m,matrix,99,"Percent change in stock price over the past 12 months, measured with a 1-month lag to avoid lookahead bias",Matrix,100,5,USA,TOP3000,1
mdl177_pricemomentumfactor_actrtn12m_alt,matrix,99,Percent change in stock price from month t-13 to month t-1,Matrix,100,62,USA,TOP3000,1
mdl177_pricemomentumfactor_actrtn18m,matrix,96,"Percent change in stock price from 19 months ago to 1 month ago (18-month active return, lagged)",Matrix,100,17,USA,TOP3000,1
mdl177_pricemomentumfactor_actrtn18m_alt,matrix,96,Percent change in stock price from month t-19 to month t-1,Matrix,100,17,USA,TOP3000,1
mdl177_pricemomentumfactor_actrtn1m,matrix,100,Percent change in stock price in last month,Matrix,100,70,USA,TOP3000,1
mdl177_pricemomentumfactor_actrtn1m_alt,matrix,100,Percent change in stock price from month t-1 to month t,Matrix,100,21,USA,TOP3000,1
mdl177_pricemomentumfactor_actrtn24m,matrix,93,"Percent change in stock price over the past 24 months, measured with a 1-month lag to avoid lookahead bias",Matrix,100,19,USA,TOP3000,1
mdl177_pricemomentumfactor_actrtn24m_alt,matrix,93,Percent change in stock price from month t-25 to month t-1,Matrix,100,20,USA,TOP3000,1
mdl177_pricemomentumfactor_actrtn2m,matrix,100,Percent change in stock price over last 2 months,Matrix,100,36,USA,TOP3000,1
mdl177_pricemomentumfactor_actrtn2m_alt,matrix,100,Percent change in stock price from month t-2 to month t,Matrix,100,17,USA,TOP3000,1
mdl177_pricemomentumfactor_actrtn36m,matrix,88,"Percent change in stock price from 37 months ago to 1 month ago (36-month active return, lagged)",Matrix,100,20,USA,TOP3000,1
mdl177_pricemomentumfactor_actrtn36m_alt,matrix,88,Percent change in stock price from month t-37 to month t-1,Matrix,100,26,USA,TOP3000,1
mdl177_pricemomentumfactor_actrtn3m,matrix,100,Percent change in stock price over last 3 months,Matrix,100,17,USA,TOP3000,1
mdl177_pricemomentumfactor_actrtn3m_alt,matrix,100,Percent change in stock price from month t-3 to month t,Matrix,100,37,USA,TOP3000,1
mdl177_pricemomentumfactor_actrtn60m,matrix,80,"Percent change in stock price over the past 60 months (5 years), measured with a 1-month lag to avoid lookahead bias",Matrix,100,14,USA,TOP3000,1
mdl177_pricemomentumfactor_actrtn60m_alt,matrix,80,60-Month Active Return with 1-Month Lag; percent price change from month t-61 to month t-1,Matrix,100,15,USA,TOP3000,1
mdl177_pricemomentumfactor_actrtn6m,matrix,100,"Percent change in stock price over the past 6 months, measured with a 1-month lag to avoid lookahead bias",Matrix,100,11,USA,TOP3000,1
mdl177_pricemomentumfactor_actrtn6m_alt,matrix,100,Percent change in stock price from month t-7 to month t-1,Matrix,100,38,USA,TOP3000,1
mdl177_pricemomentumfactor_alpha60m,matrix,80,The intercept (alpha) from a regression of the stock's monthly returns against the S&P 500 over the past 60 months,Matrix,100,5,USA,TOP3000,1
mdl177_pricemomentumfactor_alpha60m_alt,matrix,80,60-Month Alpha; regression intercept of stock's monthly return vs S&P 500 monthly return over last 60 months,Matrix,100,17,USA,TOP3000,1
mdl177_pricemomentumfactor_chg6malpha18m,matrix,94,Nominal change in 18-month alpha over past 6 months,Matrix,100,3,USA,TOP3000,1
mdl177_pricemomentumfactor_chg6malpha18m_alt,matrix,94,"6-Month Nominal Change in 18-Month Alpha; the change during the last 6 months of a stock’s 18-month alpha, where alpha is the regression intercept of stock's monthly return vs S&P 500 over 18 months",Matrix,100,12,USA,TOP3000,1
mdl177_pricemomentumfactor_chgalpha12m,matrix,96,Change in 12-month alpha (regression intercept) over the past 6 months,Matrix,100,2,USA,TOP3000,1
mdl177_pricemomentumfactor_chgalpha12m_alt,matrix,97,"6-Month Nominal Change in 12-Month Alpha; 6-month change in 12-month alpha, regression intercept of monthly return vs S&P 500",Matrix,100,25,USA,TOP3000,1
mdl177_pricemomentumfactor_chgalpha36m,matrix,86,6-month change in the 36-month alpha (regression intercept) of the stock,Matrix,100,8,USA,TOP3000,1
mdl177_pricemomentumfactor_chgalpha36m_alt,matrix,86,"The 6-month nominal change in a stock’s 36-month alpha, calculated as the difference in regression intercept (monthly stock return vs. S&P 500) over the past 36 months",Matrix,100,9,USA,TOP3000,1
mdl177_pricemomentumfactor_chgvolpre4y,matrix,80,Change in average trading volume over the previous 4 years (compares recent and past activity),Matrix,100,62,USA,TOP3000,1
mdl177_pricemomentumfactor_chgvolpre4y_alt,matrix,80,Change in the most recent 6-month moving average of monthly turnover ratio compared to the 12-month moving average of monthly turnover ratio from 4 years ago,Matrix,100,182,USA,TOP3000,1
mdl177_pricemomentumfactor_cvpre90dp,matrix,100,CV of Prior 90-Day Closing Prices,Matrix,100,98,USA,TOP3000,1
mdl177_pricemomentumfactor_cvpre90dp_alt,matrix,100,Coefficient of variation of the last 90 closing prices: standard deviation divided by mean of those prices,Matrix,100,58,USA,TOP3000,1
mdl177_pricemomentumfactor_ff10mrtn,matrix,99,"Fama-French momentum factor (return over 10 months, often lagged by 2 months, standard risk factor)",Matrix,100,7,USA,TOP3000,1
mdl177_pricemomentumfactor_ff10mrtn_alt,matrix,99,"Fama-French Momentum; percent change in price from month t-12 to t-2, a standard momentum factor definition",Matrix,100,16,USA,TOP3000,1
mdl177_pricemomentumfactor_high52w,matrix,100,Ratio of the current (month-end) price to the highest monthly closing price in the past 12 months,Matrix,100,33,USA,TOP3000,1
mdl177_pricemomentumfactor_high52w_alt,matrix,100,52-Week High; month-end price divided by the highest monthly close in past 12 months,Matrix,100,31,USA,TOP3000,1
mdl177_pricemomentumfactor_indrelrtn4w_,matrix,100,"Industry-relative return over the last 4 weeks: stock's return minus industry average, deflated by industry standard deviation",Matrix,100,25,USA,TOP3000,1
mdl177_pricemomentumfactor_indrelrtn4w__alt,matrix,100,"Stock’s return in last 4 weeks minus industry average return over the same period, standardized by industry return standard deviation",Matrix,100,29,USA,TOP3000,1
mdl177_pricemomentumfactor_indrelrtn5d_,matrix,100,"Industry-relative return over last 5 days: stock's return minus industry average, deflated by industry standard deviation",Matrix,100,109,USA,TOP3000,1
mdl177_pricemomentumfactor_indrelrtn5d__alt,matrix,100,"5-day industry-relative return; stock's return over last 5 days minus industry average, standardized by industry return standard deviation",Matrix,100,145,USA,TOP3000,1
mdl177_pricemomentumfactor_normalmf60d,matrix,100,60-Day Normalized Money Flow,Matrix,100,14,USA,TOP3000,1
mdl177_pricemomentumfactor_normalmf60d_alt,matrix,100,60-Day Normalized Money Flow,Matrix,100,44,USA,TOP3000,1
mdl177_pricemomentumfactor_p50_200ratio,matrix,100,Ratio of price at 50-day mark to price at 200-day mark (momentum or moving average crossover),Matrix,100,11,USA,TOP3000,1
mdl177_pricemomentumfactor_p50_200ratio_alt,matrix,100,50-200 Day Stock Price Ratio; moving average over last 50 days divided by moving average over last 200 days,Matrix,100,10,USA,TOP3000,1
mdl177_pricemomentumfactor_pc_ratio,matrix,96,Put/Call Ratio: Ratio between traded put and call option volumes (sentiment indicator),Matrix,100,30,USA,TOP3000,1
mdl177_pricemomentumfactor_pc_ratio_alt,matrix,96,"Put/Call Ratio; ratio of put options to call options traded, typically a sentiment/contrarian signal",Matrix,100,39,USA,TOP3000,1
mdl177_pricemomentumfactor_pctabv260low,matrix,100,Percent the current price is above the lowest trading price in the past 260 days,Matrix,100,50,USA,TOP3000,1
mdl177_pricemomentumfactor_pctabv260low_alt,matrix,100,The ratio of a stock's current closing price to its lowest daily low price over the last 260 trading days,Matrix,100,116,USA,TOP3000,1
mdl177_pricemomentumfactor_po4_52,matrix,98,Price oscillator measuring difference or momentum between 4-week and 52-week price trends,Matrix,100,11,USA,TOP3000,1
mdl177_pricemomentumfactor_po4_52_alt,matrix,98,4-52 Week Price Oscillator,Matrix,100,22,USA,TOP3000,1
mdl177_pricemomentumfactor_pr_1536,matrix,100,Ratio of price over the last 15 weeks versus last 36 weeks (a momentum indicator),Matrix,100,59,USA,TOP3000,1
mdl177_pricemomentumfactor_pr_1536_alt,matrix,100,15/36 Week Stock Price Ratio; moving average of a stock’s price over the last 15 weeks divided by the moving average over the last 36 weeks,Matrix,100,35,USA,TOP3000,1
mdl177_pricemomentumfactor_pr_30w75w,matrix,97,"Ratio of the 30-week moving average price to the 75-week moving average price, indicating short vs long-term momentum",Matrix,100,5,USA,TOP3000,1
mdl177_pricemomentumfactor_pr_30w75w_alt,matrix,97,30-75 Week Stock Price Ratio; moving average of a stock’s prices over the last 30 weeks divided by moving average over the last 75 weeks,Matrix,100,9,USA,TOP3000,1
mdl177_pricemomentumfactor_pvt51w,matrix,99,"Volume Price Trend indicator over the past 51 weeks, calculated with a 4-week lag; combines price change and volume to assess momentum",Matrix,100,30,USA,TOP3000,1
mdl177_pricemomentumfactor_pvt51w_alt,matrix,99,51-Week Volume Price Trend with 4-week Lag; price-volume trend indicator calculated over 51 weeks with a 4-week lag,Matrix,100,38,USA,TOP3000,1
mdl177_pricemomentumfactor_rationalalpha,matrix,99,Rational Decay Alpha,Matrix,100,52,USA,TOP3000,1
mdl177_pricemomentumfactor_rationalalpha_alt,matrix,99,"Rational Decay Alpha; market-adjusted 12-month excess return regression intercept, using a decay-weighted function",Matrix,100,42,USA,TOP3000,1
mdl177_pricemomentumfactor_relpricestrength_,matrix,98,"Industry-adjusted 12-month price strength: stock's 12-month price strength minus the industry mean, deflated by industry standard deviation",Matrix,100,26,USA,TOP3000,1
mdl177_pricemomentumfactor_relpricestrength__alt,matrix,98,"Industry-adjusted 12-month Relative Price Strength; stock's 12-month relative strength minus industry average, divided by industry std dev",Matrix,100,31,USA,TOP3000,1
mdl177_pricemomentumfactor_rsi26w,matrix,100,"Relative Strength Index over 26 weeks (price momentum indicator, compares current price to price 26 weeks ago)",Matrix,100,7,USA,TOP3000,1
mdl177_pricemomentumfactor_rsi26w_alt,matrix,100,"26-Week Relative Price Strength; most recent closing price divided by that of 26 weeks ago, showing long-term momentum",Matrix,100,33,USA,TOP3000,1
mdl177_pricemomentumfactor_rtn2nd6m,matrix,99,"Return over the second most recent 6-month period (i.e., 6-12 months ago)",Matrix,100,19,USA,TOP3000,1
mdl177_pricemomentumfactor_rtn2nd6m_alt,matrix,99,Second Preceding 6-month Return; price percent change from month t-12 to month t-7,Matrix,100,9,USA,TOP3000,1
mdl177_pricemomentumfactor_rtn39w,matrix,100,Return over 39 weeks with a 4-week lag (measures momentum over medium term),Matrix,100,9,USA,TOP3000,1
mdl177_pricemomentumfactor_rtn39w_alt,matrix,100,39-Week Return with 4-week Lag; stock price change from week t-43 to week t-4,Matrix,100,15,USA,TOP3000,1
mdl177_pricemomentumfactor_sharpe36m,matrix,93,"Sharpe Ratio for the asset, calculated over a 36-month period (risk-adjusted return for given volatility over 3 years)",Matrix,100,35,USA,TOP3000,1
mdl177_pricemomentumfactor_sharpe36m_alt,matrix,93,36-Month Sharpe Ratio; a measure of risk-adjusted return calculated over the past 36 months by dividing average excess return by the standard deviation of returns,Matrix,100,26,USA,TOP3000,1
mdl177_pricemomentumfactor_skew90cortn,matrix,100,Skewness of excess daily returns (relative to benchmark) during past 90 days,Matrix,100,94,USA,TOP3000,1
mdl177_pricemomentumfactor_skew90cortn_alt,matrix,100,Skewness of 90-Day Stock Daily Excess Returns; skewness of daily excess (over S&P 500) returns in last 90 days,Matrix,100,38,USA,TOP3000,1
mdl177_pricemomentumfactor_skew90drtn,matrix,100,Skewness of daily returns over the last 90 days (measures asymmetry of return distribution),Matrix,100,60,USA,TOP3000,1
mdl177_pricemomentumfactor_skew90drtn_alt,matrix,100,Skewness of 90-Day Stock Daily Returns; statistical skewness (3*(mean-median)/std) of stock's daily returns over last 90 days,Matrix,100,15,USA,TOP3000,1
mdl177_pricemomentumfactor_slope52wp,matrix,99,Slope of trend line for stock price over the last 52 weeks (strength and direction of long-term price trend),Matrix,100,23,USA,TOP3000,1
mdl177_pricemomentumfactor_slope52wp_alt,matrix,99,The 4-week lagged slope coefficient from the least squares regression of a stock’s closing price against time over the last 52 weeks,Matrix,100,13,USA,TOP3000,1
mdl177_pricemomentumfactor_slope66wp,matrix,98,"Slope coefficient of least squares regression of weekly closing price over the past 66 weeks, lagged by 4 weeks",Matrix,100,7,USA,TOP3000,1
mdl177_pricemomentumfactor_slope66wp_alt,matrix,98,Slope of 66 Week Price Trend Line; 4-week lagged slope coefficient from least squares regression of last 66 weeks' closing prices versus time,Matrix,100,13,USA,TOP3000,1
mdl177_pricemomentumfactor_sortinoratio,matrix,93,"Sortino ratio, measuring risk-adjusted return using downside deviation rather than total volatility",Matrix,100,19,USA,TOP3000,1
mdl177_pricemomentumfactor_sortinoratio_alt,matrix,93,"Sortino Ratio; risk-adjusted return similar to Sharpe but penalizes only downside volatility, over unspecified period",Matrix,100,14,USA,TOP3000,1
mdl177_pricemomentumfactor_tstalp,matrix,99,"1-year price momentum indicator (e.g., correlation of daily log prices over 260 trading days)",Matrix,100,18,USA,TOP3000,1
mdl177_pricemomentumfactor_tstalp_alt,matrix,99,"1-Year Price Momentum Indicator; correlation of daily log prices over last 260 days, scaled to measure trend strength",Matrix,100,9,USA,TOP3000,1
mdl177_pricemomentumfactor_var24m,matrix,94,"Value at Risk (VaR) calculated over the past 24 months, representing potential loss over that horizon at a specified confidence level",Matrix,100,13,USA,TOP3000,1
mdl177_pricemomentumfactor_var24m_alt,matrix,94,"24-Month Value at Risk; minimum (worst) monthly price return over the last 20 months, a measure of downside risk",Matrix,100,25,USA,TOP3000,1
mdl177_pricemomentumfactor_varresirtn,matrix,89,Variance of residual returns over past 24 months (measures risk not explained by common factors),Matrix,100,72,USA,TOP3000,1
mdl177_pricemomentumfactor_varresirtn_alt,matrix,89,"Variance of the stock’s monthly residual return over the last 24 months, where residual return is the stock’s monthly return minus the product of its proprietary 60-month Beta and the S&P 500 return",Matrix,100,12,USA,TOP3000,1
mdl177_pricemomentumfactor_visiratio,matrix,100,Visibility Ratio: recent daily volume divided by average daily volume over prior 50 days (trading activity indicator),Matrix,100,188,USA,TOP3000,1
mdl177_pricemomentumfactor_visiratio_alt,matrix,100,Visibility Ratio; most recent daily trading volume divided by average daily trading volume in prior 50 trading days,Matrix,100,213,USA,TOP3000,1
mdl177_pricemomentumfactor_volpre6m,matrix,100,Average trading volume over the preceding 6 months (trading activity measure),Matrix,100,239,USA,TOP3000,1
mdl177_pricemomentumfactor_volpre6m_alt,matrix,100,"6-month moving average of average monthly turnover ratio; measures trading volume normalized by shares outstanding, averaged over the past 6 months",Matrix,100,187,USA,TOP3000,1
mdl177_put_put_capmod,matrix,45,"Capital strength module, a composite score measuring a company's financial strength and capital adequacy",Matrix,100,6,USA,TOP3000,1
mdl177_put_put_capmod_alt,matrix,47,"A composite/module summarizing capital strength factors (e.g. leverage, capital ratios)",Matrix,100,7,USA,TOP3000,1
mdl177_put_put_cashburn,matrix,48,"Cash burn rate, indicating the rate at which a company is spending its cash reserves",Matrix,100,9,USA,TOP3000,1
mdl177_put_put_cashburn_alt,matrix,51,"Rate at which a company spends cash, e.g. negative free cash flow in a period",Matrix,100,8,USA,TOP3000,1
mdl177_put_put_chgalpha,matrix,53,"Six-month alpha change rank, ranking stocks by change in alpha (excess return over benchmark) over the latest six months",Matrix,100,10,USA,TOP3000,1
mdl177_put_put_chgalpha_alt,matrix,55,Ranked change in alpha (risk-adjusted excess return) over a six-month period,Matrix,100,4,USA,TOP3000,1
mdl177_put_put_chgoll,matrix,45,"Change in operating liability leverage, measuring how a company's operating liabilities leverage has changed over a given period",Matrix,100,4,USA,TOP3000,1
mdl177_put_put_chgoll_alt,matrix,47,Change in operating liability leverage over a given period,Matrix,100,3,USA,TOP3000,1
mdl177_put_put_chshrs,matrix,56,"Percentage change in shares outstanding, tracking how the total number of a company's shares has changed over time",Matrix,100,34,USA,TOP3000,1
mdl177_put_put_chshrs_alt,matrix,59,Percent change in shares outstanding over a specific period,Matrix,100,36,USA,TOP3000,1
mdl177_put_put_composite,matrix,55,Custom small cap composite score aggregating several signals relevant to small-cap stocks,Matrix,100,9,USA,TOP3000,1
mdl177_put_put_composite_alt,matrix,57,"A custom composite signal designed for small-cap stocks, combining multiple factors",Matrix,100,36,USA,TOP3000,1
mdl177_put_put_dypeg,matrix,36,Reciprocal of Dividend Yield-adjusted PEG,Matrix,100,6,USA,TOP3000,1
mdl177_put_put_dypeg_alt,matrix,40,Inverse of a PEG ratio adjusted for dividend yield; used for value/growth analysis,Matrix,100,17,USA,TOP3000,1
mdl177_put_put_equality,matrix,50,"Earnings quality rank, a score or rank assessing the reliability and sustainability of a company's reported earnings",Matrix,100,38,USA,TOP3000,1
mdl177_put_put_equality_alt,matrix,52,"Rank or score indicating the quality of earnings (e.g., sustainability, reliability)",Matrix,100,12,USA,TOP3000,1
mdl177_put_put_indepsp,matrix,56,"Industry-relative core earnings per share to price ratio, comparing normalized/core EPS-to-price relative to peers in the same industry",Matrix,100,47,USA,TOP3000,1
mdl177_put_put_indepsp_alt,matrix,59,Industry-relative core earnings per share to price ratio,Matrix,100,4,USA,TOP3000,1
mdl177_put_put_indestep,matrix,55,"Industry-relative leading (estimated forward) EPS-to-price ratio, comparing a stock's forward earnings to price, relative to industry peers",Matrix,100,11,USA,TOP3000,1
mdl177_put_put_indestep_alt,matrix,58,Industry-relative leading 4 quarters' estimated EPS to price ratio,Matrix,100,4,USA,TOP3000,1
mdl177_put_put_indfcfp,matrix,53,"Industry-relative free cash flow to price ratio, measuring a company's free cash flow compared to price, adjusted relative to its industry peers",Matrix,100,7,USA,TOP3000,1
mdl177_put_put_indfcfp_alt,matrix,55,Industry-relative ratio of free cash flow to price,Matrix,100,4,USA,TOP3000,1
mdl177_put_put_indroe,matrix,56,"Industry-relative return on equity, comparing a company's ROE to its industry average",Matrix,100,12,USA,TOP3000,1
mdl177_put_put_indroe_alt,matrix,59,Industry-relative return on equity; how a stock's ROE compares to its industry,Matrix,100,9,USA,TOP3000,1
mdl177_put_put_momod,matrix,56,Momentum Module,Matrix,100,47,USA,TOP3000,1
mdl177_put_put_momod_alt,matrix,58,Momentum composite or module aggregating multiple momentum-related signals,Matrix,100,12,USA,TOP3000,1
mdl177_put_put_opincev,matrix,55,"Operating income to enterprise value ratio, a valuation metric comparing operating profitability to total firm value",Matrix,100,15,USA,TOP3000,1
mdl177_put_put_opincev_alt,matrix,57,"Ratio of operating income to enterprise value, indicating operating profitability relative to valuation",Matrix,100,44,USA,TOP3000,1
mdl177_put_put_qualmod,matrix,50,"Quality module, an aggregated signal evaluating aspects of profitability, stability, and other quality factors",Matrix,100,56,USA,TOP3000,1
mdl177_put_put_qualmod_alt,matrix,52,A composite or module aggregating various quality-related financial indicators,Matrix,100,32,USA,TOP3000,1
mdl177_put_put_siratio,matrix,56,"Short interest ratio, measuring the relative amount of shares shorted compared to available shares or average daily volume",Matrix,100,67,USA,TOP3000,1
mdl177_put_put_siratio_alt,matrix,59,Ratio of shares sold short to total shares outstanding or float,Matrix,100,53,USA,TOP3000,1
mdl177_put_put_strevconf,matrix,55,"Street revision confidence, measuring analyst confidence or consensus in recent earnings or revenue estimate revisions",Matrix,100,7,USA,TOP3000,1
mdl177_put_put_strevconf_alt,matrix,57,"Confidence in street (analyst) earnings revisions, likely a score or rank",Matrix,100,6,USA,TOP3000,1
mdl177_put_put_sucf,matrix,50,"Standardized unexpected cash flow, indicating the magnitude of cash flow that deviated from expectations, standardized across the universe",Matrix,100,2,USA,TOP3000,1
mdl177_put_put_sucf_alt,matrix,52,"Standardized measure of unexpected (surprise) cash flow, normalized across stocks",Matrix,100,2,USA,TOP3000,1
mdl177_put_put_totcov,matrix,39,Total Coverage,Matrix,100,7,USA,TOP3000,1
mdl177_put_put_totcov_alt,matrix,42,Total Coverage,Matrix,100,3,USA,TOP3000,1
mdl177_put_put_valmod,matrix,56,"Composite valuation module, an aggregated signal or score representing several valuation metrics for the stock",Matrix,100,119,USA,TOP3000,1
mdl177_put_put_valmod_alt,matrix,59,A composite or module aggregating various valuation-related factors for the stock,Matrix,100,7,USA,TOP3000,1
mdl177_putput_capmod_alt,matrix,45,Capital Strength Module,Matrix,100,7,USA,TOP3000,1
mdl177_putput_cashburn_alt,matrix,48,"The rate at which a company is consuming cash or its cash resources, commonly used to assess financial health, especially for companies not currently profitable",Matrix,100,9,USA,TOP3000,1
mdl177_putput_chgalpha_alt,matrix,53,"The rank-based measure of change in a stock's six-month alpha, where alpha refers to performance relative to a benchmark",Matrix,100,8,USA,TOP3000,1
mdl177_putput_chgoll_alt,matrix,45,"Change in the company’s operating liability leverage, tracking shifts in the degree to which operating liabilities are used to finance assets",Matrix,100,7,USA,TOP3000,1
mdl177_putput_chshrs_alt,matrix,56,"Percent change in the company’s shares outstanding, indicating share buybacks, issuance, or dilution over a specific period",Matrix,100,33,USA,TOP3000,1
mdl177_putput_composite_alt,matrix,55,A composite factor signal combining various small-cap related signals to produce an overall measure for small cap stocks,Matrix,100,11,USA,TOP3000,1
mdl177_putput_dypeg_alt,matrix,36,Reciprocal of Dividend Yield-adjusted PEG,Matrix,100,11,USA,TOP3000,1
mdl177_putput_equality_alt,matrix,50,"A rank or score assessing the quality of a company’s earnings, possibly based on accruals, persistent profits, or other accounting metrics",Matrix,100,37,USA,TOP3000,1
mdl177_putput_indepsp_alt,matrix,56,"Industry-relative ratio of core Earnings Per Share to Price, comparing a stock’s EPS/Price to its industry peers",Matrix,100,4,USA,TOP3000,1
mdl177_putput_indestep_alt,matrix,55,"Industry-relative ratio of estimated four-quarter EPS to Price, benchmarking the stock’s forward earnings yield against its industry",Matrix,100,12,USA,TOP3000,1
mdl177_putput_indfcfp_alt,matrix,53,"Industry-relative ratio of Free Cash Flow to Price, comparing a stock’s FCF/Price to that of its industry peers",Matrix,100,6,USA,TOP3000,1
mdl177_putput_indroe_alt,matrix,56,"Industry-relative measure of Return on Equity, comparing the company’s ROE performance to its industry peers",Matrix,100,26,USA,TOP3000,1
mdl177_putput_momod_alt,matrix,56,"A composite or module measuring momentum, likely combining several short or medium-term price performance or technical factors",Matrix,100,5,USA,TOP3000,1
mdl177_putput_opincev_alt,matrix,55,"Ratio of operating income to enterprise value, a valuation and efficiency metric showing operational profitability relative to total firm value",Matrix,100,26,USA,TOP3000,1
mdl177_putput_qualmod_alt,matrix,50,Quality Module,Matrix,100,40,USA,TOP3000,1
mdl177_putput_siratio_alt,matrix,56,"Short Interest Ratio, typically the proportion of shares sold short compared to shares outstanding or trading volume, used as a crowding and sentiment gauge",Matrix,100,80,USA,TOP3000,1
mdl177_putput_strevconf_alt,matrix,55,"A signal measuring the confidence or consensus level in analyst or Street earnings revisions, indicating expected reliability of earnings changes",Matrix,100,7,USA,TOP3000,1
mdl177_putput_sucf_alt,matrix,50,Standardized Unexpected Cash Flow,Matrix,100,6,USA,TOP3000,1
mdl177_putput_totcov_alt,matrix,39,Total Coverage,Matrix,100,9,USA,TOP3000,1
mdl177_putput_valmod_alt,matrix,56,Valuation Module,Matrix,100,12,USA,TOP3000,1
mdl177_relativevaluemodel_capacq,matrix,98,"Capital Acquisition Ratio; trailing 12-month operating cash flow minus cash dividends, divided by total expenditures for the same period",Matrix,100,61,USA,TOP3000,1
mdl177_relativevaluemodel_fc_estep,matrix,100,Leading 12-Month Median Earnings Yield; calculated as next fiscal year median consensus earnings estimate divided by trading price,Matrix,100,253,USA,TOP3000,1
mdl177_relativevaluemodel_fmrelval,matrix,80,Fielitz & Muller Relative Intrinsic Value,Matrix,100,53,USA,TOP3000,1
mdl177_relativevaluemodel_roe,matrix,100,Return on Equity; trailing 12-month income before extraordinary items divided by average common equity during the same period,Matrix,100,102,USA,TOP3000,1
mdl177_relativevaluemodel_rvm_composite,matrix,100,"Composite score from the Relative Value Model, aggregating multiple relative value factors",Matrix,100,170,USA,TOP3000,1
mdl177_relativevaluemodel_ttmfcfp,matrix,100,Trailing Twelve Month Free Cash Flow-to-Price; trailing 12-month free cash flow per share divided by month-end trading price,Matrix,100,498,USA,TOP3000,1
mdl177_surpriseanalystmodel_qsa_composite,matrix,100,"Overall composite rank from the Surprise Analyst Model integrating estimate trend, efficiency, and other signals",Matrix,100,96,USA,TOP3000,1
mdl177_surpriseanalystmodel_qsa_efficiency,matrix,100,Fundamentals Rank,Matrix,100,183,USA,TOP3000,1
mdl177_surpriseanalystmodel_qsa_estexpect,matrix,100,Rank indicating the recent direction of analysts' earnings estimate revisions for the stock (upward vs downward),Matrix,100,96,USA,TOP3000,1
mdl177_surpriseanalystmodel_qsa_percent,matrix,100,Model-estimated probability (percent) that the company will deliver an earnings surprise versus analyst consensus,Matrix,100,103,USA,TOP3000,1
mdl177_surpriseanalystmodel_qsa_surpsn,matrix,100,Surprise Analyst Sector-Neutral Rank,Matrix,100,357,USA,TOP3000,1
mdl177_v1_400_abr,matrix,100,"Abnormal return around quarterly earnings release; measures stock's excess return in the event-window of earnings reports, likely relative to normal or market return",Matrix,100,28,USA,TOP3000,1
mdl177_v1_400_booklev,matrix,100,"Book Leverage: most recently reported quarterly total assets divided by book equity, indicating the leverage ratio using book values",Matrix,100,99,USA,TOP3000,1
mdl177_v1_400_capexast,matrix,100,Capital expenditure-to-total assets: trailing 12-month capital expenditures divided by total assets from most recent quarter,Matrix,100,143,USA,TOP3000,1
mdl177_v1_400_cashburnrate,matrix,93,Cash burn rate: negative of (cash from operations plus cash from investments) divided by (cash plus short-term investments); indicates rate at which company uses its liquidity,Matrix,100,84,USA,TOP3000,1
mdl177_v1_400_curindbp_,matrix,100,"Industry relative book-to-market ratio: stock's book-to-price ratio minus industry average, deflated by standard deviation for industry",Matrix,100,179,USA,TOP3000,1
mdl177_v1_400_curindebitdap_,matrix,99,"Industry relative trailing 12-month EBITDA-to-price ratio: stock's EBITDA-to-price minus industry average, deflated by industry standard deviation",Matrix,100,36,USA,TOP3000,1
mdl177_v1_400_curindep_,matrix,100,"Industry relative trailing 12-month EPS-to-price ratio: stock's EPS-to-price minus industry average, deflated by industry standard deviation for EPS-to-price",Matrix,100,16,USA,TOP3000,1
mdl177_v1_400_curindfcfp_,matrix,100,"Industry relative trailing 12-month free cash flow-to-price ratio: stock's FCF-to-price minus industry average, deflated by industry standard deviation",Matrix,100,33,USA,TOP3000,1
mdl177_v1_400_curindsp_,matrix,100,"Industry relative trailing 12-month sales-to-price ratio: stock's TTM sales-to-price minus industry average, deflated by industry standard deviation",Matrix,100,67,USA,TOP3000,1
mdl177_v1_400_fc_proformaep,matrix,96,Trailing 12-month pro forma earnings divided by trading price; earnings-to-price ratio using pro forma (adjusted) earnings,Matrix,100,120,USA,TOP3000,1
mdl177_v1_400_fy1epsskew,matrix,95,Skewness of the distribution of analysts' leading 12-month earnings per share (EPS) estimates for a stock; measures asymmetry in analyst forecasts,Matrix,100,32,USA,TOP3000,1
mdl177_v1_400_indrelrecd_,matrix,56,"Industry-adjusted doubtful account receivables: asset-adjusted annual doubtful receivables minus industry mean, deflated by industry standard deviation",Matrix,100,93,USA,TOP3000,1
mdl177_v1_400_indrelrtn4w_,matrix,100,"4-week industry relative return: stock's 4-week return minus industry average, deflated by industry standard deviation of 4-week returns",Matrix,100,25,USA,TOP3000,1
mdl177_v1_400_indrelrtn5d_,matrix,100,"5-day industry relative return: stock's return in last 5 days minus industry average, deflated by industry standard deviation of these returns",Matrix,100,119,USA,TOP3000,1
mdl177_v1_400_p50_200ratio,matrix,100,Ratio of 50-day moving average price to 200-day moving average price; a measure of short-term vs long-term momentum,Matrix,100,58,USA,TOP3000,1
mdl177_v1_400_pctchgqtrast,matrix,100,"Growth in total assets per share over the past year, comparing the latest reported quarterly total assets to those of four quarters ago",Matrix,100,78,USA,TOP3000,1
mdl177_v1_400_pcurlia,matrix,85,Current liabilities per share divided by closing price; measures proportion of liabilities relative to market value per share,Matrix,100,54,USA,TOP3000,1
mdl177_v1_400_pr_1536,matrix,100,Ratio of 15-week moving average price to 36-week moving average price for a stock; momentum indicator over medium and long-term periods,Matrix,100,134,USA,TOP3000,1
mdl177_v1_400_rdsale,matrix,43,R&D intensity: average research and development expenses over trailing 12 months divided by total sales in the same period,Matrix,100,17,USA,TOP3000,1
mdl177_v1_400_reinrate,matrix,98,"Reinvestment rate: trailing 12-month earnings per share before extra items, less trailing 12-month dividends per share by ex-date, divided by average book equity per share in the same period",Matrix,100,127,USA,TOP3000,1
mdl177_v1_400_roic,matrix,100,"Return on Invested Capital: trailing 12-month net income and interest expense divided by average invested capital (common equity, long-term debt, minority interest, preferred stock)",Matrix,100,62,USA,TOP3000,1
mdl177_v1_400_sucf,matrix,89,"Standardized unexpected cash flow; unexpected component of cash flow, likely measured relative to expectations or historical trend and standardized",Matrix,100,50,USA,TOP3000,1
mdl177_v1_400_sue,matrix,92,"Standardized unexpected earnings; measure of surprise in reported earnings relative to analyst forecasts, standardized by historical volatility",Matrix,100,63,USA,TOP3000,1
mdl177_v1_400_tobinq,matrix,100,Tobin's Q: market value of equity plus debt divided by total assets; assesses whether market values firm's assets higher or lower than their cost,Matrix,100,147,USA,TOP3000,1
mdl177_v1_400_ttmaccu,matrix,100,"Accounting accruals: trailing 12-month net income minus trailing 12-month operating cash flow, scaled by beginning total assets; measures quality of earnings",Matrix,100,142,USA,TOP3000,1
mdl177_v1_400_ttmsaleev,matrix,100,"TTM sales-to-enterprise value: trailing 12-month sales divided by most recent enterprise value (EV: market value of equity plus long-term/short-term debt, preferred stock, minority interest, minus cash & equivalents)",Matrix,100,76,USA,TOP3000,1
mdl177_v1_400_uar,matrix,89,"Unexpected change in accounts receivable: actual change in accounts receivable minus expected (prior year's closing balance multiplied by trailing 12-month sales growth), scaled by total assets",Matrix,100,135,USA,TOP3000,1
mdl177_v1_400_visiratio,matrix,100,Visibility ratio: most recent daily trading volume divided by average daily trading volume over previous 50 days; measures trading activity relative to norm,Matrix,100,291,USA,TOP3000,1
mdl177_v1_400_yoychgda,matrix,100,Year-over-year change in leverage: difference between most recent quarterly total liabilities as a percentage of total assets and the same percentage one year ago,Matrix,100,452,USA,TOP3000,1
mdl177_valanalystmodel_qva_alertrank,matrix,100,Alert Rank,Matrix,100,60,USA,TOP3000,1
mdl177_valanalystmodel_qva_balsht,matrix,100,Rank of balance sheet strength (cash and equivalents relative to market capitalization),Matrix,100,97,USA,TOP3000,1
mdl177_valanalystmodel_qva_capexdep,matrix,100,Capex to Depreciation Rank,Matrix,100,141,USA,TOP3000,1
mdl177_valanalystmodel_qva_cashflow,matrix,100,Rank of cash flow strength (free cash flow relative to market capitalization),Matrix,100,116,USA,TOP3000,1
mdl177_valanalystmodel_qva_chgacc,matrix,100,Change in Net Op Working Capital Rank,Matrix,100,424,USA,TOP3000,1
mdl177_valanalystmodel_qva_chgato,matrix,100,Change in Asset Turnover Rank,Matrix,100,58,USA,TOP3000,1
mdl177_valanalystmodel_qva_chginv,matrix,100,Change in Inventory Rank,Matrix,100,226,USA,TOP3000,1
mdl177_valanalystmodel_qva_composite,matrix,100,Composite rank integrating multiple Value Analyst factors,Matrix,100,191,USA,TOP3000,1
mdl177_valanalystmodel_qva_earnquality,matrix,100,Rank of earnings quality or stability,Matrix,100,103,USA,TOP3000,1
mdl177_valanalystmodel_qva_earnval,matrix,100,Earnings Valuation Rank,Matrix,100,57,USA,TOP3000,1
mdl177_valanalystmodel_qva_epmodule,matrix,100,Earnings Cyclicality Rank,Matrix,100,134,USA,TOP3000,1
mdl177_valanalystmodel_qva_finstmt,matrix,100,Financial Statement Rank,Matrix,100,171,USA,TOP3000,1
mdl177_valanalystmodel_qva_incstmt,matrix,100,Income Stmt Rank,Matrix,100,331,USA,TOP3000,1
mdl177_valanalystmodel_qva_invsentiment,matrix,100,Investor Sentiment Rank,Matrix,100,76,USA,TOP3000,1
mdl177_valanalystmodel_qva_mgtsignaling,matrix,100,Management Signaling Rank,Matrix,100,33,USA,TOP3000,1
mdl177_valanalystmodel_qva_pegy,matrix,100,Rank based on PEGY metric (Price/Earnings/Growth/Yield),Matrix,100,83,USA,TOP3000,1
mdl177_valanalystmodel_qva_shortfall,matrix,100,Rank related to earnings shortfalls (occurrence/size),Matrix,100,335,USA,TOP3000,1
mdl177_valanalystmodel_qva_valuation,matrix,100,Valuation Rank,Matrix,100,49,USA,TOP3000,1
mdl177_valanalystmodel_qva_yoychgdebt,matrix,100,Rank based on year-over-year change in debt issuance,Matrix,100,144,USA,TOP3000,1
mdl177_valanalystmodel_qva_yoychgshares,matrix,100,Rank based on year-over-year change in shares outstanding,Matrix,100,28,USA,TOP3000,1
mdl177_valueanalystmodel_qva_alertrank,matrix,100,Alert Rank,Matrix,100,79,USA,TOP3000,1
mdl177_valueanalystmodel_qva_alertrank_alt,matrix,100,Alert Rank,Matrix,100,63,USA,TOP3000,1
mdl177_valueanalystmodel_qva_balsht,matrix,100,"Rank of balance sheet strength, likely cash & equivalents to market cap",Matrix,100,55,USA,TOP3000,1
mdl177_valueanalystmodel_qva_balsht_alt,matrix,100,"Rank of balance sheet strength, typically cash and equivalents to market capitalization",Matrix,100,29,USA,TOP3000,1
mdl177_valueanalystmodel_qva_capexdep,matrix,99,Rank of ratio of capital expenditures to depreciation for the stock,Matrix,100,58,USA,TOP3000,1
mdl177_valueanalystmodel_qva_capexdep_alt,matrix,100,Rank based on the ratio of capital expenditures to depreciation,Matrix,100,76,USA,TOP3000,1
mdl177_valueanalystmodel_qva_cashflow,matrix,96,Rank of free cash flow relative to market cap for the stock,Matrix,100,99,USA,TOP3000,1
mdl177_valueanalystmodel_qva_cashflow_alt,matrix,99,Rank based on free cash flow relative to market capitalization,Matrix,100,149,USA,TOP3000,1
mdl177_valueanalystmodel_qva_chgacc,matrix,83,Rank of change in net operating working capital for the stock,Matrix,100,713,USA,TOP3000,1
mdl177_valueanalystmodel_qva_chgacc_alt,matrix,84,Rank of change in net operating working capital for a stock compared to peers,Matrix,100,775,USA,TOP3000,1
mdl177_valueanalystmodel_qva_chgato,matrix,100,Rank of the change in asset turnover for a stock compared to peers,Matrix,100,56,USA,TOP3000,1
mdl177_valueanalystmodel_qva_chgato_alt,matrix,100,"Rank of change in asset turnover, indicating shifts in efficiency of asset utilization",Matrix,100,55,USA,TOP3000,1
mdl177_valueanalystmodel_qva_chginv,matrix,92,Rank of change in inventory levels for the stock,Matrix,100,56,USA,TOP3000,1
mdl177_valueanalystmodel_qva_chginv_alt,matrix,93,Rank based on the change in inventory levels relative to other companies,Matrix,100,63,USA,TOP3000,1
mdl177_valueanalystmodel_qva_composite,matrix,100,Overall composite rank aggregating Value Analyst factors for the stock,Matrix,100,243,USA,TOP3000,1
mdl177_valueanalystmodel_qva_composite_alt,matrix,100,Overall composite rank summarizing multiple Value Analyst signals for a stock,Matrix,100,301,USA,TOP3000,1
mdl177_valueanalystmodel_qva_earnquality,matrix,100,Rank of the quality or sustainability of earnings,Matrix,100,104,USA,TOP3000,1
mdl177_valueanalystmodel_qva_earnquality_alt,matrix,100,"Rank of earnings quality, reflecting the reliability and sustainability of reported earnings",Matrix,100,75,USA,TOP3000,1
mdl177_valueanalystmodel_qva_earnval,matrix,100,"Rank of earnings valuation, likely earnings yield or related valuation metric",Matrix,100,49,USA,TOP3000,1
mdl177_valueanalystmodel_qva_earnval_alt,matrix,100,Rank based on earnings valuation metrics for the stock,Matrix,100,58,USA,TOP3000,1
mdl177_valueanalystmodel_qva_epmodule,matrix,100,Rank of earnings cyclicality measures for the stock,Matrix,100,126,USA,TOP3000,1
mdl177_valueanalystmodel_qva_epmodule_alt,matrix,100,"Rank of cyclicality measures of a company’s earnings, indicating earnings stability or volatility",Matrix,100,209,USA,TOP3000,1
mdl177_valueanalystmodel_qva_finstmt,matrix,100,Rank based on composite assessment of financial statements,Matrix,100,142,USA,TOP3000,1
mdl177_valueanalystmodel_qva_finstmt_alt,matrix,100,Rank based on a composite of multiple financial statement metrics,Matrix,100,96,USA,TOP3000,1
mdl177_valueanalystmodel_qva_incstmt,matrix,100,Rank based on operating income to enterprise value from income statement,Matrix,100,172,USA,TOP3000,1
mdl177_valueanalystmodel_qva_incstmt_alt,matrix,100,Rank based on a key income statement metric (operating income to enterprise value) compared to other stocks,Matrix,100,222,USA,TOP3000,1
mdl177_valueanalystmodel_qva_invsentiment,matrix,100,Rank of investor sentiment related to the stock,Matrix,100,42,USA,TOP3000,1
mdl177_valueanalystmodel_qva_invsentiment_alt,matrix,100,Rank reflecting investor sentiment signals for the stock,Matrix,100,40,USA,TOP3000,1
mdl177_valueanalystmodel_qva_mgtsignaling,matrix,100,"Rank of management signaling behaviors, such as insider buying/selling",Matrix,100,34,USA,TOP3000,1
mdl177_valueanalystmodel_qva_mgtsignaling_alt,matrix,100,"Rank based on management signaling signals (e.g., insider trading, guidance changes)",Matrix,100,44,USA,TOP3000,1
mdl177_valueanalystmodel_qva_pegy,matrix,100,"Rank based on PEGY (Price/Earnings to Growth & Yield), a valuation metric",Matrix,100,82,USA,TOP3000,1
mdl177_valueanalystmodel_qva_pegy_alt,matrix,100,"Rank based on Price/Earnings to Growth and Yield, combining valuation, growth, and yield metrics",Matrix,100,108,USA,TOP3000,1
mdl177_valueanalystmodel_qva_shortfall,matrix,100,Rank of earnings shortfall compared to expectations or historical norms,Matrix,100,194,USA,TOP3000,1
mdl177_valueanalystmodel_qva_shortfall_alt,matrix,100,Rank reflecting the degree to which earnings fall short of expectations or guidance,Matrix,100,253,USA,TOP3000,1
mdl177_valueanalystmodel_qva_valuation,matrix,100,Rank of the stock's valuation metrics relative to the universe,Matrix,100,69,USA,TOP3000,1
mdl177_valueanalystmodel_qva_valuation_alt,matrix,100,"Rank based on valuation metrics, such as book ratios and cash flow multiples",Matrix,100,78,USA,TOP3000,1
mdl177_valueanalystmodel_qva_yoychgdebt,matrix,100,Rank of year-over-year change in debt issuance for the stock,Matrix,100,29,USA,TOP3000,1
mdl177_valueanalystmodel_qva_yoychgdebt_alt,matrix,100,"Rank of year-over-year change in debt issuance, showing how much new debt a company has taken on",Matrix,100,42,USA,TOP3000,1
mdl177_valueanalystmodel_qva_yoychgshares,matrix,100,Rank of year-over-year change in shares outstanding for the stock,Matrix,100,23,USA,TOP3000,1
mdl177_valueanalystmodel_qva_yoychgshares_alt,matrix,100,Rank based on year-over-year change in shares outstanding,Matrix,100,44,USA,TOP3000,1
mdl177_valuemomemtummodel_earningsexpectationmodule,matrix,100,"Module capturing factors related to analyst or market expectations of future earnings, including consensus forecasts and changes",Matrix,100,229,USA,TOP3000,1
mdl177_valuemomemtummodel_earningspricelinkmodule,matrix,100,Earnings-Price Link Module,Matrix,100,42,USA,TOP3000,1
mdl177_valuemomemtummodel_earningsqualitymodule,matrix,100,"Module assessing the quality or sustainability of reported earnings, examining accruals, cash flow alignment, and persistence of profits",Matrix,100,48,USA,TOP3000,1
mdl177_valuemomemtummodel_earningsvaluationmodule,matrix,100,"Module comprising signals that measure valuation based on earnings, such as price-to-earnings or earnings yield ratios",Matrix,100,92,USA,TOP3000,1
mdl177_valuemomemtummodel_financialstatementmodule,matrix,100,"Module containing factors or signals derived from financial statements such as balance sheet, income statement, and cash flow statement",Matrix,100,105,USA,TOP3000,1
mdl177_valuemomemtummodel_investorsentimentmodule,matrix,100,"Module representing signals that capture investor sentiment, such as relative performance, short interest, analyst upgrades/downgrades, or flow data",Matrix,100,32,USA,TOP3000,1
mdl177_valuemomemtummodel_managementsignalingmodule,matrix,100,"Module containing signals derived from management actions that may signal future prospects, such as insider trades, guidance, buybacks, or other management communications",Matrix,100,53,USA,TOP3000,1
mdl177_valuemomemtummodel_pricemomentummodule,matrix,100,"Module focused on price momentum signals, reflecting trends or persistence in stock price movements over time",Matrix,100,44,USA,TOP3000,1
mdl177_valuemomemtummodel_reportedearningsmomentummodule,matrix,100,"Module tracking the momentum (trend, change, acceleration) in reported earnings, focusing on recent earnings announcements and their pattern",Matrix,100,293,USA,TOP3000,1
mdl177_valuemomemtummodel_vm_compositesn,matrix,100,Value Momentum Composite SN,Matrix,100,151,USA,TOP3000,1
mdl177_valuemomemtummodel_vma_composite,matrix,100,Primary composite score combining value and momentum modules/signals into a unified ranking for each stock,Matrix,100,245,USA,TOP3000,1
mdl177_vra2_dvm_composite,matrix,100,"Composite score measuring deep value characteristics for US equities, aggregating multiple valuation-related signals such as price-to-book, price-to-earnings, and other fundamental ratios",Matrix,100,261,USA,TOP3000,1
mdl177_vra2_qma_epsgrwth,matrix,99,"Ranking of earnings per share growth for US equities, representing the relative EPS growth signal among stocks in the universe",Matrix,100,178,USA,TOP3000,1
mdl177_vra_earningsqualitymodule,matrix,100,"A model-based, composite signal evaluating all aspects of a stock’s earnings quality, integrating various indicators into a single measure reflecting reliability and persistence of earnings",Matrix,100,46,USA,TOP3000,1
mdl177_vra_investorsentimentmodule,matrix,100,Investor Sentiment Module,Matrix,100,35,USA,TOP3000,1
mdl177_vra_managementsignalingmodule,matrix,100,Management Signaling Module,Matrix,100,40,USA,TOP3000,1
mdl177_vra_qma_epsgrwth,matrix,99,"A rank measure of a stock's earnings growth relative to peers, indicating how strong its earnings growth is compared to others in the universe",Matrix,100,129,USA,TOP3000,1
mdl177_vra_qsa_efficiency,matrix,100,"A quantitative ranking of a stock's fundamental efficiency, summarizing how well the company's financials reflect operational effectiveness and resource utilization",Matrix,100,270,USA,TOP3000,1
mdl177_vra_qva_earnquality,matrix,100,"A composite rank of earnings quality using multiple metrics such as earnings shortfall and inventory changes, reflecting the reliability and sustainability of reported earnings",Matrix,100,105,USA,TOP3000,1
mdl177_vra_qva_valuation,matrix,100,"A rank summarizing valuation metrics (e.g., price/book, price/earnings) to indicate how attractive a stock's valuation is compared to peers",Matrix,100,121,USA,TOP3000,1
mdl177_vra_surpriseforecastmodule,matrix,100,Surprise Forecaster Module,Matrix,100,293,USA,TOP3000,1
mdl77_2400_chg12msip,matrix,94,"12-Month Change in Short Interest Position: It is defined as the 12-month relative change in short interest position (SIP), where SIP is the number of shares sold short versus total shares outstanding.",Matrix,100,36,USA,TOP3000,1
mdl77_2400_chg12mtotdebt,matrix,98,"12-Month Change in Total Debt: It is defined as the 12-month relative change in total debt, where total debt is the sum of long-term and short-term debt.",Matrix,100,12,USA,TOP3000,1
mdl77_2400_chginvavgast,matrix,86,Change in Inventory to Average Assets: It is defined as the 12-month change in the quarterly total inventories scaled by the average of assets at the most recent quarter end and 4 quarters prior.,Matrix,100,28,USA,TOP3000,1
mdl77_2400_chgqtrepssurp,matrix,90,"Change in Real Earnings Surprise: It is defined as the change in quarterly earnings surprise (Actual EPS - Consensus Estimate EPS), scaled by the most recent closing price.",Matrix,100,56,USA,TOP3000,1
mdl77_2400_cpgspea2y,matrix,98,"2-Year Ahead EPS Growth Percentage Change: It is defined as a stock's most recent consensus analysts earnings forecast for fiscal year 2 minus the consensus forecast for year 1, divided by the consensus forecast for year 1.",Matrix,100,8,USA,TOP3000,1
mdl77_2400_ctpmto,matrix,79,The exponentially weighted put-to-call ratio for out-of-the-money options.,Matrix,100,2,USA,TOP3000,1
mdl77_2400_earnshortfall,matrix,97,"Earnings Shortfall: It is defined as the difference between reported accounting earnings and free cash flow, scaled by average assets.",Matrix,100,27,USA,TOP3000,1
mdl77_2400_ga,matrix,82,Aggregate Gamma: It is defined as the open interest weighted sum of the gamma for all options associated with a stock.,Matrix,100,175,USA,TOP3000,1
mdl77_2400_impvol,matrix,82,Implied Volatility: It is defined as the average implied volatility of the nearest-to-expiration at-the-money option contracts.,Matrix,100,4,USA,TOP3000,1
mdl77_2400_irttmsalesev,matrix,97,Stock's trailing 12-month sales-to-enterprise (SEV) value less the average of the SEVs of all stocks in the same industry deflated by the standard deviation of the SEVs of all stocks in the same relative universe.,Matrix,100,4,USA,TOP3000,1
mdl77_2400_md,matrix,76,"Distress Measure: It is defined as the financial distress model employed by Campbell, Hilscher, and Szilagyi (2008) and Chen and Zhang (2009).",Matrix,100,9,USA,TOP3000,1
mdl77_2400_pbroeresidual,matrix,79,"Price-to-Book Return-on-Equity Combination (PB-ROE): An adjustment to the classic price-to-book model incorporating firm growth, based on a variation of the model developed by Wilcox and Philips (2005).",Matrix,100,5,USA,TOP3000,1
mdl77_2400_rev3my1std,matrix,88,"The change in a stock's current analysts mean earnings estimate for fiscal year 1 less that of 3 months ago, scaled by the standard deviation of analyst forecasts as of 3 months ago.",Matrix,100,2,USA,TOP3000,1
mdl77_2400_rev3my2std,matrix,88,"3-M Revision in FY2 EPS Forecasts: Dispersion Relative: It is defined as the change in a stock's current analysts mean earnings estimate for fiscal year 2 less that of three months ago, scaled by the standard deviation of analyst forecasts as of three months ago.",Matrix,100,40,USA,TOP3000,1
mdl77_2400_rmi,matrix,83,"Volatility Spread: It is defined as the average implied volatility of the nearest-to-expiration at-the-money option contracts, minus the stock's annualized volatility of the previous 21-day log returns.",Matrix,100,1,USA,TOP3000,1
mdl77_2400_vefcomtt,matrix,98,TTM Operating Cash Flow-to-Enterprise Value: It is defined as the trailing 12-month operating cash flow per share for a stock divided by its per share Enterprise Value.,Matrix,100,92,USA,TOP3000,1
mdl77_2400_yen,matrix,93,"Normalized Earnings Yield: It is defined as the average of three normalized earnings calculated by ROE, NPM, and EPS FY2, scaled by price.",Matrix,100,55,USA,TOP3000,1
mdl77_25rel5ycoreepsp,matrix,70,5-yr Relative TTM Core Earnings-to-Price: It is defined as a stock's current trailing 12-month core earnings-to-price ratio (CoreEP) minus the average of the CoreEPs in the last 60 months scaled by the standard deviation of the CoreEPs over the same period.,Matrix,100,2,USA,TOP3000,1
mdl77_25saleicap,matrix,96,The trailing 12-month total revenues divided by the average of the invested capital in the same period.,Matrix,100,62,USA,TOP3000,1
mdl77_25yearrelativevaluefactor_rel5ybp,matrix,80,5-yr Relative Book-to-Market: It is defined as a stock's current book-to-market ratio (BP) minus the average of the BPs in the last 60 months scaled by the standard deviation of the BPs over the same period.,Matrix,100,4,USA,TOP3000,1
mdl77_25yearrelativevaluefactor_rel5ycfp,matrix,73,5-yr Relative TTM Cash Flow-to-Price: It is defined as a stock's current trailing 12-month cash flow-to-price ratio (CFP) minus the average of the CFPs in the last 60 months scaled by the standard deviation of the CFPs over the same period.,Matrix,100,23,USA,TOP3000,1
mdl77_25yearrelativevaluefactor_rel5ydivp,matrix,50,5-yr Relative TTM Dividend Yield: It is defined as a stock's current dividend yield (DivYield) minus the average of the DivYields in the last 60 months scaled by the standard deviation of the DivYields over the same period.,Matrix,100,1,USA,TOP3000,1
mdl77_25yearrelativevaluefactor_rel5yebitdap,matrix,59,"5-yr Relative TTM EBITDA-to-Price: It is defined as a stock's current trailing 12-month EBITDA per share-to-price ratio (EBITDAP) minus the average of the EBITDAPs in the last 60 months, scaled by the standard deviation of the EBITDAPs over the same period.",Matrix,100,50,USA,TOP3000,1
mdl77_25yearrelativevaluefactor_rel5yep,matrix,69,5-yr Relative TTM Earnings-to-Price: It is defined as a stock's current trailing 12-month earnings per share before extra items-to-price ratio (EP) minus the average of the EPs in the last 60 months scaled by the standard deviation of the EPs over the same period.,Matrix,100,2,USA,TOP3000,1
mdl77_25yearrelativevaluefactor_rel5yfcfp,matrix,63,5-yr Relative TTM Free Cash Flow-to-Price: It is defined as a stock's current trailing 12-month free cash flow-to-price ratio (FCFP) minus the average of the FCFPs in the last 60 months scaled by the standard deviation of the FCFPs over the same period.,Matrix,100,2,USA,TOP3000,1
mdl77_25yearrelativevaluefactor_rel5yocfp,matrix,64,5-yr Relative TTM Oper Cash Flow-to-Price: It is defined as a stock's current trailing 12-month operating cash flow-to-price ratio (OCFP) minus the average of the OCFPs in the last 60 months scaled by the standard deviation of the OCFPs over the same period.,Matrix,100,1,USA,TOP3000,1
mdl77_25yearrelativevaluefactor_rel5ysp,matrix,71,5-Yr Relative TTM Sales-to-Price: It is defined as a stock's current trailing 12-month sales-to-price ratio (SP) minus the average of the SPs in the last 60 months scaled by the standard deviation of the SPs over the same period.,Matrix,100,4,USA,TOP3000,1
mdl77_2_dvm_composite,matrix,94,Score based on a strategy that selects for stocks in a universe of stocks by comparing different financial metrics as a ratio.,Matrix,100,261,USA,TOP3000,1
mdl77_2_htwrgspe_amq,matrix,94,"Earnings Growth Rank: It is defined as the one-quarter change in a stock's trailing twelve-month earnings per share, scaled by its recent closing stock price (E/P).",Matrix,100,3,USA,TOP3000,1
mdl77_2ad,matrix,44,Total Debt to Total Assets: It is defined as the most recently reported total debt divided by total assets.,Matrix,100,1,USA,TOP3000,1
mdl77_2adverint,matrix,64,Advertising Intensity: It is defined as a stock's advertising expense in the last fiscal year divided by last fiscal year's sales.,Matrix,100,90,USA,TOP3000,1
mdl77_2am_amv,matrix,100,"Momentum Analyst II: This model is composed of 40% Price Momentum, 30% Fundamental Growth, 20% Reported Earnings Momentum, 10% Earnings Expectations.",Matrix,100,5,USA,TOP3000,1
mdl77_2amv,matrix,100,Score based on the equal-weighted average of the Momentum Analyst and Value Analyst ranks,Matrix,100,3,USA,TOP3000,1
mdl77_2av_amv,matrix,100,"Value Analyst II: This model is composed of 30% Financial Statement Valuation, 30% Earnings Quality, 20% Earnings Valuation, 10% Investor Sentiment, and 10% Management Signaling.",Matrix,100,40,USA,TOP3000,1
mdl77_2capacq,matrix,92,Capital Acquisition Ratio: It is defined as the trailing 12-month operating cash flow less the trailing 12-month cash dividends and then divided by the total expenditures in the same period.,Matrix,100,3,USA,TOP3000,1
mdl77_2capdistp,matrix,90,"The sum of trailing 1-year dividends for every share and the estimated trailing 1-year stock issued for each share, which is scaled by price.",Matrix,100,4,USA,TOP3000,1
mdl77_2ccacw,matrix,34,Working Capital Accruals: It equals to: Increase in Accounts Receivables + Increase in Inventory + Decrease in Accounts Payable and Accrued Liabilities + Decrease in Accrued Income Taxes + Increase (Decrease) in Assets (Liabilities).,Matrix,100,41,USA,TOP3000,1
mdl77_2chgreccast,matrix,36,YOY Chg in Acct Receivable to Current Assets: It is defined as the percent change in the most recent quarterly reported accounts receivable to current assets ratio from the ratio for the same quarter one year ago.,Matrix,100,1,USA,TOP3000,1
mdl77_2cusip_sedol,matrix,46,Unix modification time of raw file,Matrix,100,14,USA,TOP3000,1
mdl77_2deepvaluefactor_apemtt,matrix,97,An indicator that standardizes and compares relative share price between time periods and among companies.,Matrix,100,4,USA,TOP3000,1
mdl77_2deepvaluefactor_bpemtt,matrix,99,The company's performance in trailing 1-year before taking into account non-recurring gain or loss. Stock divided by its month-end trading price.,Matrix,100,7,USA,TOP3000,1
mdl77_2deepvaluefactor_cashp,matrix,91,Cash-to-Price: It is defined as the most recently reported cash and equivalents per share of a company divided by trading price.,Matrix,100,1,USA,TOP3000,1
mdl77_2deepvaluefactor_cashsev,matrix,91,Cash to Enterprise Value: It is defined as the total cash & equivalents divided by the sum of the market value of common equity and book value of long-term debt.,Matrix,100,122,USA,TOP3000,1
mdl77_2deepvaluefactor_coreepsp,matrix,98,"TTM Core Earnings-to-Price: It is defined as the trailing 12-month earnings per share from operations for a stock deflated by its trading price. This item excludes the cumulative effect of accounting change, discounted operations, extraordinary items, and special items.",Matrix,100,5,USA,TOP3000,1
mdl77_2deepvaluefactor_curep,matrix,94,Current Earnings Yield: It is defined as the sum of the most recently reported 3 quarters EPS and analysts' consensus earnings estimate for the current quarter divided by its price.,Matrix,100,47,USA,TOP3000,1
mdl77_2deepvaluefactor_divyield,matrix,92,TTM Dividend Yield: It is defined as the trailing 12-month dividends per share for a stock divided by its month-end trading price.,Matrix,100,2,USA,TOP3000,1
mdl77_2deepvaluefactor_ebitdaev,matrix,94,"TTM EBITDA-to-Enterprise Value: It is defined as the trailing 12-month earnings before interest, taxes, depreciation, and amortization for a stock deflated by its enterprise value (EV). EV = Equity Market Value + Long-term Debt + Short-term Debt + Preferred Stock + Minority Interest - Cash.",Matrix,100,4,USA,TOP3000,1
mdl77_2deepvaluefactor_ebitdap,matrix,95,"TTM EBITDA-to-Price: It is defined as the trailing 12-month earnings before interest, taxes, depreciation and amortization for a company divided by its month-end trading price.",Matrix,100,3,USA,TOP3000,1
mdl77_2deepvaluefactor_ebop,matrix,91,Edwards-Bell-Ohlson Value-to-Price: It is defined as a stock's valuation based on the Edwards-Bell-Ohlson (EBO) model deflated by its trading price. EBO is a modified dividend discount model that measures a firm's intrinsic value by comparing generated earnings to the cost of capital.,Matrix,100,11,USA,TOP3000,1
mdl77_2deepvaluefactor_estep,matrix,96,Leading 12-Month Median Earnings Yield: It is defined as the next fiscal year median consensus earnings estimate divided by trading price.,Matrix,100,8,USA,TOP3000,1
mdl77_2deepvaluefactor_indidivy,matrix,100,"Indicated Dividend Yield: It is defined as the last quarterly dividend declared multiplied by 4, scaled by month-end trading price. The dividend includes extras declared within the last 12 months.",Matrix,100,2,USA,TOP3000,1
mdl77_2deepvaluefactor_lumqca,matrix,85,Acquisition Multiple: It is defined as the most recent quarterly reported invested capital divided by the trailing 12-month EBITDA.,Matrix,100,23,USA,TOP3000,1
mdl77_2deepvaluefactor_nnastp,matrix,81,Net Current Assets-to-Price: It is defined as the current assets per share minus total liabilities per share divided by the price.,Matrix,100,4,USA,TOP3000,1
mdl77_2deepvaluefactor_past,matrix,98,Price-to-Total Assets: It is defined as a stock's month-end trading price divided by the most recent quarterly reported total assets per share.,Matrix,100,4,USA,TOP3000,1
mdl77_2deepvaluefactor_pb,matrix,98,Book-to-Market: It is defined as the most recently reported book value per share for a stock deflated by its month-end trading price.,Matrix,100,4,USA,TOP3000,1
mdl77_2deepvaluefactor_pedwf,matrix,96,Leading 12-Month Mean Earnings Yield: It is defined as the next 4-quarter's mean consensus earnings estimate divided by the price.,Matrix,100,10,USA,TOP3000,1
mdl77_2deepvaluefactor_pfcf,matrix,90,"Forward Free Cash Flow-to-Price: It is defined as the next 4-quarter's mean consensus earnings estimate plus trailing 12-month depreciation expense per share minus corresponding capital expenditures, divided by trading price.",Matrix,100,58,USA,TOP3000,1
mdl77_2deepvaluefactor_pfcfmtt,matrix,96,TTM Free Cash Flow-to-Price: It is defined as the trailing 12-month free cash flow per share for a stock divided by its month-end trading price. Free cash flow equals operating cash flow minus capital expenditures and cash dividends.,Matrix,100,3,USA,TOP3000,1
mdl77_2deepvaluefactor_pfcmtt,matrix,97,TTM Cash Flow-to-Price: It is defined as the trailing 12-month cash flows per share for a stock scaled by its trading price. Cash flow is defined as the reported net income plus depreciation.,Matrix,100,83,USA,TOP3000,1
mdl77_2deepvaluefactor_pfcomtt,matrix,96,TTM Operating Cash Flow-to-Price: It is defined as the trailing 12-month operating cash flow per share for a stock divided by its trading price.,Matrix,100,6,USA,TOP3000,1
mdl77_2deepvaluefactor_pfgmtt,matrix,89,TTM Growth Flow-to-Price: It is defined as the sum of trailing 12-month growth flow value per share for a stock divided by its month-end trading price. Growth flow is the sum of Research & Development expenses and reported net income.,Matrix,100,1,USA,TOP3000,1
mdl77_2deepvaluefactor_pqipmtt,matrix,98,The most recent trailing 12-month operating and nonoperating income per share before provisions for income taxes and minority interest for a stock deflated by its trading price.,Matrix,100,4,USA,TOP3000,1
mdl77_2deepvaluefactor_proformaep,matrix,93,TTM Pro Forma Earnings-to-Price: It is defined as the trailing 12-month earnings scaled by the trading price.,Matrix,100,8,USA,TOP3000,1
mdl77_2deepvaluefactor_psmtt,matrix,97,TTM Sales-to-Price: It is defined as the most recently reported trailing 12-month sales per share for a stock deflated by its month-end trading price.,Matrix,100,6,USA,TOP3000,1
mdl77_2deepvaluefactor_pvan,matrix,98,"Net Asset Value to Price: It is defined as the most recent book value of net assets per share (NAV) by the closing price. NAV is calculated in general form by taking the total assets of a company and subtracting the value of the company's intangible assets (goodwill, patents, etc.) minus current and long-term liabilities.",Matrix,100,5,USA,TOP3000,1
mdl77_2deepvaluefactor_ttmcapexp,matrix,95,TTM Capital Expenditures-to-Price: It is defined as the trailing 12-month capital expenditures per share for a stock divided by its trading price.,Matrix,100,74,USA,TOP3000,1
mdl77_2deepvaluefactor_ttmsaleev,matrix,96,TTM Sales-to-Enterprise Value: It is defined as the trailing 12-month sales for a stock divided by the most recent enterprise value (EV). EV = Equity Market Value + Long-term Debt + Short-term Debt + Preferred Stock + Minority Interest - Cash & Cash Equivalents.,Matrix,100,5,USA,TOP3000,1
mdl77_2deepvaluefactor_vefcfmtt,matrix,94,TTM Free Cash Flow-to-Enterprise Value: It is defined as the trailing 12-month free cash flow (FCF) for a stock scaled by its enterprise value (EV). EV = Equity Market Value + Long-term Debt + Short-term Debt + Preferred Stock + Minority Interest - Cash.,Matrix,100,5,USA,TOP3000,1
mdl77_2deepvaluefactor_vesspem21f,matrix,94,Forward 12-M EPS-to-Enterprise Value: It is defined as the consensus forward 12-month earnings per share forecast divided by the sum of market value of common equity per share and book value of long-term debt per share.,Matrix,100,7,USA,TOP3000,1
mdl77_2deepvaluefactor_ydp,matrix,76,Predicted Dividend Yield: It is defined as an assumed payout ratio multiplied by the next 4-quarter consensus earnings estimate divided by trading price. The payout ratio assumption is 10% + 84% * Payout Ratio in last year - 38% * consensus long-term earnings growth rate.,Matrix,100,7,USA,TOP3000,1
mdl77_2deepvaluemodel_chgshare,matrix,94,Percent Change in Shares Outstanding: It is defined as the percent change in a company's current number of outstanding shares as compared to the number of shares outstanding one year ago.,Matrix,100,43,USA,TOP3000,1
mdl77_2deepvaluemodel_indidivy,matrix,97,"Indicated Dividend Yield: It is defined as the last quarterly dividend declared multiplied by 4, scaled by month-end trading price. The dividend includes extras declared within the last 12 months.",Matrix,100,4,USA,TOP3000,1
mdl77_2deepvaluemodel_vefcfmtt,matrix,89,TTM Free Cash Flow-to-Enterprise Value: It is defined as the trailing 12-month free cash flow (FCF) for a stock scaled by its enterprise value (EV). EV = Equity Market Value + Long-term Debt + Short-term Debt + Preferred Stock + Minority Interest - Cash.,Matrix,100,2,USA,TOP3000,1
mdl77_2dv_currroe,matrix,95,Current Return On Equity,Matrix,100,2,USA,TOP3000,1
mdl77_2dv_yoychgat,matrix,89,YOY Chg in Asset Turnover: Year-over-year Change in Asset Turnover,Matrix,100,37,USA,TOP3000,1
mdl77_2dvm_composite,matrix,92,Deep Value Composite: Deep Value Composite Score,Matrix,100,1,USA,TOP3000,1
mdl77_2earningmomentumfactor400_dypeg,matrix,82,Reciprocal of Dividend Yield-adjusted PEG: It is defined as the reciprocal of a stock's forward 12-month P/E ratio divided by the total growth rate. The total growth rate is defined as the sum of the forecasted long-term growth rate and the indicated dividend yield.,Matrix,100,3,USA,TOP3000,1
mdl77_2earningmomentumfactor400_fcfroey1p,matrix,93,Product of TTM FCF Yield and Forward ROE: It is defined as the trailing 12-month free cash flow per share multiplied by the next 4-quarter consensus earnings forecasts divided by the most recently reported book value per share scaled by its trading price.,Matrix,100,92,USA,TOP3000,1
mdl77_2earningmomentumfactor400_fcus,matrix,84,"Standardized Unexpected Cash Flow: It is defined as the most recent quarterly operating cash flow minus that of 4 quarters ago, divided by the standard deviation of this difference over the preceding 8 quarters.",Matrix,100,1,USA,TOP3000,1
mdl77_2earningmomentumfactor400_fqsurstd,matrix,87,Most Recent Earnings Surprise: It is defined as the most recent quarterly earnings surprise (actual fiscal quarter EPS less the consensus earnings estimate) adjusted by the standard deviation of analyst forecasts.,Matrix,100,8,USA,TOP3000,1
mdl77_2earningmomentumfactor400_fy1epsskew,matrix,86,The skewness of the distribution of a series of leading 12-month earnings consensus estimates.,Matrix,100,39,USA,TOP3000,1
mdl77_2earningmomentumfactor400_gspea1q,matrix,91,1-Quarter Ahead EPS Growth: It is defined as a stock's most recent fiscal quarter consensus earnings forecast less the actual quarterly earnings recorded four quarters ago divided by its trading price.,Matrix,100,10,USA,TOP3000,1
mdl77_2earningmomentumfactor400_gspea1y,matrix,88,"1-Year Ahead EPS Growth: It is defined as the most recent consensus earnings forecast for the next 4-quarters minus the last 4-quarter's reported earnings, deflated by trading price.",Matrix,100,45,USA,TOP3000,1
mdl77_2earningmomentumfactor400_gspea2y,matrix,99,"2-Year Ahead EPS Growth: It is defined as the most recent consensus earnings forecast for fiscal year 2 minus the consensus earnings forecast for fiscal year 1, divided by trading price.",Matrix,100,87,USA,TOP3000,1
mdl77_2earningmomentumfactor400_gtl,matrix,92,Long-Term Growth Rate Estimates: It is defined as the consensus long-term growth forecast. It generally represents an expected annual increase in operating earnings over the company's next full business cycle.,Matrix,100,8,USA,TOP3000,1
mdl77_2earningmomentumfactor400_gtlm6ghc,matrix,89,6-M Change in Long-term Growth Estimates: It is defined as the percent change in the most recent mean consensus long-term growth forecast as compared to those of 6 months ago.,Matrix,100,4,USA,TOP3000,1
mdl77_2earningmomentumfactor400_lagegp,matrix,84,"Lagged Inverse of PEG Ratio: It is defined as the trailing 12-month earnings per share before extraordinary items times the change in yearly trailing 12-month sales per share growth rate, divided by trading price.",Matrix,100,41,USA,TOP3000,1
mdl77_2earningmomentumfactor400_mrspe,matrix,85,"Street Revision Magnitude: It is defined as the 3-month change in the median FY1 consensus earnings forecast, scaled by the current mean earnings estimate.",Matrix,100,1,USA,TOP3000,1
mdl77_2earningmomentumfactor400_numrevq1,matrix,96,"Net Number ofRevisions for Fiscal QTR 1: It is defined as the number of fiscal quarter 1 upward earnings forecast revisions less the number lowered within a month, divided by the total number of analyst forecasts.",Matrix,100,3,USA,TOP3000,1
mdl77_2earningmomentumfactor400_numrevy1,matrix,98,"Net Number ofRevisions for Fiscal Year 1: It is defined as the weighted average of the number of FY1 analyst earnings forecasts raised less the number lowered within a month, divided by the total number of analyst forecasts.",Matrix,100,4,USA,TOP3000,1
mdl77_2earningmomentumfactor400_pelh,matrix,97,"Street Revision Confidence: It is defined as the sum of the 3-month change in the highest and lowest FY1 earnings estimate, scaled by month-end trading price.",Matrix,100,10,USA,TOP3000,1
mdl77_2earningmomentumfactor400_perg,matrix,81,"Risk-adjusted PEG Ratio: It is defined as the stock price divided by the leading 12-month consensus earnings forecast, scaled by the average long-term growth rate estimate, and multiplied by the stock's 36-month beta.",Matrix,100,2,USA,TOP3000,1
mdl77_2earningmomentumfactor400_pge,matrix,83,Estimates on the next 1-year average earnings scaled by company's prospects on growth and its stock price.,Matrix,100,26,USA,TOP3000,1
mdl77_2earningmomentumfactor400_qepsferr,matrix,89,Prior Fiscal Quarter Forecast Error: It is defined as the difference between the actual earnings per share and consensus forecast scaled by the stock's price at the beginning of the quarter.,Matrix,100,4,USA,TOP3000,1
mdl77_2earningmomentumfactor400_ratrev6m,matrix,95,Street Rating Revision: It is defined as the 6-month average of the change in the average analyst recommendation tracked by,Matrix,100,1,USA,TOP3000,1
mdl77_2earningmomentumfactor400_rev1q1,matrix,96,"Revision in Fiscal QTR 1 EPS Forecasts: It is defined as the change in the current consensus earnings forecast for fiscal quarter 1 less the earnings forecast of 1 month ago, deflated by the trading price.",Matrix,100,2,USA,TOP3000,1
mdl77_2earningmomentumfactor400_rev3y1,matrix,97,"The change in the analysts' projection on company's performance for fiscal year 1 less that of 3 months ago, deflated by its price.",Matrix,100,1,USA,TOP3000,1
mdl77_2earningmomentumfactor400_rev3y2,matrix,97,"3-M Revision in FY2 EPS Forecasts: It is defined as the change in the current mean consensus earnings estimate for fiscal year 2 less that of three months ago, deflated by its trading price.",Matrix,100,1,USA,TOP3000,1
mdl77_2earningmomentumfactor400_rev6,matrix,96,"Averaged Last 6-M EPS Revisions for FY1: It is defined as the average of prior 6-month monthly changes in a stock's consensus analysts' earnings forecasts for fiscal year 1, scaled by previous month-end trading price.",Matrix,100,2,USA,TOP3000,1
mdl77_2earningmomentumfactor400_salesurp,matrix,83,"Sales Surprise: It is defined as the most recent reported quarterly sales minus consensus sales forecasts, divided by the standard deviation of sales forecasts.",Matrix,100,2,USA,TOP3000,1
mdl77_2earningmomentumfactor400_spe1yfvc,matrix,92,FY1 EPS Estimates Dispersion: It is defined as the standard deviation of analyst earnings estimates for fiscal year 1 divided by the mean consensus forecast.,Matrix,100,72,USA,TOP3000,1
mdl77_2earningmomentumfactor400_spe2yfvc,matrix,92,FY2 EPS Forecast Dispersion: It is defined as the standard deviation of analyst earnings estimates for fiscal year 2 divided by the mean consensus forecast.,Matrix,100,4,USA,TOP3000,1
mdl77_2earningmomentumfactor400_stdevfy1epsp,matrix,92,Std Dev of FY1 EPS Estimates-to-Price: It is defined as the standard deviation of analyst forecasts for fiscal year 1 earnings scaled by closing price.,Matrix,100,8,USA,TOP3000,1
mdl77_2earningmomentumfactor400_stdevfy2epsp,matrix,92,Std Dev of FY2 EPS Estimates-to-Price: It is defined as the standard deviation of analyst forecasts for fiscal year 2 earnings scaled by closing price.,Matrix,100,1,USA,TOP3000,1
mdl77_2earningmomentumfactor400_stockrating,matrix,99,Street Consensus Rating: It is defined as the consensus recommendation for a company.,Matrix,100,1,USA,TOP3000,1
mdl77_2earningmomentumfactor400_sue,matrix,88,"Standardized Unexpected Earnings: It is defined as the most recent quarterly earnings per share minus that of 4 quarters ago, divided by the standard deviation of this difference over the preceding 8 quarters.",Matrix,100,2,USA,TOP3000,1
mdl77_2earningmomentumfactor400_surp,matrix,92,"Real Earnings Surprise: It is defined as the difference between the actual earnings per share and consensus forecasts prior to the announcement date, scaled by price at the end of the quarter.",Matrix,100,1,USA,TOP3000,1
mdl77_2earningmomentumfactor400_y2repsg,matrix,96,"2-Year Projected EPS Growth: It is defined as the most recent consensus earnings forecast for fiscal year 2 minus the most recently reported fiscal year earnings, deflated by trading price.",Matrix,100,78,USA,TOP3000,1
mdl77_2earningmomentumfactor400_y3sur,matrix,79,"Volatility-adj 3-yr Projected EPS Growth: It is defined as the consensus earnings forecast for the current quarter minus the actual quarterly earnings 12 quarters ago, deflated by the standard deviation of the actual quarterly earnings.",Matrix,100,7,USA,TOP3000,1
mdl77_2earningsmomemtummodel_emm_composite,matrix,100,Model composition based on earnings momentum,Matrix,,82,USA,TOP3000,1
mdl77_2earningsmomemtummodel_fc_fcfroey1p,matrix,100,Product of TTM FCF Yield and Forward ROE: It is defined as the trailing 12-month free cash flow per share multiplied by the next 4-quarter consensus earnings forecasts divided by the most recently reported book value per share scaled by its trading price.,Matrix,,133,USA,TOP3000,1
mdl77_2earningsmomemtummodel_fc_fqsurstd,matrix,100,Most Recent Quarterly Earnings Surprise: It is defined as a stock's most recent quarterly earnings surprise (actual fiscal quarter EPS less the consensus earnings estimate) adjusted by the standard deviation of its analysts' individual earnings forecasts.,Matrix,,80,USA,TOP3000,1
mdl77_2earningsmomemtummodel_fc_numrevy1,matrix,100,"Net Number ofRevisions for Fiscal Year 1: It is defined as the weighted average of the number of FY1 analyst earnings forecasts raised less the number lowered within a month, divided by the total number of analyst forecasts.",Matrix,,106,USA,TOP3000,1
mdl77_2earningsmomemtummodel_fc_rev3y2,matrix,100,3-M Revision in FY2 EPS Forecasts: It is defined as the change in a stock's current analysts mean earnings estimate for fiscal year 2 less that of 3 months ago deflated by its month-end trading price.,Matrix,,50,USA,TOP3000,1
mdl77_2earningsmomemtummodel_fc_y2repsg,matrix,100,2-Year Projected EPS Growth: It is defined as a stock's most recent consensus analysts earnings forecast for fiscal year 2 minus the most recent reported fiscal year actual earnings tracked by and then deflated by its month-end trading price.,Matrix,,42,USA,TOP3000,1
mdl77_2earningsmomemtummodel_gtl,matrix,100,Long-Term Growth Rate Estimates: It is defined as the consensus long-term growth forecast. It generally represents an expected annual increase in operating earnings over the company's next full business cycle.,Matrix,,42,USA,TOP3000,1
mdl77_2earningsmomemtummodel_pge_cf,matrix,100,Estimates on the next 1-year average earnings scaled by company's prospects on growth and its stock price.,Matrix,,109,USA,TOP3000,1
mdl77_2earningsmomemtummodel_spe2yfvc_cf,matrix,100,FY2 EPS Forecast Dispersion: It is defined as the standard deviation of analyst earnings estimates for fiscal year 2 divided by the mean consensus forecast.,Matrix,,51,USA,TOP3000,1
mdl77_2earningsqualityfactor_ccacw,matrix,87,Working Capital Accruals: It equals to: Increase in Accounts Receivables + Increase in Inventory + Decrease in Accounts Payable and Accrued Liabilities + Decrease in Accrued Income Taxes + Increase (Decrease) in Assets (Liabilities).,Matrix,100,4,USA,TOP3000,1
mdl77_2earningsqualityfactor_chgsgasale,matrix,84,"Change in QTR SG&A Expenses vs Sales: It is defined as the difference between the yearly change in quarterly Selling, General and Administrative expenses and the yearly change in quarterly sales.",Matrix,100,3,USA,TOP3000,1
mdl77_2earningsqualityfactor_chgshare,matrix,96,Percent Change in Shares Outstanding: It is defined as the percent change in a company's current number of outstanding shares as compared to the number of shares outstanding one year ago.,Matrix,100,3,USA,TOP3000,1
mdl77_2earningsqualityfactor_cogsinvt,matrix,63,Change in TTM COGS vs Inventory Level: It is defined as the absolute value of the difference between the yearly percent change in trailing 12-month cost of goods sold and the yearly percent change in inventory level.,Matrix,100,17,USA,TOP3000,1
mdl77_2earningsqualityfactor_cre,matrix,82,Earnings Response Coefficient: It is defined as the slope coefficient between market-adjusted returns around the time of corporate earnings announcements and yearly change in quarterly actual earnings per share tracked by.,Matrix,100,4,USA,TOP3000,1
mdl77_2earningsqualityfactor_dpcapex,matrix,87,Change in TTM Depreciation vs CapEx: It is defined as the absolute value of the difference between the yearly percent change in trailing 12-month depreciation expense and the yearly percent change in trailing 12-month capital expenditure.,Matrix,100,180,USA,TOP3000,1
mdl77_2earningsqualityfactor_epschgetr,matrix,84,EPS from Change in Effective Tax Rate: It is defined as the trailing 12-month pre-tax income per share times the difference between most recent trailing 12-month effective tax rate and that of 4 quarters ago. The effective tax rate is defined as total tax expense divided by pre-tax income.,Matrix,100,2,USA,TOP3000,1
mdl77_2earningsqualityfactor_indrelrecd_,matrix,58,Industry-adjusted Doubtful Account Receivables: It is defined as a stock's asset-adjusted annual doubtful receivables minus the average of the receivables of all stocks in the same industry deflated by the standard deviation of these receivables.,Matrix,100,13,USA,TOP3000,1
mdl77_2earningsqualityfactor_lccau,matrix,64,Unexpected Change in Accrued Liabilities: It is defined as the difference between the most recent fiscal year's accrued liabilities and the expected accrued liabilities (multiplying the prior year's closing account balance by the growth in the trailing 12-month sales) scaled by the total assets.,Matrix,100,21,USA,TOP3000,1
mdl77_2earningsqualityfactor_opincltd,matrix,74,Change in TTM Oper Income vs LT Debt: It is defined as the difference between the yearly percent change in operating income and the yearly percent change in long-term debt.,Matrix,100,25,USA,TOP3000,1
mdl77_2earningsqualityfactor_pau,matrix,80,Unexpected Change in Accounts Payable: It is defined as the difference between current accounts payable and the expected level of accounts payable (multiplying the prior year's closing account balance by the growth in costs of goods sold in the trailing 12 months) scaled by the total assets.,Matrix,100,110,USA,TOP3000,1
mdl77_2earningsqualityfactor_pedu,matrix,90,Unexpected Change in Depreciation: It is defined as the difference between the trailing 12-month depreciation expenses and the expected level of depreciation expenses (multiplying the prior year's closing account balance by the growth in total fixed assets) scaled by the total assets.,Matrix,100,3,USA,TOP3000,1
mdl77_2earningsqualityfactor_rau,matrix,88,Unexpected Change in Accounts Receivable: It is defined as the difference between current accounts receivable and the expected level of accounts receivable (multiplying the prior year's closing account balance by the growth in sales in the trailing 12 months) scaled by the total assets.,Matrix,100,1,USA,TOP3000,1
mdl77_2earningsqualityfactor_saleeps,matrix,80,Change in TTM Sales vs. EPS: It is defined as the absolute value of the difference between the yearly percent change in trailing 12-month sales per share and the yearly percent change in trailing 12-month diluted earnings per share before extraordinary items.,Matrix,100,1,USA,TOP3000,1
mdl77_2earningsqualityfactor_salegpm,matrix,87,Change in QTR Sales vs Gross Margin: It is defined as the difference between the yearly change in most recent reported quarterly sales and the yearly change in the quarterly gross profit margin.,Matrix,100,2,USA,TOP3000,1
mdl77_2earningsqualityfactor_salerec,matrix,87,Change in TTM Sales vs Accounts Receivable: It is defined as the difference between the yearly percent change in trailing 12-month sales and the yearly percent change in accounts receivable.,Matrix,100,4,USA,TOP3000,1
mdl77_2earningsqualityfactor_spefcn,matrix,78,Change in TTM EPS vs Oper Cash Flows: It is defined as the absolute value of the difference between the yearly percent change in trailing 12-month operating cash flow per share and the yearly percent change in trailing 12-month diluted EPS before extraordinary items.,Matrix,100,33,USA,TOP3000,1
mdl77_2earningsqualityfactor_ttmaccu,matrix,96,Accounting Accruals: It is defined as the difference between the trailing 12-month net income and the trailing 12-month operating cash flow scaled by the beginning total assets.,Matrix,100,213,USA,TOP3000,1
mdl77_2earningsqualityfactor_vniu,matrix,75,The difference of inventory between present and expected levels.,Matrix,100,2,USA,TOP3000,1
mdl77_2earningsqualityfactor_yoychgaa,matrix,94,"Change in Accruals to Assets: It is defined as the trailing 12-month income before extra items less the trailing 12-month operating cash flow, then scaled by the average total assets, then minus the scaled difference for the same quarter one year ago.",Matrix,100,2,USA,TOP3000,1
mdl77_2ee_am_amv,matrix,100,The equal-weighted average of the Monthly Net Number of forward earnings yield (1) Estimate Revisions and 3-Month Revision in such Estimates.,Matrix,100,2,USA,TOP3000,1
mdl77_2exdisspi,matrix,93,"24-Month Unusual Items to Sales: It is defined as the sum of the absolute value of extraordinary items, discontinued operations, and special items in the prior 8 quarters scaled by the average of trailing 12-month sales in the same period.",Matrix,100,1,USA,TOP3000,1
mdl77_2fc_curindfwdep_,matrix,45,Industry Relative Leading 4-QTRs EPS to Price: It is defined as a stock's next 4-quarter's analysts consensus earnings estimates-to-price ratio (FwdEP) less the average of the FwdEPs of all stocks in the same industry deflated by the standard deviation of these FwdEPs,Matrix,100,1,USA,TOP3000,1
mdl77_2fc_dypeg,matrix,43,Reciprocal of Dividend Yield-adjusted PEG: It is defined as the reciprocal of a stock's forward 12-month P/E ratio divided by the total growth rate. The total growth rate is the sum of the forecasted long-term growth rate and the indicated dividend yield.,Matrix,100,1,USA,TOP3000,1
mdl77_2fc_ebop,matrix,40,Stock's valuation based on a model deflated by its month-end trading price. The model measures a firm's intrinsic value by comparing generated earnings to the cost of capital.,Matrix,100,25,USA,TOP3000,1
mdl77_2fc_fwdroe,matrix,44,Forward Return on Equity: It is defined as a stock's analysts earnings estimates for next four quarters divided by its most recent reported common equity per share.,Matrix,100,18,USA,TOP3000,1
mdl77_2fc_numest,matrix,46,The number of analysts' earnings estimates for fiscal year 1 for a stock.,Matrix,100,3,USA,TOP3000,1
mdl77_2fc_rel5yfwdep,matrix,40,5-yr Relative Leading 12-Month Earnings Yield: It is defined as a stock's current next 4-quarter's consensus analyst earnings forecasts-to-price ratio (FwdEP) minus the average of the FwdEPs ratio in the last 60 months scaled by the standard deviation of the FwdEPs over the same period.,Matrix,100,1,USA,TOP3000,1
mdl77_2fc_rev3y1,matrix,45,"The change in the analysts' projection on company's performance for fiscal year 1 less that of 3 months ago, deflated by its price.",Matrix,100,7,USA,TOP3000,1
mdl77_2fc_rev3y2,matrix,45,"3-M Revision in FY2 EPS Forecasts: It is defined as the change in the current mean consensus earnings estimate for fiscal year 2 less that of 3 months ago, deflated by its trading price.",Matrix,100,4,USA,TOP3000,1
mdl77_2fc_rev6,matrix,45,"Averaged Last 6-M EPS Revisions for FY1: It is defined as the average of prior 6-month monthly changes in a stock's consensus analysts earnings forecasts for fiscal year 1, scaled by previous month-end trading price.",Matrix,100,1,USA,TOP3000,1
mdl77_2fc_stdevfy1epsp,matrix,44,Std Dev of FY1 EPS Estimates-to-Price: It is defined as the standard deviation of analyst forecasts for fiscal year 1 earnings scaled by closing price.,Matrix,100,1,USA,TOP3000,1
mdl77_2fc_stdevfy2epsp,matrix,44,Std Dev of FY2 EPS Estimates-to-Price: It is defined as the standard deviation of analyst forecasts for fiscal year 2 earnings scaled by closing price.,Matrix,100,5,USA,TOP3000,1
mdl77_2fwdroe,matrix,92,Forward Return on Equity: It is defined as a stock's analysts earnings estimates for the next 4 quarters divided by its most recent reported common equity per share.,Matrix,100,3,USA,TOP3000,1
mdl77_2garpanalystmodel_qgp_alert,matrix,94,Alert Rank: Alert Rank,Matrix,100,2,USA,TOP3000,1
mdl77_2garpanalystmodel_qgp_avgrating,matrix,95,Avg Analyst Rating: Avg Analyst Rating,Matrix,100,2,USA,TOP3000,1
mdl77_2garpanalystmodel_qgp_capeff,matrix,91,Capital Effectiveness: Capital Effectiveness,Matrix,100,60,USA,TOP3000,1
mdl77_2garpanalystmodel_qgp_chgvaluation,matrix,86,3M Chg in Valuation: 3M Chg in Valuation,Matrix,100,29,USA,TOP3000,1
mdl77_2garpanalystmodel_qgp_composite,matrix,89,Analyst score based on growth and value investing attributes,Matrix,100,5,USA,TOP3000,1
mdl77_2garpanalystmodel_qgp_growthval,matrix,97,Growth Valuation: Growth Valuation,Matrix,100,55,USA,TOP3000,1
mdl77_2garpanalystmodel_qgp_relgrowth,matrix,88,Relative Growth Rank: Relative Growth Rank,Matrix,100,8,USA,TOP3000,1
mdl77_2garpanalystmodel_qgp_relpegy,matrix,68,Rolling Relative PEGY: Rolling Relative PEGY,Matrix,100,1,USA,TOP3000,1
mdl77_2garpanalystmodel_qgp_roefcf,matrix,87,ROE x FCF Rank: ROE x FCF Rank,Matrix,100,1,USA,TOP3000,1
mdl77_2garpanalystmodel_qgp_valuation,matrix,90,Valuation Rank: Valuation Rank,Matrix,100,6,USA,TOP3000,1
mdl77_2garpanalystmodel_qgp_vfpriceratio,matrix,89,Value to Price Rank: Value to Price Rank,Matrix,100,50,USA,TOP3000,1
mdl77_2garpanalystmodel_qgp_wratingchg,matrix,94,Weighted Ratings Change,Matrix,100,1,USA,TOP3000,1
mdl77_2gdna_6351_rp,matrix,45,15/36 Week Stock Price Ratio: It is defined as the moving average of a stock's prices in the last 15 weeks divided by the moving average of its prices in the last 36 weeks.,Matrix,100,5,USA,TOP3000,1
mdl77_2gdna_actrtn12m,matrix,45,12-Month Active Return with 1-Month Lag: It is defined as the percent change in price for a stock from month t-13 to month t-1.,Matrix,100,1,USA,TOP3000,1
mdl77_2gdna_actrtn18m,matrix,44,18-Month Active Return with 1-Month Lag: It is defined as the percent change in price for a stock from month t-19 to month t-1.,Matrix,100,4,USA,TOP3000,1
mdl77_2gdna_actrtn1m,matrix,46,1-Month Active Return: It is defined as the percent change in price for a stock from month t-1 to month t.,Matrix,100,3,USA,TOP3000,1
mdl77_2gdna_actrtn24m,matrix,44,24-Month Active Return with 1-Month Lag: It is defined as the percent change in price for a stock from month t-25 to month t-1.,Matrix,100,7,USA,TOP3000,1
mdl77_2gdna_actrtn2m,matrix,46,2-Month Active Return: It is defined as the percent change in price for a stock from month t-2 to month t.,Matrix,100,2,USA,TOP3000,1
mdl77_2gdna_actrtn36m,matrix,42,36-Month Active Return with 1-Month Lag: It is defined as the percent change in price for a stock from month t-37 to month t-1.,Matrix,100,15,USA,TOP3000,1
mdl77_2gdna_actrtn3m,matrix,46,3-Month Active Return: It is defined as the percent change in price for a stock from month t-3 to month t.,Matrix,100,4,USA,TOP3000,1
mdl77_2gdna_actrtn60m,matrix,40,60-Month Active Return with 1-Month Lag: It is defined as the percent change in price for a stock from month t-61 to month t-1.,Matrix,100,2,USA,TOP3000,1
mdl77_2gdna_actrtn6m,matrix,45,6-Month Active Return with 1-Month Lag: It is defined as the percent change in price for a stock from month t-7 to month t-1.,Matrix,100,1,USA,TOP3000,1
mdl77_2gdna_actrtn9m,matrix,45,9-Month Active Return with 1-Month Lag: It is defined as a stock's price percent change from month t-10 to month t-1.,Matrix,100,3,USA,TOP3000,1
mdl77_2gdna_ags,matrix,40,"SG&A Expenses-to-Sales: It is defined as the trailing 12-month selling, general management, and administration expenses divided by the trailing 12-month sales.",Matrix,100,1,USA,TOP3000,1
mdl77_2gdna_alpha60m,matrix,40,60-Month Alpha: It is defined as the intercept of the regression line which best fits a stock's monthly price return against the S&P 500 index monthly return over the last 60-month period.,Matrix,100,41,USA,TOP3000,1
mdl77_2gdna_aoer,matrix,45,Retained Earnings-to-Total Assets: It is defined as the reported cumulative retained earnings from the most recent quarter deflated by reported total assets from the most recent quarter.,Matrix,100,5,USA,TOP3000,1
mdl77_2gdna_aor,matrix,45,Return on Assets: It is defined as the trailing 12-month income before extra items divided by the average of total assets in the same period.,Matrix,100,1,USA,TOP3000,1
mdl77_2gdna_apemtt,matrix,45,An indicator that standardizes and compares relative share price between time periods and among companies.,Matrix,100,1,USA,TOP3000,1
mdl77_2gdna_aspanratio,matrix,41,Stock's quarterly operating assets minus its operating liabilities deflated by the lagged total assets.,Matrix,100,42,USA,TOP3000,1
mdl77_2gdna_astcomp,matrix,37,Asset Composition: It is defined as the total current assets from the most recent quarter divided by the total assets from the most recent quarter.,Matrix,100,1,USA,TOP3000,1
mdl77_2gdna_astto,matrix,45,Assets Turnover Ratio: It is defined as the trailing 12-month sales divided by the most recently reported quarterly assets.,Matrix,100,7,USA,TOP3000,1
mdl77_2gdna_beta,matrix,40,60-Month Beta: It is defined as 0.67 times the 60-month beta plus 0.33. Beta is the covariance between a stock's monthly return and the monthly S&P 500 index return in the prior 60-month period divided by the variance of the monthly S&P 500 index return in the same period.,Matrix,100,6,USA,TOP3000,1
mdl77_2gdna_betasigma,matrix,40,Product of Beta and Sigma: It is defined as the product of the adjusted 60-month Beta and 60-month Sigma (standard deviation of monthly price returns).,Matrix,100,1,USA,TOP3000,1
mdl77_2gdna_bmpo,matrix,44,Operating Profit Margin: It is defined as the most recently reported quarterly operating income divided by the corresponding quarterly sales.,Matrix,100,3,USA,TOP3000,1
mdl77_2gdna_booklev,matrix,45,Book Leverage: It is defined as the most recently reported quarterly total assets divided by the book equity.,Matrix,100,15,USA,TOP3000,1
mdl77_2gdna_bpemtt,matrix,45,"The company's performance in trailing 1-year before taking into account non-recurring gain or loss, divided by its month-end trading price.",Matrix,100,6,USA,TOP3000,1
mdl77_2gdna_capacq,matrix,44,Capital Acquisition Ratio: It is defined as the trailing 12-month operating cash flow less the trailing 12-month cash dividends and then divided by the total expenditures in the same period.,Matrix,100,2,USA,TOP3000,1
mdl77_2gdna_capexast,matrix,45,Capital Expenditure-to-Total Assets: It is defined as trailing 12-month capital expenditures divided by the total assets from the most recent quarter.,Matrix,100,3,USA,TOP3000,1
mdl77_2gdna_capexsale,matrix,45,TTM Capital Expenditures-to-Sales: It is defined as trailing 12-month capital expenditures divided by trailing 12-month sales.,Matrix,100,6,USA,TOP3000,1
mdl77_2gdna_cashburnrate,matrix,41,Cash Burn Rate: It is defined as: -(Cash From Operations + Cash from Investments)/(Cash + Short-term Investments).,Matrix,100,11,USA,TOP3000,1
mdl77_2gdna_cashc,matrix,35,Cash Cycle: It is defined as the average inventory days plus the average collection days minus the average payable days.,Matrix,100,1,USA,TOP3000,1
mdl77_2gdna_cashp,matrix,41,Cash-to-Price: It is defined as the most recently reported cash and equivalents per share of a company divided by trading price.,Matrix,100,2,USA,TOP3000,1
mdl77_2gdna_cashratio,matrix,37,Cash & Equivalents-to-Current Liabilities: It is defined as the most recently reported quarterly cash & equivalents divided by current liabilities.,Matrix,100,2,USA,TOP3000,1
mdl77_2gdna_cashsale,matrix,40,The mean value of company's assets in the trailing 1-year divided by the trailing 1-year revenues.,Matrix,100,4,USA,TOP3000,1
mdl77_2gdna_cashsev,matrix,41,Cash to Enterprise Value: It is defined as the total cash & equivalents divided by the sum of the market value of common equity and book value of long-term debt.,Matrix,100,1,USA,TOP3000,1
mdl77_2gdna_cfita,matrix,45,TTM Cash Flow from Investment to Total Assets: It is defined as the trailing 12-month cash flow from the investing portion of the cash flow statement divided by the last 4 quarters average total assets,Matrix,100,4,USA,TOP3000,1
mdl77_2gdna_cfleverage,matrix,44,Cash Flow Leverage: It is defined as the total liabilities divided by the trailing 12-month operating cash flow.,Matrix,100,2,USA,TOP3000,1
mdl77_2gdna_cfroi,matrix,44,"Cash Flow Return on Invested Capital: It is defined as the trailing 12-month cash flow divided by the average invested capital in the same period. Invested capital equals the sum of common equity, long-term debt, minority interest, and preferred stock.",Matrix,100,3,USA,TOP3000,1
mdl77_2gdna_cg3ysales,matrix,44,The geometric growth rate of the trailing 12-month sales per share in the last 12 quarters.,Matrix,100,4,USA,TOP3000,1
mdl77_2gdna_chg3ycfast,matrix,42,3-yr Change in Assets-adj TTM Cash Flow: It is defined as the most recently reported trailing 12-month operating cash flow minus 12 quarters ago comparable trailing 12-month cash flow scaled by the average total assets in the same period.,Matrix,100,1,USA,TOP3000,1
mdl77_2gdna_chg3yepsast,matrix,44,3-yr Change in Assets-adj TTM EPS: It is defined as the trailing 12-month earnings per share before extra items (EPS) minus the EPS 12-quarters ago deflated by the average total assets per share.,Matrix,100,0,USA,TOP3000,1
mdl77_2gdna_chg3yepsp,matrix,44,The difference between the trailing 12-month earnings per share and that of 12 quarters ago for a stock divided by its month-end trading price.,Matrix,100,6,USA,TOP3000,1
mdl77_2gdna_chg3yfcfast,matrix,44,3-yr Chg in Assets-adj TTM Free Cash Flow: It is defined as the trailing 12-month free cash flow minus 12 quarters ago trailing 12-month free cash flow divided by the average total assets.,Matrix,100,59,USA,TOP3000,1
mdl77_2gdna_chg3yocfast,matrix,44,"3-Yr Change in Assets-Adj TTM Oper Cash Flow: It is defined as the most recently reported trailing 12-month operating cash flow (OCF) minus the OCF 12 quarters ago, deflated by the average total assets.",Matrix,100,3,USA,TOP3000,1
mdl77_2gdna_chg6malpha18m,matrix,44,"6-Month Nominal Change in 18-Month Alpha: It is defined as the 6-month change in a stock's 18-month alpha, which equals the intercept from the regression of a stock price's monthly return against the S&P 500 index monthly return over the last 18-month period.",Matrix,100,6,USA,TOP3000,1
mdl77_2gdna_chgalpha12m,matrix,44,"6-Month Nominal Change in 12-Month Alpha: It is defined as the 6-month change in a stock's 12-month alpha, which equals the intercept from the regression of a stock price's monthly return against the S&P 500 index monthly return over the last 12-month period.",Matrix,100,0,USA,TOP3000,1
mdl77_2gdna_chgalpha36m,matrix,42,"6-Month Nominal Change in 36-Month Alpha: It is defined as the 6-month change in a stock's 36-month alpha, which equals the intercept from the regression of a stock price's monthly return against the S&P 500 index monthly return over the last 36-month period.",Matrix,100,1,USA,TOP3000,1
mdl77_2gdna_chgars,matrix,40,1-yr Chg in Acct Receivable as Percentage ofSales: It is defined as the change between the last reported accounts receivable as a percentage of trailing 12-month sales and that percentage 4 quarters ago.,Matrix,100,27,USA,TOP3000,1
mdl77_2gdna_chgnoa,matrix,41,"Change in Net Operating Assets: It is defined as the year-over-year change of net operating assets to total assets, where net operating assets equal most recent quarterly short-term debt plus long-term debt + preferred equity plus common equity minus cash.",Matrix,100,6,USA,TOP3000,1
mdl77_2gdna_chgollev,matrix,42,"Change in Operating Liability Leverage: It is defined as the current quarter operating liability leverage less the operating liability leverage 4 quarters ago, where operating liability leverage equals 1 minus the ratio of (short-term debt + long-term debt + common equity + preferred equity - cash) to (total assets - cash)",Matrix,100,4,USA,TOP3000,1
mdl77_2gdna_chgsgasale,matrix,40,"Change in QTR SG&A Expenses vs Sales: It is defined as the difference between the yearly change in quarterly Selling, General and Administrative expenses and yearly change in quarterly sales.",Matrix,100,1,USA,TOP3000,1
mdl77_2gdna_chgshare,matrix,45,Percent Change in Shares Outstanding: It is defined as the percent change in a company's current number of outstanding shares as compared to the number of shares outstanding 1 year ago.,Matrix,100,11,USA,TOP3000,1
mdl77_2gdna_chgvolpre4y,matrix,40,4-Year Change in the Average Trading Volume: It is defined as the change in the most recent 6-month moving average of monthly turnover ratio (average monthly trading volume/total shares outstanding) as compared to the 12-month moving average of monthly turnover ratio 4 years ago.,Matrix,100,5,USA,TOP3000,1
mdl77_2gdna_cogsinvt,matrix,29,Change in TTM COGS vs Inventory Level: It is defined as the absolute value of the difference between the yearly percent change in trailing 12-month cost of goods sold and the yearly percent change in inventory level.,Matrix,100,7,USA,TOP3000,1
mdl77_2gdna_covol,matrix,42,60-Month Trading Volume Trend: It is defined as the slope of the least squares regression line of the last 60 months of monthly trading volume against time.,Matrix,100,1,USA,TOP3000,1
mdl77_2gdna_curindbp_,matrix,45,Industry Relative Book-to-Market: It is defined as a stock's current book-to-price ratio (BP) less the average of the BPs of all stocks in the same industry deflated by the standard deviation of the BPs of all stocks in the same relative universe.,Matrix,100,6,USA,TOP3000,1
mdl77_2gdna_curindcfp_,matrix,44,Industry Relative TTM Cash Flow-to-Price: It is defined as a stock's trailing 12-month cash flow-to-price ratio (CFP) less the average of the CFPs of all stocks in the same industry deflated by the standard deviation of the CFPs of all stocks in the same relative universe.,Matrix,100,7,USA,TOP3000,1
mdl77_2gdna_curinddivp_,matrix,45,Industry Relative TTM Dividend Yield: It is defined as a stock's trailing 12-month dividend yield (DivYield) less the average of the DivYields of all stocks in the same industry deflated by the standard deviation of the DivYields of all stocks in the same relative universe.,Matrix,100,2,USA,TOP3000,1
mdl77_2gdna_curindebitdap_,matrix,44,Industry Relative TTM EBITDA-to-Price: It is defined as a stock's trailing 12-month EBITDA-to-price ratio (EBITDAP) less the average of the EBITDAPs of all stocks in the same industry deflated by the standard deviation of the EBITDAPs of all stocks in the same relative universe,Matrix,100,10,USA,TOP3000,1
mdl77_2gdna_curindep_,matrix,45,Industry Relative TTM EPS-to-Price: It is defined as a stock's trailing 12-month earnings per share before extra items-to-price ratio (EP) less the average of the EPs of all stocks in the same industry deflated by the standard deviation of these EPs.,Matrix,100,12,USA,TOP3000,1
mdl77_2gdna_curindfcfp_,matrix,45,"Industry Relative TTM Free Cash Flow-to-Price: It is defined as a stock's trailing 12-month free cash flow-to-price ratio (FCFP) less the average of the FCFPs of all stocks in the same industry, deflated by the standard deviation of the FCFPs of all stocks in the same relative universe.",Matrix,100,1,USA,TOP3000,1
mdl77_2gdna_curindocfp_,matrix,45,Industry Relative TTM Oper Cash Flow-to-Price: It is defined as a stock's trailing 12-month operating cash flow-to-price ratio (OCFP) less the average of the OCFPs of all stocks in the same industry deflated by the standard deviation of the OCFPs of all stocks in the same relative universe.,Matrix,100,1,USA,TOP3000,1
mdl77_2gdna_curindocfta_,matrix,45,Industry Relative TTM Oper Cash Flow-to-Total Assets: It is defined as a stock's trailing 12-month operating cash flow-to-total assets ratio (OCFTA) less the average of the OCFTA of all stocks in the same industry deflated by the standard deviation of the OCFTAs of all stocks in the same relative universe.,Matrix,100,12,USA,TOP3000,1
mdl77_2gdna_curindsp_,matrix,45,Industry Relative TTM Sales-to-Price: It is defined as a stock's trailing 12-month sales-to-price ratio (SP) less the average of the SPs of all stocks in the same industry deflated by the standard deviation of the SPs of all stocks in the same relative universe.,Matrix,100,2,USA,TOP3000,1
mdl77_2gdna_curratio,matrix,37,Current Ratio: It is defined as the reported current assets from the most recent quarter divided by the current liabilities from the most recent quarter.,Matrix,100,2,USA,TOP3000,1
mdl77_2gdna_cvvolp20d,matrix,46,20-Day Volume Volatility to Price Volatility: It is defined as the coefficient of variation of the last 20 days of closing prices divided by the coefficient of variation of daily trading volume for the same time period.,Matrix,100,3,USA,TOP3000,1
mdl77_2gdna_cws,matrix,36,Working Capital-to-Trailing 12-Month Sales: It is defined as the average of working capital for the trailing 12 months divided by the total sales in the same period. Working capital equals the inventory plus accounts receivable minus accounts payable on the balance sheet.,Matrix,100,3,USA,TOP3000,1
mdl77_2gdna_dcc,matrix,37,Current Cash Flow Debt Coverage Ratio: It is defined as the most recently reported quarterly cash flow from operations less the cash dividends divided by the current interest-bearing debt.,Matrix,100,6,USA,TOP3000,1
mdl77_2gdna_debtcf,matrix,45,The sum of the most recent reported long-term debt and short-term interest-bearing debt divided by the trailing 12-month cash flow.,Matrix,100,3,USA,TOP3000,1
mdl77_2gdna_divcf,matrix,26,Dividends-to-Cash Flow: It is defined as the trailing 12-month cash dividends divided by the trailing 12-month cash flow. Cash dividends represent the total amount of cash dividends paid for both common and preferred stock.,Matrix,100,1,USA,TOP3000,1
mdl77_2gdna_divcov,matrix,27,Company's trailing 1-year profits scaled by its annual dividends.,Matrix,100,2,USA,TOP3000,1
mdl77_2gdna_divyield,matrix,45,TTM Dividend Yield: It is defined as the trailing 12-month dividends per share for a stock divided by its month-end trading price.,Matrix,100,11,USA,TOP3000,1
mdl77_2gdna_dpcapex,matrix,43,Change in TTM Depreciation vs CapEx: It is defined as the absolute value of the difference between the yearly percent change in trailing 12-month depreciation expense and the yearly percent change in trailing 12-month capital expenditure.,Matrix,100,10,USA,TOP3000,1
mdl77_2gdna_ebitdaev,matrix,44,"TTM EBITDA-to-Enterprise Value: It is defined as the trailing 12-month earnings before interest, taxes, depreciation, and amortization for a stock deflated by its enterprise value (EV). EV = Equity Market Value + Long-term Debt + Short-term Debt + Preferred Stock + Minority Interest - Cash.",Matrix,100,1,USA,TOP3000,1
mdl77_2gdna_ebitdap,matrix,44,"TTM EBITDA-to-Price: It is defined as the trailing 12-month earnings before interest, taxes, depreciation and amortization for a company divided by its month-end trading price.",Matrix,100,6,USA,TOP3000,1
mdl77_2gdna_ed,matrix,45,Long-term Debt-to-Equity: It is defined as the most recently reported total long-term debt divided by total book equity.,Matrix,100,1,USA,TOP3000,1
mdl77_2gdna_epschgetr,matrix,43,EPS from Change in Effective Tax Rate: It is defined as the trailing 12-month pre-tax income per share times the difference between the most recent trailing 12-month effective tax rate and that of 4 quarters ago. The effective tax rate is defined as total tax expense divided by pre-tax income.,Matrix,100,28,USA,TOP3000,1
mdl77_2gdna_equityto,matrix,45,The trailing 12-month sales divided by the average of trailing 12-month reported book equity.,Matrix,100,16,USA,TOP3000,1
mdl77_2gdna_fc_estep,matrix,46,Leading 12-Month Median Earnings Yield: It is defined as the next fiscal year median consensus earnings estimate divided by trading price.,Matrix,100,1,USA,TOP3000,1
mdl77_2gdna_fc_fcfroey1p,matrix,45,Product of TTM FCF Yield and Forward ROE: It is defined as the trailing 12-month free cash flow per share multiplied by the next 4-quarter consensus earnings forecasts divided by the most recently reported book value per share scaled by its trading price.,Matrix,100,17,USA,TOP3000,1
mdl77_2gdna_fc_numrevy1,matrix,46,"Net Number ofRevisions for Fiscal Year 1: It is defined as the weighted average of the number of FY1 analyst earnings forecasts raised less the number lowered within a month, divided by the total number of analyst forecasts.",Matrix,100,3,USA,TOP3000,1
mdl77_2gdna_fcfequity,matrix,45,TTM Free Cash Flow to Equity: It is defined as the trailing 12-month free cash flow divided by the average book equity value in the same period.,Matrix,100,2,USA,TOP3000,1
mdl77_2gdna_fcfghc,matrix,45,1-yr Chg in Assets-adj TTM Free Cash Flow: It is defined as the trailing 12-month free cash flow minus 4 quarters ago trailing 12-month free cash flow divided by the average total assets.,Matrix,100,6,USA,TOP3000,1
mdl77_2gdna_fcfroi,matrix,45,"Free Cash Flow Return on Invested Capital: It is defined as the trailing 12-month free cash flow divided by the average invested capital in the same period. Invested capital equals the sum of common equity, long-term debt, minority interest, and preferred stock.",Matrix,100,3,USA,TOP3000,1
mdl77_2gdna_fcfsale,matrix,45,TTM Free Cash Flow-to-TTM Sales: It is defined as the trailing 12-month free cash flow divided by the trailing 12-month sales.,Matrix,100,3,USA,TOP3000,1
mdl77_2gdna_fcghc,matrix,44,1-yr Change in Assets-adj TTM Cash Flow: It is defined as the trailing 12-month cash flow minus comparable trailing 12-month cash flow from 4 quarters ago scaled by the average total assets.,Matrix,100,3,USA,TOP3000,1
mdl77_2gdna_fcoghc,matrix,45,1-yr Chg in Assets-adj TTM Oper Cash Flow: It is defined as the most recently reported trailing 12-month operating cash flow minus 4 quarters ago trailing 12-month operating cash flow divided by the average total assets.,Matrix,100,6,USA,TOP3000,1
mdl77_2gdna_fixastto,matrix,44,The trailing 12-month sales divided by the average of the total fixed assets in the same period.,Matrix,100,6,USA,TOP3000,1
mdl77_2gdna_flowratio,matrix,37,Flow Ratio: It is defined as the difference between current assets and cash & equivalents divided by the difference between current liabilities and short-term debt. All items are from the most recent quarter.,Matrix,100,7,USA,TOP3000,1
mdl77_2gdna_gear,matrix,45,Capital Gearing Ratio: It is defined as the long-term debt divided by the difference between total assets and current liabilities.,Matrix,100,2,USA,TOP3000,1
mdl77_2gdna_gtl,matrix,45,Long-Term Growth Rate Estimates: It is defined as the consensus long-term growth forecast. It generally represents an expected annual increase in operating earnings over the company's next full business cycle.,Matrix,100,6,USA,TOP3000,1
mdl77_2gdna_gtlm6ghc,matrix,44,6-M Change in Long-term Growth Estimates: It is defined as the percent change in the most recent mean consensus long-term growth forecast as compared to those of 6 months ago.,Matrix,100,3,USA,TOP3000,1
mdl77_2gdna_high52w,matrix,45,52-Week High: It is defined as the month-end price divided by the highest monthly closing price in the past 12 months.,Matrix,100,1,USA,TOP3000,1
mdl77_2gdna_ica,matrix,43,Abnormal Capital Investment: It is defined as the change in a firm's most recent trailing 12-month capital investment intensity compared to the average of its prior 3-year investment intensity.,Matrix,100,5,USA,TOP3000,1
mdl77_2gdna_idb,matrix,28,Basic Defensive Interval: It measures how many days that a company can cover its daily operating expenses (cost of goods sold and SG&A) by only using its cash and receivables on its balance sheet.,Matrix,100,12,USA,TOP3000,1
mdl77_2gdna_indrelcroe_,matrix,44,Stock's lagged quarterly return on equity (ROE) minus the average of the ROEs of all stocks in the same industry deflated by the standard deviation of these ROEs.,Matrix,100,10,USA,TOP3000,1
mdl77_2gdna_indrelrecd_,matrix,30,Industry-adjusted Doubtful Account Receivables: It is defined as a stock's asset-adjusted annual doubtful receivables minus the average of the receivables of all stocks in the same industry deflated by the standard deviation of these receivables.,Matrix,100,8,USA,TOP3000,1
mdl77_2gdna_indrelrtn4w_,matrix,45,"4-Week Industry Relative Return: It is defined as a stock's return in the last 4 weeks minus the average of the comparable returns of all stocks in the same industry, deflated by the standard deviation of these returns.",Matrix,100,1,USA,TOP3000,1
mdl77_2gdna_indrelrtn5d_,matrix,45,"Stock's return in the last 5 days minus the average of the comparable returns of all stocks in the same industry, then deflated by the standard deviation of these returns.",Matrix,100,1,USA,TOP3000,1
mdl77_2gdna_invast,matrix,40,The current inventory level deflated by the total assets from the most recent quarter.,Matrix,100,9,USA,TOP3000,1
mdl77_2gdna_iqa,matrix,36,Asset Quality Index: It is defined as the year-over-year change of 1 minus the ratio of current assets plus PP&E divided by total assets.,Matrix,100,28,USA,TOP3000,1
mdl77_2gdna_lagegp,matrix,44,"Lagged Inverse of PEG Ratio: It is defined as the trailing 12-month earnings per share before extraordinary items times the change in yearly trailing 12-month sales per share growth rate, divided by trading price.",Matrix,100,1,USA,TOP3000,1
mdl77_2gdna_lfd,matrix,45,The sum of the trailing 12-month pretax income and the trailing 12-month interest expense divided by the trailing 12-month pretax income.,Matrix,100,16,USA,TOP3000,1
mdl77_2gdna_liqcoeff,matrix,44,Liquidity Coefficient: It is the slope of the regression between the monthly stock trading turnover ratio (X) and the contemporary monthly stock price returns (Y).,Matrix,100,0,USA,TOP3000,1
mdl77_2gdna_lumqca,matrix,43,Acquisition Multiple: It is defined as the most recent quarterly reported invested capital divided by the trailing 12-month EBITDA.,Matrix,100,2,USA,TOP3000,1
mdl77_2gdna_m42rav,matrix,44,24-Month Value at Risk: It is defined as the minimum of a stock's monthly price return in the last 20-month period.,Matrix,100,1,USA,TOP3000,1
mdl77_2gdna_m6dn2ntr,matrix,45,Second Preceding 6-month Return: It is defined as the percent change in a stock's price from month t-12 to month t-7.,Matrix,100,2,USA,TOP3000,1
mdl77_2gdna_milliq,matrix,46,Stock Illiquidity: It is defined as the monthly average of the daily absolute return to the daily dollar trading volume ratio.,Matrix,100,3,USA,TOP3000,1
mdl77_2gdna_mktcappera,matrix,45,Stock's current market cap divided by the number of analysts providing Fiscal Year 1 earnings estimates.,Matrix,100,1,USA,TOP3000,1
mdl77_2gdna_mktlev,matrix,45,"Stock's total market value plus the most recent reported quarterly book debt, then divided by the market value.",Matrix,100,6,USA,TOP3000,1
mdl77_2gdna_mpn,matrix,45,Net Profit Margin: It is defined as the most recently reported quarterly net income after tax divided by the corresponding quarterly sales.,Matrix,100,12,USA,TOP3000,1
mdl77_2gdna_mpnghc,matrix,44,1-Yr Change in Net Profit Margin: It is defined as the most recent quarterly net profit margin (NPM) minus the NPM 4 quarters ago. Net profit margin is net income divided by total sales.,Matrix,100,6,USA,TOP3000,1
mdl77_2gdna_mpoghc,matrix,44,1-yr Change in Operating Profit Margin: It is defined as the most recent quarterly operating profit margin minus that of 4 quarters ago. Operating profit margin is income from operations divided by total sales.,Matrix,100,3,USA,TOP3000,1
mdl77_2gdna_netcashp,matrix,41,Net Cash to Equity: It is defined as most recently reported quarterly cash & equivalents less the long-term debt and current debt for a stock divided by its current market value.,Matrix,100,11,USA,TOP3000,1
mdl77_2gdna_netdebt,matrix,45,"Net Debt Ratio: It is defined as the net debt divided by the sum of the net debt, preferred stock, and common stock, where net debt equals the long-term debt plus short-term debt minus cash & equivalents. All items are from the most recent quarter.",Matrix,100,9,USA,TOP3000,1
mdl77_2gdna_nfaldebt,matrix,40,Net Fixed Assets to Long-term Debt: It is defined as the most recent quarterly reported net fixed assets divided by the total long-term debt.,Matrix,100,3,USA,TOP3000,1
mdl77_2gdna_niper,matrix,45,Net Income per Employee: It is defined as the income after taxes for the trailing 12-months divided by the number of employees at the end of the last reported fiscal year.,Matrix,100,1,USA,TOP3000,1
mdl77_2gdna_nlassets,matrix,45,Natural Logarithm of Total Assets: It is defined as the natural logarithm of the most recent quarterly reported total assets.,Matrix,100,1,USA,TOP3000,1
mdl77_2gdna_nlmktcap,matrix,45,Natural Logarithm of Market Capitalization: It is defined as the natural logarithm of the cube of a stock's total market value.,Matrix,100,7,USA,TOP3000,1
mdl77_2gdna_nlprice,matrix,46,Natural Logarithm of Closing Price: It is defined as the natural logarithm of the cubic of a stock's unadjusted closing price.,Matrix,100,5,USA,TOP3000,1
mdl77_2gdna_nlsales,matrix,45,Natural Logarithm of TTM Sales: It is defined as the natural logarithm of the cubic of a company's trailing 12-month sales.,Matrix,100,1,USA,TOP3000,1
mdl77_2gdna_nlvolcap,matrix,45,The natural logarithm of the quotient of the trailing 1-year average of the monthly volume to the trailing 1-year average of monthly market value of outstanding shares.,Matrix,100,1,USA,TOP3000,1
mdl77_2gdna_nnastp,matrix,37,Net Current Assets-to-Price: It is defined as the current assets per share minus total liabilities per share divided by the price.,Matrix,100,4,USA,TOP3000,1
mdl77_2gdna_noato,matrix,45,"Net Operating Asset Turnover: It is defined as trailing-12-month sales divided by the last 4 quarters' average net operating assets, which equals short-term debt + long-term debt + preferred equity + common equity - cash",Matrix,100,17,USA,TOP3000,1
mdl77_2gdna_nopatmargin,matrix,43,NOPAT Margin: It is defined as: (Net Income + Interest Expense*(1-Effective Tax Rate))/Net Sales. All items are for trailing 12 months. Effective tax rate equals income taxes for the trailing 12 months divided by the trailing 12 months' income before taxes.,Matrix,100,1,USA,TOP3000,1
mdl77_2gdna_ntrm01ff,matrix,45,Fama-French Momentum: It is defined as the percent change in a stock's price from month t-12 to month t-2.,Matrix,100,1,USA,TOP3000,1
mdl77_2gdna_ocfast,matrix,45,Operating Cash Flow to Assets: It is defined as the trailing 12-month net cash flow from operations divided by the average total assets.,Matrix,100,12,USA,TOP3000,1
mdl77_2gdna_ocfmargin,matrix,45,Operating Cash Flow Profit Margin: It is defined as the trailing 12-month cash flow from operations scaled by the trailing 12-month sales.,Matrix,100,1,USA,TOP3000,1
mdl77_2gdna_ocfratio,matrix,37,Operating Cash Flow Ratio: It is defined as a stock's most recently reported quarterly cash flow from operations divided by its current liabilities.,Matrix,100,1,USA,TOP3000,1
mdl77_2gdna_ocfroi,matrix,45,"Oper Cash Flow Return on Invested Capital: It is defined as the trailing 12-month operating cash flow divided by the average invested capital in the same period. Invested capital equals the sum of common equity, long-term debt, minority interest, and preferred stock.",Matrix,100,5,USA,TOP3000,1
mdl77_2gdna_ollev,matrix,42,Operating Liability Leverage: It is defined as 1 minus the ratio of (short-term debt + long-term debt + common equity + preferred equity - cash) to (total assets - cash) in the current quarter.,Matrix,100,49,USA,TOP3000,1
mdl77_2gdna_opincltd,matrix,39,Change in TTM Oper Income vs LT Debt: It is defined as the difference between the yearly percent change in operating income and the yearly percent change in long-term debt.,Matrix,100,6,USA,TOP3000,1
mdl77_2gdna_oplev,matrix,43,Operating Leverage: It is defined as the percent change in the trailing 12-month operating income from the previous quarter divided by the percent change in trailing 12-month sales from the previous quarter.,Matrix,100,4,USA,TOP3000,1
mdl77_2gdna_otvni,matrix,30,Inventory Turnover Ratio: It is defined as the trailing 12-month cost of goods sold divided by the average of inventory in the same period.,Matrix,100,5,USA,TOP3000,1
mdl77_2gdna_p50_00ratio,matrix,45,50-200 Day Stock Price Ratio: It is defined as the moving average of a stock's prices in the last 50 days divided by the moving average of its prices in the last 200 days.,Matrix,100,5,USA,TOP3000,1
mdl77_2gdna_past,matrix,45,Price-to-Total Assets: It is defined as a stock's month-end trading price divided by the most recent quarterly reported total assets per share.,Matrix,100,26,USA,TOP3000,1
mdl77_2gdna_pau,matrix,36,Unexpected Change in Accounts Payable: It is defined as the difference between current accounts payable and the expected level of accounts payable (multiplying the prior year's closing account balance by the growth in costs of goods sold in the trailing 12-months) scaled by the total assets.,Matrix,100,1,USA,TOP3000,1
mdl77_2gdna_pb,matrix,45,Book-to-Market: It is defined as the most recently reported book value per share for a stock deflated by its month-end trading price.,Matrix,100,2,USA,TOP3000,1
mdl77_2gdna_pca,matrix,40,Average Collection Period: It is defined as the average of the trailing 12-month reported accounts receivable times 365 and then divided by the trailing 12-month sales.,Matrix,100,2,USA,TOP3000,1
mdl77_2gdna_pctabv260low,matrix,45,Price Above Last 260-Day Lowest Trading Price: It is defined as a stock's current closing price divided by its lowest daily low price in the last 260 trading days.,Matrix,100,1,USA,TOP3000,1
mdl77_2gdna_pctchg3ycf,matrix,40,The percent change in a stock's most recent trailing 12-month cash flow per share as compared to itself 12 quarters ago.,Matrix,100,13,USA,TOP3000,1
mdl77_2gdna_pctchg3yeps,matrix,41,The percent change in a stock's most recent trailing 12-month earnings per share as compared to itself 12 quarters ago.,Matrix,100,1,USA,TOP3000,1
mdl77_2gdna_pctchg3yfcf,matrix,39,3-yr Growth in TTM Free Cash Flow: It is defined as the percent change in a stock's most recent trailing 12-month free cash flow per share (FCF) as compared to its FCF 12 quarters ago.,Matrix,100,1,USA,TOP3000,1
mdl77_2gdna_pctchg3yocf,matrix,42,3-yr Growth in TTM Oper Cash Flow: It is defined as the percent change in a stock's most recent trailing 12-month operating cash flow per share (OCF) as compared to its OCF 12 quarters ago.,Matrix,100,1,USA,TOP3000,1
mdl77_2gdna_pctchgastto,matrix,45,1-yr Change in Asset Turnover Ratio: It is defined as the percent change in the most recent asset turnover ratio as compared to that of 4 quarters ago. Asset turnover ratio is the trailing 12-month sales divided by the average total assets in the same period.,Matrix,100,12,USA,TOP3000,1
mdl77_2gdna_pctchgcf,matrix,42,1-yr Growth in TTM Cash Flow: It is defined as the percent change in a stock's most recent trailing 12-month cash flow per share (CF) as compared to the CF 4 quarters ago.,Matrix,100,1,USA,TOP3000,1
mdl77_2gdna_pctchgeps,matrix,42,The percent change in a stock's most recent trailing 12-month earnings per share before extra items as compared to itself 4 quarters ago.,Matrix,100,1,USA,TOP3000,1
mdl77_2gdna_pctchgfcf,matrix,40,1-yr Growth in TTM Free Cash Flow: It is defined as the percent change in a stock's most recent trailing 12-month free cash flow per share (FCF) as compared to the FCF 4 quarters ago.,Matrix,100,6,USA,TOP3000,1
mdl77_2gdna_pctchgocf,matrix,44,1-yr Growth in TTM Oper Cash Flow: It is defined as the percent change of a stock's most recent trailing 12-month operating cash flow per share (OCF) as compared to the OCF 4 quarters ago.,Matrix,100,2,USA,TOP3000,1
mdl77_2gdna_pctchgqtrast,matrix,45,1-Yr Change in Total Assets: It is defined as the growth in the most recent reported quarterly total assets per share as compared to that of 4 quarters ago.,Matrix,100,1,USA,TOP3000,1
mdl77_2gdna_pctchgqtrsales,matrix,45,1-yr Change in Sales: It is defined as the growth in most recent reported quarterly sales per share as compared to 4 quarters ago.,Matrix,100,2,USA,TOP3000,1
mdl77_2gdna_pcurlia,matrix,37,Current Liabilities-to-Price: It is defined as a stock's most recently reported quarterly current liabilities per share divided by its closing price.,Matrix,100,14,USA,TOP3000,1
mdl77_2gdna_pd09erpvc,matrix,46,CV of Prior 90-Day Closing Prices: It is defined as the standard deviation of a stock's last 90 days closing prices divided by the mean of these prices.,Matrix,100,1,USA,TOP3000,1
mdl77_2gdna_pedu,matrix,43,Unexpected Change in Depreciation: It is defined as the difference between the trailing 12-month depreciation expenses and the expected level of depreciation expenses (multiplying the prior year's closing account balance by the growth in total fixed assets) scaled by the total assets.,Matrix,100,8,USA,TOP3000,1
mdl77_2gdna_pedwf_cf,matrix,45,Leading 12-Month Mean Earnings Yield: It is defined as the next 4 quarters' mean consensus earnings estimate divided by the price.,Matrix,100,70,USA,TOP3000,1
mdl77_2gdna_perg,matrix,40,"Risk-adjusted PEG Ratio: It is defined as the stock price divided by the leading 12-month consensus earnings forecast, scaled by the average long-term growth rate estimate, and multiplied by the stock's 36-month beta.",Matrix,100,2,USA,TOP3000,1
mdl77_2gdna_pfcf_cf,matrix,44,"Forward Free Cash Flow-to-Price: It is defined as the next 4-quarter's mean consensus earnings estimate plus trailing 12-month depreciation expense per share minus corresponding capital expenditures, divided by trading price.",Matrix,100,41,USA,TOP3000,1
mdl77_2gdna_pfcfghc,matrix,45,The difference between the trailing 12-month free cash flow per share and that of 4 quarters ago for a stock divided by its trading price.,Matrix,100,7,USA,TOP3000,1
mdl77_2gdna_pfcfmtt,matrix,45,TTM Free Cash Flow-to-Price: It is defined as the trailing 12-month free cash flow per share for a stock divided by its month-end trading price. Free cash flow equals operating cash flow minus capital expenditures and cash dividends.,Matrix,100,1,USA,TOP3000,1
mdl77_2gdna_pfcfy3ghc,matrix,44,3-yr Change in Price-adj TTM FCF: It is defined as the difference between the most recently reported trailing 12-month free cash flow per share and that of 12 quarters ago for a stock divided by its month-end trading price.,Matrix,100,1,USA,TOP3000,1
mdl77_2gdna_pfcghc,matrix,43,The difference between the trailing 12-month cash flow per share and that of 12 quarters ago for a stock divided by its trading price.,Matrix,100,1,USA,TOP3000,1
mdl77_2gdna_pfcmtt,matrix,44,TTM Cash Flow-to-Price: It is defined as the trailing 12-month cash flows per share for a stock scaled by its trading price. Cash flow is defined as the reported net income plus depreciation.,Matrix,100,7,USA,TOP3000,1
mdl77_2gdna_pfcoghc,matrix,45,The difference between the most recently reported trailing 12-month operating cash flow per share and that of 4 quarters ago for a stock divided by its trading price.,Matrix,100,14,USA,TOP3000,1
mdl77_2gdna_pfcomtt,matrix,45,TTM Operating Cash Flow-to-Price: It is defined as the trailing 12-month operating cash flow per share for a stock divided by its trading price.,Matrix,100,58,USA,TOP3000,1
mdl77_2gdna_pfcoy3ghc,matrix,44,The difference between the trailing 12-month operating cash flow per share and that of 12 quarters ago for a stock divided by its trading price.,Matrix,100,2,USA,TOP3000,1
mdl77_2gdna_pfcy3ghc,matrix,42,The difference between the trailing 12-month cash flow per share and that of 12 quarters ago comparable trailing 12-month cash flow for a stock divided by its trading price.,Matrix,100,3,USA,TOP3000,1
mdl77_2gdna_pfgmtt,matrix,45,TTM Growth Flow-to-Price: It is defined as the sum of trailing 12-month growth flow value per share for a stock divided by its month-end trading price. Growth flow is the sum of Research & Development expenses and reported net income.,Matrix,100,2,USA,TOP3000,1
mdl77_2gdna_pge_cf,matrix,43,Estimates on the next 1-year average earnings scaled by company's prospects on growth and its stock price.,Matrix,100,9,USA,TOP3000,1
mdl77_2gdna_pinoa,matrix,36,Pretax Return on Net Operating Assets: It is defined as the trailing 12-month operating income after depreciation divided by the average net operating assets.,Matrix,100,8,USA,TOP3000,1
mdl77_2gdna_ppa,matrix,36,Average Payable Period: It is defined as the average of the trailing 12-month accounts payable times 365 divided by the trailing 12-month cost of goods sold.,Matrix,100,6,USA,TOP3000,1
mdl77_2gdna_pqipmtt,matrix,45,The most recent trailing 12-month operating and nonoperating income per share before provisions for income taxes and minority interest for a stock deflated by its trading price.,Matrix,100,16,USA,TOP3000,1
mdl77_2gdna_psmtt,matrix,45,TTM Sales-to-Price: It is defined as the most recently reported trailing 12-month sales per share for a stock deflated by its month-end trading price.,Matrix,100,20,USA,TOP3000,1
mdl77_2gdna_pspeghc,matrix,45,The difference between the most recently reported trailing 12-month earnings per share and that of 4 quarters ago for a stock deflated by its month-end trading price.,Matrix,100,2,USA,TOP3000,1
mdl77_2gdna_pvan,matrix,46,"Net Asset Value to Price: It is defined as the most recent book value of net assets per share (NAV) by the closing price. NAV is calculated in general form by taking the total assets of a company and subtracting the value of the company's intangible assets (goodwill, patents, etc.) minus current and long-term liabilities.",Matrix,100,1,USA,TOP3000,1
mdl77_2gdna_rationalalpha,matrix,45,Rational Decay Alpha: It evaluates stocks based on their historical 12-month market (S&P 500) adjusted excess return (the Y intercept from an OLS regression equation) using a proprietary rational decay function,Matrix,100,3,USA,TOP3000,1
mdl77_2gdna_ratrev6m,matrix,45,Street Rating Revision: It is defined as the 6-month average of the change in the average analyst recommendation tracked by.,Matrix,100,3,USA,TOP3000,1
mdl77_2gdna_rau,matrix,40,Unexpected Change in Accounts Receivable: It is defined as the difference between current accounts receivable and the expected level of accounts receivable (multiplying the prior year's closing account balance by the growth in sales in the trailing 12 months) scaled by the total assets.,Matrix,100,7,USA,TOP3000,1
mdl77_2gdna_rdsale,matrix,39,R&D Intensity: It is defined as the average of the research & development expenses in the trailing 12 months deflated by the sum of total sales in the same period.,Matrix,100,12,USA,TOP3000,1
mdl77_2gdna_reinrate,matrix,44,Reinvestment Rate: It is defined as the trailing 12-month earnings per share before extra items less the trailing 12-month dividends per share by ex-date divided by the average book equity per share in the same period.,Matrix,100,1,USA,TOP3000,1
mdl77_2gdna_rel5ybp,matrix,42,"5-Year Relative Book-to-Market: It is defined as a stock's current book-to-market ratio (BP) minus the average of the BPs in the last 60 months, scaled by the standard deviation of the BPs over the same period.",Matrix,100,12,USA,TOP3000,1
mdl77_2gdna_rel5ycfp,matrix,37,5-yr Relative TTM Cash Flow-to-Price: It is defined as a stock's current trailing 12-month cash flow-to-price ratio (CFP) minus the average of the CFPs in the last 60 months scaled by the standard deviation of the CFPs over the same period.,Matrix,100,1,USA,TOP3000,1
mdl77_2gdna_rel5ydivp,matrix,26,5-yr Relative TTM Dividend Yield: It is defined as a stock's current dividend yield (DivYield) minus the average of the DivYields in the last 60 months scaled by the standard deviation of the DivYields over the same period.,Matrix,100,5,USA,TOP3000,1
mdl77_2gdna_rel5yebitdap,matrix,36,5-yr Relative TTM EBITDA-to-Price: It is defined as a stock's current trailing 12-month EBITDA per share-to-price ratio (EBITDAP) minus the average of the EBITDAPs in the last 60 months scaled by the standard deviation of the EBITDAPs over the same period.,Matrix,100,3,USA,TOP3000,1
mdl77_2gdna_rel5yep,matrix,42,5-yr Relative TTM Earnings-to-Price: It is defined as a stock's current trailing 12-month earnings per share before extra items-to-price ratio (EP) minus the average of the EPs in the last 60 months scaled by the standard deviation of the EPs over the same period.,Matrix,100,1,USA,TOP3000,1
mdl77_2gdna_rel5yfcfp,matrix,42,5-yr Relative TTM Free Cash Flow-to-Price: It is defined as a stock's current trailing 12-month free cash flow-to-price ratio (FCFP) minus the average of the FCFPs in the last 60 months scaled by the standard deviation of the FCFPs over the same period.,Matrix,100,6,USA,TOP3000,1
mdl77_2gdna_rel5yocfp,matrix,42,5-yr Relative TTM Oper Cash Flow-to-Price: It is defined as a stock's current trailing 12-month operating cash flow-to-price ratio (OCFP) minus the average of the OCFPs in the last 60 months scaled by the standard deviation of the OCFPs over the same period.,Matrix,100,3,USA,TOP3000,1
mdl77_2gdna_rel5ysp,matrix,42,5-yr Relative TTM Sales-to-Price: It is defined as a stock's current trailing 12-month sales-to-price ratio (SP) minus the average of the SPs in the last 60 months scaled by the standard deviation of the SPs over the same period.,Matrix,100,0,USA,TOP3000,1
mdl77_2gdna_relpricestrength_,matrix,44,Industry-adjusted 12-month Relative Price Strength: It is defined as a stock's 12-month relative price-strength (PS) minus the PSs of all stocks in the same industry deflated by the standard deviation of these PSs.,Matrix,100,19,USA,TOP3000,1
mdl77_2gdna_rerror60m,matrix,40,Regression Error of 60-Month CAPM: It is defined as the standard error of the slope of the least squares regression line for a stock's last 60-month monthly returns against the S&P 500 Index returns.,Matrix,100,6,USA,TOP3000,1
mdl77_2gdna_revper,matrix,45,Revenue per Employee: It is defined as the trailing 12-month total sales divided by the number of employees at the end of the last reported fiscal year.,Matrix,100,4,USA,TOP3000,1
mdl77_2gdna_roe,matrix,44,Return on Equity: It is defined as the trailing 12-month income before extra items divided by the average of common equity in the same period.,Matrix,100,9,USA,TOP3000,1
mdl77_2gdna_roic,matrix,43,"Return on Invested Capital: It is defined as the trailing 12-month net income and interest expenses divided by the average reported invested capital, which equals the sum of common equity, long-term debt, minority interest and preferred stock.",Matrix,100,1,USA,TOP3000,1
mdl77_2gdna_rq,matrix,37,Quick Ratio: It is defined as the current assets less inventories from the most recent quarter divided by the total current liabilities from the most recent quarter.,Matrix,100,1,USA,TOP3000,1
mdl77_2gdna_saleeps,matrix,42,Change in TTM Sales vs EPS: It is defined as the absolute value of the difference between the yearly percent change in trailing 12-month sales per share and the yearly percent change in trailing 12-month diluted earnings per share before extraordinary items.,Matrix,100,6,USA,TOP3000,1
mdl77_2gdna_saleg5y,matrix,43,5-yr Sales Growth: It is defined as the difference between the trailing 12-month sales per share (SALE) and the SALE 20 quarters ago and then deflated by the average of the SALEs in the prior 20 quarters.,Matrix,100,5,USA,TOP3000,1
mdl77_2gdna_salegpm,matrix,39,Change in QTR Sales vs. Gross Margin: It is defined as the difference between the yearly change in most recent reported quarterly sales and the yearly change in the quarterly gross profit margin.,Matrix,100,3,USA,TOP3000,1
mdl77_2gdna_salerec,matrix,40,Change in TTM Sales vs Accounts Receivable: It is defined as the difference between the yearly percent change in trailing 12-month sales and the yearly percent change in accounts receivable.,Matrix,100,22,USA,TOP3000,1
mdl77_2gdna_sighc,matrix,39,1-yr Chg in QTR Inventory as Percentage ofSales: It is defined as the most recently reported inventory as a percentage of trailing 12-month sales minus that percentage 4 quarters ago.,Matrix,100,1,USA,TOP3000,1
mdl77_2gdna_sigma,matrix,40,Stock Return Volatility: It is defined as the standard deviation of a stock's monthly returns in the prior 60 months.,Matrix,100,2,USA,TOP3000,1
mdl77_2gdna_skew90cortn,matrix,46,Skewness of 90-Day Stock Daily Excess Returns: It is defined as the skewness of the distribution of a stock's daily excess (compared to the S&P 500 index) price returns in the last 90 days. Skewness = 3*(Mean-Median)/Standard Deviation.,Matrix,100,3,USA,TOP3000,1
mdl77_2gdna_skew90drtn,matrix,46,Skewness of 90-Day Stock Daily Returns: It is defined as the skewness (measure of lack of symmetry) of the distribution of a stock's daily price returns in the last 90 days. Skewness = 3*(Mean-Median])/Standard Deviation.,Matrix,100,2,USA,TOP3000,1
mdl77_2gdna_slope52wp,matrix,45,Slope of 52-Week Price Trend Line: It is defined as the 4-week lagged slope coefficient of the least squares regression line of the last 52-week weekly stock's closing price against the corresponding weekly dates.,Matrix,100,9,USA,TOP3000,1
mdl77_2gdna_slope66wp,matrix,44,Slope of 66 Week Price Trend Line: It is defined as the 4-week lagged slope coefficient of the least squares regression line of the last 66-week weekly stock's closing price against the corresponding weekly dates.,Matrix,100,13,USA,TOP3000,1
mdl77_2gdna_spe2yfvc_cf,matrix,43,FY2 EPS Forecast Dispersion: It is defined as the standard deviation of analyst earnings estimates for fiscal year 2 divided by the mean consensus forecast.,Matrix,100,1,USA,TOP3000,1
mdl77_2gdna_spefcn,matrix,42,Change in TTM EPS vs Oper Cash Flows: It is defined as the absolute value of the difference between the yearly percent change in trailing 12-month operating cash flow per share and the yearly percent change in trailing 12-month diluted EPS before extraordinary items.,Matrix,100,6,USA,TOP3000,1
mdl77_2gdna_speghc,matrix,45,1-yr Change in Assets-adj TTM EPS: It is defined as the trailing 12-month earnings per share before extra items (EPS) minus 4 quarters ago EPS deflated by the average total assets per share.,Matrix,100,1,USA,TOP3000,1
mdl77_2gdna_stockrating,matrix,46,Street Consensus Rating: It is defined as the consensus recommendation for a company.,Matrix,100,5,USA,TOP3000,1
mdl77_2gdna_surp,matrix,44,"Real Earnings Surprise: It is defined as the difference between the actual earnings per share and consensus forecasts prior to the announcement date, scaled by price at the end of the quarter.",Matrix,100,10,USA,TOP3000,1
mdl77_2gdna_susgrowth,matrix,44,The maximum growth rate a firm can sustain without having to increase financial leverage.,Matrix,100,5,USA,TOP3000,1
mdl77_2gdna_tobinq,matrix,45,"Tobin Q: It is defined as the market value of equity (E) plus debt (D) divided by assets (A), or (E + D)/A. D is measured using book values.",Matrix,100,13,USA,TOP3000,1
mdl77_2gdna_totalcov,matrix,42,Total Coverage: It equals (Cash Flow from Operations + Interest Paid + Tax Paid)/ (Interest + Principal Paid).,Matrix,100,18,USA,TOP3000,1
mdl77_2gdna_totalsaleg,matrix,44,Yearly TTM Total Sales Growth Rate: It is defined as the percent change in a company's trailing 12-month total sales (TOTSALE) as compared to the TOTSALE one year ago.,Matrix,100,2,USA,TOP3000,1
mdl77_2gdna_tstalp,matrix,45,1-Year Price Momentum Indicator: It is defined as: (CORREL*(260-2)^.5)/(1-CORREL^2)^.5. CORREL is the correlation coefficient between the natural logarithm of stock daily closing price and the corresponding daily dates in last 260 days.,Matrix,100,1,USA,TOP3000,1
mdl77_2gdna_ttmaccu,matrix,45,Accounting Accruals: It is defined as the difference between the trailing 12-month net income and the trailing 12-month operating cash flow scaled by the beginning total assets.,Matrix,100,9,USA,TOP3000,1
mdl77_2gdna_ttmcapexp,matrix,45,TTM Capital Expenditures-to-Price: It is defined as the trailing 12-month capital expenditures per share for a stock divided by its trading price.,Matrix,100,3,USA,TOP3000,1
mdl77_2gdna_ttmsaleev,matrix,45,TTM Sales-to-Enterprise Value: It is defined as the trailing 12-month sales for a stock divided by the most recent enterprise value (EV). EV = Equity Market Value + Long-term Debt + Short-term Debt + Preferred Stock + Minority Interest - Cash & Cash Equivalents.,Matrix,100,11,USA,TOP3000,1
mdl77_2gdna_varresirtn,matrix,38,24-Month Residual Return Variance: It is defined as the variance of a stock's monthly residual return in the last 24 months. The monthly residual return equals the stock's monthly return minus the product of the multiplication of a stock's proprietary 60-month Beta by the S&P 500 index monthly return.,Matrix,100,0,USA,TOP3000,1
mdl77_2gdna_vefcfmtt,matrix,45,TTM Free Cash Flow-to-Enterprise Value: It is defined as the trailing 12-month free cash flow (FCF) for a stock scaled by its enterprise value (EV). EV = Equity Market Value + Long-term Debt + Short-term Debt + Preferred Stock + Minority Interest - Cash.,Matrix,100,14,USA,TOP3000,1
mdl77_2gdna_vesspem21f_cf,matrix,45,Forward 12-M EPS-to-Enterprise Value: It is defined as the consensus forward 12-month earnings per share forecast divided by the sum of market value of common equity per share and book value of long-term debt per share.,Matrix,100,13,USA,TOP3000,1
mdl77_2gdna_visiratio,matrix,46,The Visibility Ratio: It equals a stock's most recent daily trading volume divided by the average daily trading volume in the previous 50 trading days.,Matrix,100,41,USA,TOP3000,1
mdl77_2gdna_vnicw,matrix,29,Working Capital to Inventory: It is defined as the most recent quarterly reported working capital divided by the inventory. Working capital is the difference between current assets and current liabilities.,Matrix,100,1,USA,TOP3000,1
mdl77_2gdna_vniu,matrix,38,The difference of inventory between present and expected levels.,Matrix,100,2,USA,TOP3000,1
mdl77_2gdna_voctni,matrix,42,Interest Coverage: It is defined as the most recently reported quarterly operating income before depreciation divided by the quarterly long-term debt interest expenses.,Matrix,100,2,USA,TOP3000,1
mdl77_2gdna_volpre6m,matrix,45,The 6-month moving average of average monthly turnover ratio.,Matrix,100,1,USA,TOP3000,1
mdl77_2gdna_volto,matrix,46,Trading Turnover Ratio: It is defined as the monthly total trading volume divided by the most recently reported total outstanding shares.,Matrix,100,1,USA,TOP3000,1
mdl77_2gdna_w57w03_rp,matrix,44,30-75 Week Stock Price Ratio: It is defined as the moving average of a stock's prices in the last 30 weeks divided by the moving average of its prices in the last 75 weeks.,Matrix,100,7,USA,TOP3000,1
mdl77_2gdna_w62isr,matrix,45,26-Week Relative Price Strength: It is defined as a stock's most recent weekly closing price divided by its weekly closing price 26 weeks ago.,Matrix,100,1,USA,TOP3000,1
mdl77_2gdna_w93ntr,matrix,45,39-Week Return with 4-week Lag: It is defined as a stock's price change from week t-43 to week t-4.,Matrix,100,6,USA,TOP3000,1
mdl77_2gdna_wcast,matrix,37,Working Capital-to-Total Assets: It is defined as the average working capital in the trailing 12 months divided by the average total assets in the same period.,Matrix,100,1,USA,TOP3000,1
mdl77_2gdna_ydp_cf,matrix,40,Predicted Dividend Yield: It is defined as an assumed payout ratio multiplied by the next 4-quarter consensus earnings estimate divided by trading price. The payout ratio assumption is 10% + 84% * Payout Ratio in last year - 38% * consensus long-term earnings growth rate.,Matrix,100,49,USA,TOP3000,1
mdl77_2gdna_yoychgaa,matrix,45,"Change in Accruals to Assets: It is defined as the trailing 12-month income before extra items less the trailing 12-month operating cash flow, then scaled by the average total assets, then minus the scaled difference for the same quarter 1 year ago.",Matrix,100,12,USA,TOP3000,1
mdl77_2gdna_yoychgcr,matrix,37,Year-over-year Change in Current Ratio: It is defined as the most recent reported quarterly current ratio and the current ratio for the same quarter one year ago. Current ratio equals current assets divided by current liabilities.,Matrix,100,8,USA,TOP3000,1
mdl77_2gdna_yoychgda,matrix,45,Year-over-year Change in Leverage: It is defined as the difference between the most recent reported quarterly total liabilities as a percentage of the reported total assets and the percentage for the same quarter one year ago.,Matrix,100,2,USA,TOP3000,1
mdl77_2gdna_yoychggpm,matrix,39,Yearly Change In Gross Profit Margin: It is defined as the most recent quarterly reported gross profit margin minus the margin for the same quarter one year ago. Gross profit margin equals the difference between sales and cost of goods sold then scaled by the sales.,Matrix,100,2,USA,TOP3000,1
mdl77_2gdna_yoychgroa,matrix,45,Yearly Change in Return on Assets: It is defined as the most recent trailing 12-month income before extra items as a percentage of total assets minus the percentage for the same quarter one year ago,Matrix,100,5,USA,TOP3000,1
mdl77_2gf_am_amv,matrix,100,"Fundamental Growth: This submodule is the equal-weighted average of 1-year Growth in TTM EPS, the 1-year Change in Asset-Adjusted TTM FCF, and the 3-year Change in Asset-adjusted TTM FCF.",Matrix,100,2,USA,TOP3000,1
mdl77_2globaldevnorthamericasensitivityfactor_apsales,matrix,36,Asia-Pacific Sales Exposure: It is defined as the annual aggregate sales for Asia-Pacific as reported by the company divided by total annual sales,Matrix,100,9,USA,TOP3000,1
mdl77_2globaldevnorthamericasensitivityfactor_ceroe,matrix,43,The trailing 12-month funds from operations divided by the average of the current and previous year.,Matrix,100,7,USA,TOP3000,1
mdl77_2globaldevnorthamericasensitivityfactor_dsu,matrix,44,The beta coefficient estimated by a multiple regression of returns on several macroeconomic aspects over 60 months.,Matrix,100,7,USA,TOP3000,1
mdl77_2globaldevnorthamericasensitivityfactor_emeasales,matrix,37,EMEA Sales Exposure: It is defined as the annual aggregate sales for EMEA as reported by the company divided by total annual sales.,Matrix,100,5,USA,TOP3000,1
mdl77_2globaldevnorthamericasensitivityfactor_inflation,matrix,44,The beta coefficient estimated by a multiple regression of returns on several macroeconomic aspects over 60 months.,Matrix,100,2,USA,TOP3000,1
mdl77_2globaldevnorthamericasensitivityfactor_lasales,matrix,35,Latin America Sales Exposure: It is defined as the annual aggregate sales for Latin America as reported by the company divided by total annual sales.,Matrix,100,7,USA,TOP3000,1
mdl77_2globaldevnorthamericasensitivityfactor_nasales,matrix,43,North America Sales Exposure: It is defined as the annual aggregate sales for North America as reported by the company divided by total annual sales,Matrix,100,1,USA,TOP3000,1
mdl77_2globaldevnorthamericasensitivityfactor_oilprice,matrix,44,The beta coefficient estimated by a multiple regression of returns on several macroeconomic aspects over 60 months.,Matrix,100,3,USA,TOP3000,1
mdl77_2globaldevnorthamericasensitivityfactor_pi,matrix,44,"Industrial Production Sensitivity: It is defined as the beta coefficient to Change in Industrial Production, which is estimated by a 60-month multiple regression of returns on several macroeconomic factors.",Matrix,100,1,USA,TOP3000,1
mdl77_2globaldevnorthamericasensitivityfactor_prc,matrix,44,"Credit Risk Premium Sensitivity: It is defined as the beta coefficient to Change in Credit Risk Premium, which is estimated by a 60-month multiple regression of returns on several macroeconomic factors.",Matrix,100,1,USA,TOP3000,1
mdl77_2globaldevnorthamericasensitivityfactor_sh,matrix,44,"Housing Starts Sensitivity: It is defined as the beta coefficient to Change in Housing Starts, which is estimated by a 60-month multiple regression of returns on several macroeconomic factors.",Matrix,100,13,USA,TOP3000,1
mdl77_2globaldevnorthamericasensitivityfactor_xiv,matrix,44,"Market Volatility Sensitivity: It is defined as the beta coefficient to Change in Market Volatility, which is estimated by a 60-month multiple regression of returns on several macroeconomic factors.",Matrix,100,5,USA,TOP3000,1
mdl77_2globaldevnorthamericasensitivityfactor_yieldsprd,matrix,44,"Yield Curve Slope Sensitivity: It is defined as the beta coefficient to Change in Slope of Term Structure, which is estimated by a 60-month multiple regression of returns on several macroeconomic factors.",Matrix,100,7,USA,TOP3000,1
mdl77_2gpm_composite,matrix,97,GARP Model Composite: GARP Model Composite,Matrix,100,1,USA,TOP3000,1
mdl77_2growthanalystmodel2_qga_ltepssurprise,matrix,79,Long Term EPS Surprise: Long Term EPS Surprise,Matrix,100,2,USA,TOP3000,1
mdl77_2growthanalystmodel_qga_composite,matrix,92,Growth Analyst Composite,Matrix,100,4,USA,TOP3000,1
mdl77_2growthanalystmodel_qga_epscapex,matrix,92,EPS Growth to CapEx Link,Matrix,100,59,USA,TOP3000,1
mdl77_2growthanalystmodel_qga_epstrend,matrix,82,EPS Trend,Matrix,100,21,USA,TOP3000,1
mdl77_2growthanalystmodel_qga_fcfroe,matrix,92,Free Cash Flow ROE,Matrix,100,42,USA,TOP3000,1
mdl77_2growthanalystmodel_qga_iarsales,matrix,95,Inv Acc Rec to Sales Link,Matrix,100,3,USA,TOP3000,1
mdl77_2growthanalystmodel_qga_niroe,matrix,96,Net Income ROE,Matrix,100,1,USA,TOP3000,1
mdl77_2growthanalystmodel_qga_opmarginsales,matrix,97,Op Margin to Sales Link,Matrix,100,7,USA,TOP3000,1
mdl77_2gspea2y_cf,matrix,45,"2-Year Ahead EPS Growth: It is defined as the most recent consensus earnings forecast for fiscal year 2 minus the consensus earnings forecast for fiscal year 1, divided by trading price.",Matrix,100,7,USA,TOP3000,1
mdl77_2historicalgrowthfactor_chg3ycfast,matrix,89,3-yr Change in Assets-adj TTM Cash Flow: It is defined as the most recently reported trailing 12-month operating cash flow minus 12 quarters ago comparable trailing 12-month cash flow scaled by the average total assets in the same period.,Matrix,100,1,USA,TOP3000,1
mdl77_2historicalgrowthfactor_chg3yepsast,matrix,91,"3-yr Change in Assets-adj TTM EPS: It is defined as the trailing 12-month earnings per share before extra items (EPS) minus the EPS 12-quarters ago, deflated by the average total assets per share.",Matrix,100,32,USA,TOP3000,1
mdl77_2historicalgrowthfactor_chg3yepsp,matrix,94,The difference between the trailing 12-month earnings per share and that of 12-quarters ago for a stock divided by its month-end trading price.,Matrix,100,3,USA,TOP3000,1
mdl77_2historicalgrowthfactor_chg3yfcfast,matrix,89,3-Yr Chg in Assets-Adj TTM Free Cash Flow: It is defined as the trailing 12-month free cash flow minus 12 quarters ago trailing 12-month free cash flow divided by the average total assets.,Matrix,100,38,USA,TOP3000,1
mdl77_2historicalgrowthfactor_chg3yocfast,matrix,88,3-yr Change in Assets-adj TTM Oper Cash Flow: It is defined as the most recently reported trailing 12-month operating cash flow (OCF) minus the OCF 12 quarters ago deflated by the average total assets.,Matrix,100,2,USA,TOP3000,1
mdl77_2historicalgrowthfactor_chgars,matrix,88,1-yr Chg in Acct Receivable as Percentage ofSales: It is defined as the change between the last reported accounts receivable as a percentage of trailing 12-month sales and that percentage 4 quarters ago.,Matrix,100,194,USA,TOP3000,1
mdl77_2historicalgrowthfactor_cv4qsales3y,matrix,88,The standard deviation of prior 12 quarters' trailing 12-month sales for individual shares scaled to the mean of itself in the same period.,Matrix,100,24,USA,TOP3000,1
mdl77_2historicalgrowthfactor_cvopinc,matrix,81,CV of Oper Income per Share in Last 12 QTRs: It is defined as the standard deviation of the trailing 12-month operating income per share (OPINC) in the prior 12 quarters divided by the mean of the OPINCs in the same period.,Matrix,100,19,USA,TOP3000,1
mdl77_2historicalgrowthfactor_div5yg,matrix,44,5-Year Dividend Growth Rate: It is defined as the 5-year growth in dividends.,Matrix,100,4,USA,TOP3000,1
mdl77_2historicalgrowthfactor_fcfequity,matrix,94,TTM Free Cash Flow to Equity: It is defined as the trailing 12-month free cash flow divided by the average book equity value in the same period.,Matrix,100,1,USA,TOP3000,1
mdl77_2historicalgrowthfactor_fcfghc,matrix,94,1-yr Chg in Assets-adj TTM Free Cash Flow: It is defined as the trailing 12-month free cash flow minus 4 quarters ago trailing 12-month free cash flow divided by the average total assets.,Matrix,100,3,USA,TOP3000,1
mdl77_2historicalgrowthfactor_fcghc,matrix,94,1-yr Change in Assets-adj TTM Cash Flow: It is defined as the trailing 12-month cash flow minus comparable trailing 12-month cash flow from 4 quarters ago scaled by the average total assets.,Matrix,100,2,USA,TOP3000,1
mdl77_2historicalgrowthfactor_fcoghc,matrix,94,1-yr Chg in Assets-adj TTM Oper Cash Flow: It is defined as the most recently reported trailing 12-month operating cash flow minus 4 quarters ago trailing 12-month operating cash flow divided by the average total assets.,Matrix,100,54,USA,TOP3000,1
mdl77_2historicalgrowthfactor_mpnghc,matrix,97,1-Yr Change in Net Profit Margin: It is defined as the most recent quarterly net profit margin (NPM) minus the NPM 4 quarters ago. Net profit margin is net income divided by total sales.,Matrix,100,2,USA,TOP3000,1
mdl77_2historicalgrowthfactor_mpoghc,matrix,94,1-yr Change in Operating Profit Margin: It is defined as the most recent quarterly operating profit margin minus that of 4 quarters ago. Operating profit margin is income from operations divided by total sales.,Matrix,100,4,USA,TOP3000,1
mdl77_2historicalgrowthfactor_pctchg3ycf,matrix,86,The percent change in a stock's most recent trailing 12-month cash flow per share as compared to itself 12 quarters ago.,Matrix,100,124,USA,TOP3000,1
mdl77_2historicalgrowthfactor_pctchg3yeps,matrix,89,The percent change in a stock's most recent trailing 12-month earnings per share as compared to itself 12 quarters ago.,Matrix,100,32,USA,TOP3000,1
mdl77_2historicalgrowthfactor_pctchg3yfcf,matrix,85,3-yr Growth in TTM Free Cash Flow: It is defined as the percent change in a stock's most recent trailing 12-month free cash flow per share (FCF) as compared to its FCF 12 quarters ago.,Matrix,100,25,USA,TOP3000,1
mdl77_2historicalgrowthfactor_pctchg3yocf,matrix,86,3-yr Growth in TTM Oper Cash Flow: It is defined as the percent change in a stock's most recent trailing 12-month operating cash flow per share (OCF) as compared to its OCF 12 quarters ago.,Matrix,100,2,USA,TOP3000,1
mdl77_2historicalgrowthfactor_pctchgastto,matrix,97,1-Yr Change in Asset Turnover Ratio: It is defined as the percent change in the most recent asset turnover ratio as compared to that of 4 quarters ago. Asset turnover ratio is the trailing 12-month sales divided by the average total assets in the same period.,Matrix,100,19,USA,TOP3000,1
mdl77_2historicalgrowthfactor_pctchgcf,matrix,94,1-yr Growth in TTM Cash Flow: It is defined as the percent change in a stock's most recent trailing 12-month cash flow per share (CF) as compared to the CF 4 quarters ago.,Matrix,100,38,USA,TOP3000,1
mdl77_2historicalgrowthfactor_pctchgeps,matrix,97,The percent change in a stock's most recent trailing 12-month earnings per share before extra items as compared to itself 4 quarters ago.,Matrix,100,63,USA,TOP3000,1
mdl77_2historicalgrowthfactor_pctchgfcf,matrix,91,1-yr Growth in TTM Free Cash Flow: It is defined as the percent change in a stock's most recent trailing 12-month free cash flow per share (FCF) as compared to the FCF 4 quarters ago.,Matrix,100,3,USA,TOP3000,1
mdl77_2historicalgrowthfactor_pctchgocf,matrix,93,1-Year Growth in TTM Operating Cash Flow: It is defined as the percent change of a stock's most recent trailing 12-month operating cash flow per share (OCF) as compared to the OCF 4 quarters ago.,Matrix,100,1,USA,TOP3000,1
mdl77_2historicalgrowthfactor_pctchgqtrast,matrix,98,1-yr Change in Total Assets: It is defined as the growth in the most recent reported quarterly total assets per share as compared to that of four quarters ago.,Matrix,100,2,USA,TOP3000,1
mdl77_2historicalgrowthfactor_pctchgqtrsales,matrix,96,1-yr Change in Sales: It is defined as the growth in most recent reported quarterly sales per share as compared to 4 quarters ago.,Matrix,100,48,USA,TOP3000,1
mdl77_2historicalgrowthfactor_pfcfghc,matrix,93,The difference between the trailing 12-month free cash flow per share and that of 4 quarters ago for a stock divided by its trading price.,Matrix,100,30,USA,TOP3000,1
mdl77_2liquidityriskfactor_covol,matrix,82,60-Month Trading Volume Trend: It is defined as the slope of the least squares regression line of the last 60 months of monthly trading volume against time.,Matrix,100,68,USA,TOP3000,1
mdl77_2liquidityriskfactor_curratio,matrix,81,Current Ratio: It is defined as the reported current assets from the most recent quarter divided by the current liabilities from the most recent quarter.,Matrix,100,82,USA,TOP3000,1
mdl77_2liquidityriskfactor_cvvolp20d,matrix,100,20-Day Volume Volatility to Price Volatility: It is defined as the coefficient of variation of the last 20 days of closing prices divided by the coefficient of variation of daily trading volume for the same time period.,Matrix,100,2,USA,TOP3000,1
mdl77_2liquidityriskfactor_dcc,matrix,73,Current Cash Flow Debt Coverage Ratio: It is defined as the most recently reported quarterly cash flow from operations less the cash dividends divided by the current interest-bearing debt,Matrix,100,3,USA,TOP3000,1
mdl77_2liquidityriskfactor_debtcf,matrix,83,The sum of the most recent reported long-term debt and short-term interest-bearing debt divided by the trailing 12-month cash flow.,Matrix,100,24,USA,TOP3000,1
mdl77_2liquidityriskfactor_divcov,matrix,51,Company's trailing 1-year profits scaled by its annual dividends.,Matrix,100,65,USA,TOP3000,1
mdl77_2liquidityriskfactor_ed,matrix,99,Long-term Debt-to-Equity: It is defined as the most recently reported total long-term debt divided by total book equity.,Matrix,100,1,USA,TOP3000,1
mdl77_2liquidityriskfactor_flowratio,matrix,80,Flow Ratio: It is defined as the difference between current assets and cash & equivalents divided by the difference between current liabilities and short-term debt. All items are from the most recent quarter.,Matrix,100,41,USA,TOP3000,1
mdl77_2liquidityriskfactor_gear,matrix,99,Capital Gearing Ratio: It is defined as the long-term debt divided by the difference between total assets and current liability.,Matrix,100,64,USA,TOP3000,1
mdl77_2liquidityriskfactor_growdura,matrix,82,"Growth Duration: It is defined as the natural log of the ratio of a stock's leading 12-month PE to the leading 12-month PE of the market divided by the natural log of the ratio of 1 plus the stock's total growth rate, defined as the long-term growth rate plus indicated annual dividend yield, to the total growth rate of the market, defined similarly. The factor is ranked in ascending order.",Matrix,100,96,USA,TOP3000,1
mdl77_2liquidityriskfactor_idb,matrix,84,Basic Defensive Interval: It measures how many days that a company can cover its daily operating expenses (cost of goods sold and SG&A) by only using its cash and receivables on its balance sheet.,Matrix,100,116,USA,TOP3000,1
mdl77_2liquidityriskfactor_impduration,matrix,92,"Implied Equity Duration: It is an equity risk measure based on Macaulay's traditional measure of bond duration. It combines book value, expected growth, expected profitability, and current stock trading price.",Matrix,100,2,USA,TOP3000,1
mdl77_2liquidityriskfactor_iqa,matrix,79,Asset Quality Index: It is defined as the year-over-year change of 1 minus the ratio of current assets plus PP&E divided by total assets,Matrix,100,1,USA,TOP3000,1
mdl77_2liquidityriskfactor_lfd,matrix,93,The sum of the trailing 12-month pretax income and the trailing 12-month interest expense divided by the trailing 12-month pretax income.,Matrix,100,77,USA,TOP3000,1
mdl77_2liquidityriskfactor_liqcoeff,matrix,91,Liquidity Coefficient: It is the slope of the regression between the monthly stock trading turnover ratio (X) and the contemporary monthly stock price returns (Y).,Matrix,100,1,USA,TOP3000,1
mdl77_2liquidityriskfactor_mad3yttmni,matrix,88,"3-Year MAD of TTM Net Income: It is defined as the mean absolute deviation of the last 12 quarters' trailing 12-month net income, deflated by the average of total assets.",Matrix,100,2,USA,TOP3000,1
mdl77_2liquidityriskfactor_mad3yttmsale,matrix,87,3-yr MAD of TTM Sales: It is defined as the mean absolute deviation of 12-quarter trailing 12-month sales deflated by the average of total assets.,Matrix,100,36,USA,TOP3000,1
mdl77_2liquidityriskfactor_milliq,matrix,100,Stock Illiquidity: It is defined as the monthly average of the daily absolute return to the daily dollar trading volume ratio.,Matrix,100,1,USA,TOP3000,1
mdl77_2liquidityriskfactor_mktcappera,matrix,98,Stock's current market cap divided by the number of analysts providing Fiscal Year 1 earnings estimates.,Matrix,100,2,USA,TOP3000,1
mdl77_2liquidityriskfactor_mktlev,matrix,97,"Stock's total market value plus the most recent reported quarterly book debt, then divided by the market value.",Matrix,100,37,USA,TOP3000,1
mdl77_2liquidityriskfactor_monchgsip,matrix,99,Monthly Change in Short Interest Position: It is defined as the month-to-month change of the ratio of shares sold short divided by common shares outstanding.,Matrix,100,58,USA,TOP3000,1
mdl77_2liquidityriskfactor_netcashp,matrix,90,Net Cash to Equity: It is defined as most recently reported quarterly cash & equivalents less the long-term debt and current debt for a stock divided by its current market value.,Matrix,100,48,USA,TOP3000,1
mdl77_2liquidityriskfactor_nfaldebt,matrix,80,Net Fixed Assets to Long-term Debt: It is defined as the most recent quarterly reported net fixed assets divided by the total long-term debt.,Matrix,100,49,USA,TOP3000,1
mdl77_2liquidityriskfactor_nlassets,matrix,99,Natural Logarithm of Total Assets: It is defined as the natural logarithm of the most recent quarterly reported total assets.,Matrix,100,1,USA,TOP3000,1
mdl77_2liquidityriskfactor_nlmktcap,matrix,100,Natural Logarithm of Market Capitalization: It is defined as the natural logarithm of the cubic of a stock's total market value.,Matrix,100,2,USA,TOP3000,1
mdl77_2liquidityriskfactor_nlprice,matrix,100,Natural Logarithm of Closing Price: It is defined as the natural logarithm of the cubic of a stock's unadjusted closing price.,Matrix,100,1,USA,TOP3000,1
mdl77_2liquidityriskfactor_nlsales,matrix,97,Natural Logarithm of TTM Sales: It is defined as the natural logarithm of the cubic of a company's trailing 12-month sales.,Matrix,100,56,USA,TOP3000,1
mdl77_2liquidityriskfactor_nlvolcap,matrix,96,The natural logarithm of the quotient of the trailing 1-year average of the monthly volume to the trailing 1-year average of monthly market value of outstanding shares.,Matrix,100,36,USA,TOP3000,1
mdl77_2liquidityriskfactor_numest,matrix,99,The number of analysts' earnings estimates for fiscal year 1 for a stock.,Matrix,100,6,USA,TOP3000,1
mdl77_2liquidityriskfactor_ocfratio,matrix,80,Operating Cash Flow Ratio: It is defined as a stock's most recently reported quarterly cash flow from operations divided by its current liabilities.,Matrix,100,126,USA,TOP3000,1
mdl77_2liquidityriskfactor_ohlsonscore,matrix,79,"Ohlson Bankruptcy Score: It is a model assessing a company's probability of bankruptcy by considering firm size, capital structure, financial performance, and liquidity. It is derived from Ohlson (1980).",Matrix,100,1,USA,TOP3000,1
mdl77_2liquidityriskfactor_oplev,matrix,88,Operating Leverage: It is defined as the percent change in the trailing 12-month operating income from the previous quarter divided by the percent change in trailing 12-month sales from the previous quarter.,Matrix,100,8,USA,TOP3000,1
mdl77_2liquidityriskfactor_pcurlia,matrix,85,Current Liabilities-to-Price: It is defined as a stock's most recently reported quarterly current liabilities per share divided by its closing price.,Matrix,100,3,USA,TOP3000,1
mdl77_2liquidityriskfactor_rerror60m,matrix,81,Regression Error of 60-Month CAPM: It is defined as the standard error of the slope of the least squares regression line for a stock's last 60-month monthly returns against the S&P 500 Index returns.,Matrix,100,37,USA,TOP3000,1
mdl77_2liquidityriskfactor_rq,matrix,81,Quick Ratio: It is defined as the current assets less inventories from most recent quarter divided by the total current liabilities from most recent quarter.,Matrix,100,52,USA,TOP3000,1
mdl77_2liquidityriskfactor_si_ratio,matrix,100,Short Interest Ratio: It is defined as the number of shares sold short divided by the average daily trading volume of the stock over the last 30 trading days.,Matrix,100,109,USA,TOP3000,1
mdl77_2liquidityriskfactor_sigma,matrix,81,Stock Return Volatility: It is defined as the standard deviation of a stock's monthly returns in the prior 60 months.,Matrix,100,1,USA,TOP3000,1
mdl77_2liquidityriskfactor_sip,matrix,98,Short Interest Position: It is defined as the number of shares sold short divided by common shares outstanding.,Matrix,100,23,USA,TOP3000,1
mdl77_2liquidityriskfactor_tobinq,matrix,95,"Tobin q: It is defined as the market value of equity (E) plus debt (D) divided by assets (A), or (E + D)/A. D is measured using book values.",Matrix,100,1,USA,TOP3000,1
mdl77_2liquidityriskfactor_totalcov,matrix,85,Total Coverage: It equals (Cash Flow from Operations + Interest Paid + Tax Paid) / (Interest + Principal Paid).,Matrix,100,3,USA,TOP3000,1
mdl77_2liquidityriskfactor_voctni,matrix,85,Interest Coverage: It is defined as the most recently reported quarterly operating income before depreciation divided by the quarterly long-term debt interest expenses.,Matrix,100,1,USA,TOP3000,1
mdl77_2liquidityriskfactor_voldiff_pc,matrix,84,ATM Put Volatility - ATM Call Volatility: It is defined as the difference between the time-weighted average implied volatility of the 2 nearest to expiration at-the-money put options and 2 nearest to expiration at-the-money call options.,Matrix,100,8,USA,TOP3000,1
mdl77_2liquidityriskfactor_volto,matrix,99,Trading Turnover Ratio: It is defined as the monthly total trading volume divided by the most recently reported total outstanding shares.,Matrix,100,3,USA,TOP3000,1
mdl77_2liquidityriskfactor_yoychgcr,matrix,80,Year-over-year Change in Current Ratio: It is defined as the most recent reported quarterly current ratio and the current ratio for the same quarter one year ago. Current ratio equals current assets divided by current liabilities.,Matrix,100,51,USA,TOP3000,1
mdl77_2liquidityriskfactor_yoychgda,matrix,98,Year-over-year Change in Leverage: It is defined as the difference between the most recent reported quarterly total liabilities as a percentage of the reported total assets and the percentage for the same quarter one year ago.,Matrix,100,2,USA,TOP3000,1
mdl77_2me_am_amv,matrix,100,"Reported Earnings Momentum: This submodule is 50% Standardized Unexpected Cash Flow, 25% Real Earnings Surprise, and 25% Change in Real Earnings Surprise.",Matrix,100,3,USA,TOP3000,1
mdl77_2min1ygrossmargin,matrix,83,1-Year Trough Gross Margin: It is defined as the 1-year minimum value of a stock's quarterly gross profit margin.,Matrix,100,81,USA,TOP3000,1
mdl77_2min1yopmargin,matrix,93,1-Year Trough Operating Margin: It is defined as the 1-year minimum value of a stock's quarterly operating profit margin.,Matrix,100,3,USA,TOP3000,1
mdl77_2min2ygrossmargin,matrix,81,2-Year Trough Gross Margin: It is defined as the 2-year minimum value of a stock's quarterly gross profit margin.,Matrix,100,72,USA,TOP3000,1
mdl77_2min2yopmargin,matrix,92,2-Year Trough Operating Margin: It is defined as the 2-year minimum value of a stock's quarterly operating profit margin.,Matrix,100,106,USA,TOP3000,1
mdl77_2min3ygrossmargin,matrix,79,3-Year Trough Gross Margin: It is defined as the 3-year minimum value of a stock's quarterly gross profit margin.,Matrix,100,2,USA,TOP3000,1
mdl77_2min3yopmargin,matrix,88,3-Year Trough Operating Margin: It is defined as the 3-year minimum value of a stock's quarterly operating profit margin.,Matrix,100,1,USA,TOP3000,1
mdl77_2momemtumanalystmodel_ghcfcfmtt_amq,matrix,98,"Change in TTM Free Cash Flow Rank: It is defined as the 2Q change in a stock's trailing twelve-month free cash flow, divided by the absolute value of a stock's trailing twelve-month free cash flow from two quarters ago.",Matrix,100,50,USA,TOP3000,1
mdl77_2momemtumanalystmodel_htwrgspe_amq,matrix,95,"Earnings Growth Rank: It is defined as the one-quarter change in a stock's trailing twelve-month earnings per share, scaled by its recent closing stock price (E/P).",Matrix,100,120,USA,TOP3000,1
mdl77_2momemtumanalystmodel_jdaksr_amq,matrix,98,"Risk Adjustments Rank: It is defined as the aggregation of five non-linear price and trading volume volatility and growth subfactors. This factor penalizes a stock with extremely high (or low) volume volatility, high standard deviation of monthly returns, and large intraday price high/low spreads, among other ideas.",Matrix,100,1,USA,TOP3000,1
mdl77_2momemtumanalystmodel_qma_alpha6m,matrix,91,"Six-Month Alpha Change Rank: It is defined as the 6-month change in a stock's 12-month alpha, as calculated by a rolling CAPM regression.",Matrix,100,16,USA,TOP3000,1
mdl77_2momemtumanalystmodel_qma_chgnowc,matrix,74,Change in Net Working Capital Rank: It is defined as the one-quarter change in a stock's recent net current working capital divided by total net operating assets from one quarter ago.,Matrix,100,4,USA,TOP3000,1
mdl77_2momemtumanalystmodel_qma_composite,matrix,98,"The composite of the Earnings Momentum Rank, the Analyst Expectations Rank, the Earnings-Price Link Rank, and the Relative Price Momentum Rank factors.",Matrix,100,1,USA,TOP3000,1
mdl77_2momemtumanalystmodel_qma_condsurp,matrix,90,"Conditional Surprise Rank: It is defined as the average of a stock's recent earnings surprise, its cost of goods sold efficiency relative to its value categorization, and its sales growth strength relative to its growth categorization.",Matrix,100,50,USA,TOP3000,1
mdl77_2momemtumanalystmodel_qma_earnexp,matrix,95,Analyst Expectations Rank: It is defined as the equal weighted average of the Earnings Revisions and the Ratings Change Ranks.,Matrix,100,2,USA,TOP3000,1
mdl77_2momemtumanalystmodel_qma_eplinkage,matrix,97,"The equal-weighted average of the Change in Free Cash Flow Rank, the Industry Relative 3-Month Return Rank, the Market Earnings Response Rank, and the Change in Net Working Capital Rank.",Matrix,100,4,USA,TOP3000,1
mdl77_2momemtumanalystmodel_qma_estrev,matrix,93,"Estimate Revisions Rank: It is defined as the difference between the number of recent upward and downward revisions to both fiscal 1 year (FY1) and fiscal 2 year (FY2) EPS estimates over the past 4 weeks, scaled respectively by the total number of FY1 and FY2 estimates.",Matrix,100,8,USA,TOP3000,1
mdl77_2momemtumanalystmodel_qma_indrelrtn3m,matrix,97,The difference of a company's 3-month profit compared to its respective industry classification.,Matrix,100,48,USA,TOP3000,1
mdl77_2momemtumanalystmodel_qma_lagpricemo,matrix,93,"Lagged 12- to 1-Month Price MomRank: It is defined as the difference between a stock's lagged 12-month return and its recent 1-month return, scaled by the standard deviation of the 1-month return over the past year.",Matrix,100,14,USA,TOP3000,1
mdl77_2momemtumanalystmodel_qma_mktresponse,matrix,96,"Market Earnings Response Rank: It is defined as the 4-day return for a stock, spanning the 2 days before to the day after its recent quarterly earnings report",Matrix,100,54,USA,TOP3000,1
mdl77_2momemtumanalystmodel_qma_ratingchg,matrix,94,"The trend in sell-side analysts' consensus ratings (standardized 1 = strong buy to 5 = strong sell) revisions over the last 4 and 8 weeks, respectively.",Matrix,100,38,USA,TOP3000,1
mdl77_2momemtumanalystmodel_qma_relpricemo,matrix,93,"Relative Price Momentum Rank: It is defined as the equal-weighted average of the Lagged 12- to 1-Month Price Momentum Rank, the Risk Adjustments Rank, and the 6-Month Alpha Change Rank.",Matrix,100,16,USA,TOP3000,1
mdl77_2momemtumanalystmodel_qma_repearnmom,matrix,96,Earnings Momentum Rank: It is defined as the equal-weighted average of the Earnings Growth and Earnings Surprise Rankings.,Matrix,100,63,USA,TOP3000,1
mdl77_2mp_am_amv,matrix,100,"Price Momentum: This submodule is 30% 5-day Industry Relative Return, 30% Industry-adjusted 12-month Relative Price Strength, 20% 6-Month Nominal Change in 12-month Alpha, and 20% Bollinger Bands Indicator.",Matrix,100,1,USA,TOP3000,1
mdl77_2mqf_ags,matrix,85,"SG&A Expenses-to-Sales: It is defined as the trailing 12-month selling, general management, and administration expenses divided by the trailing 12-month sales.",Matrix,100,58,USA,TOP3000,1
mdl77_2mqf_aoer,matrix,99,Retained Earnings-to-Total Assets: It is defined as the reported cumulative retained earnings from the most recent quarter deflated by reported total assets from the most recent quarter.,Matrix,100,2,USA,TOP3000,1
mdl77_2mqf_aor,matrix,98,Return on Assets: It is defined as the trailing 12-month income before extra items divided by the average of total assets in the same period.,Matrix,100,5,USA,TOP3000,1
mdl77_2mqf_aspanratio,matrix,91,Stock's quarterly operating assets minus its operating liabilities deflated by the lagged total assets.,Matrix,100,7,USA,TOP3000,1
mdl77_2mqf_astto,matrix,98,Assets Turnover Ratio: It is defined as the trailing 12-month sales divided by the most recently reported quarterly assets.,Matrix,100,144,USA,TOP3000,1
mdl77_2mqf_bmpo,matrix,95,Operating Profit Margin: It is defined as the most recently reported quarterly operating income divided by the corresponding quarterly sales.,Matrix,100,1,USA,TOP3000,1
mdl77_2mqf_capexast,matrix,94,Capital Expenditure-to-Total Assets: It is defined as trailing 12-month capital expenditures divided by the total assets from the most recent quarter,Matrix,100,5,USA,TOP3000,1
mdl77_2mqf_capexsale,matrix,93,TTM Capital Expenditures-to-Sales: It is defined as trailing 12-month capital expenditures divided by trailing 12-month sales.,Matrix,100,1,USA,TOP3000,1
mdl77_2mqf_cashburnrate,matrix,89,Cash Burn Rate: It is defined as: -(Cash From Operations + Cash from Investments) / (Cash + Short-term Investments).,Matrix,100,69,USA,TOP3000,1
mdl77_2mqf_cashc,matrix,77,Cash Cycle: It is defined as the average inventory days plus the average collection days minus the average payable days.,Matrix,100,62,USA,TOP3000,1
mdl77_2mqf_cashsale,matrix,89,"The company's performance in trailing 1-year before taking into account non-recurring gain or loss, divided by its month-end trading price.",Matrix,100,1,USA,TOP3000,1
mdl77_2mqf_cfita,matrix,95,TTM Cash Flow from Investment to Total Assets: It is defined as the trailing 12-month cash flow from the investing portion of the cash flow statement divided by the last 4 quarters' average total assets.,Matrix,100,1,USA,TOP3000,1
mdl77_2mqf_cfroi,matrix,96,"Cash Flow Return on Invested Capital: It is defined as the trailing 12-month cash flow divided by the average invested capital in the same period. Invested capital equals the sum of common equity, long-term debt, minority interest, and preferred stock.",Matrix,100,1,USA,TOP3000,1
mdl77_2mqf_chgnoa,matrix,91,"Change in Net Operating Assets: It is defined as the year-over-year change of net operating assets to total assets, where net operating assets equal the most recent quarterly short-term debt plus long-term debt plus preferred equity plus common equity minus cash.",Matrix,100,1,USA,TOP3000,1
mdl77_2mqf_chgollev,matrix,98,"Change in Operating Liability Leverage: It is defined as the current quarter operating liability leverage less the operating liability leverage 4 quarters ago, where operating liability leverage equals 1 minus the ratio of (short-term debt + long-term debt + common equity + preferred equity - cash) to (total assets - cash)",Matrix,100,54,USA,TOP3000,1
mdl77_2mqf_chgreccast,matrix,78,YOY Chg in Acct Receivable to Current Assets: It is defined as the percent change in the most recent quarterly reported accounts receivable to current assets ratio from the ratio for the same quarter one year ago.,Matrix,100,126,USA,TOP3000,1
mdl77_2mqf_cws,matrix,79,Working Capital-to-Trailing 12-Month Sales: It is defined as the average of working capital for the trailing 12 months divided by the total sales in the same period. Working capital equals the inventory plus accounts receivable minus accounts payable on the balance sheet.,Matrix,100,1,USA,TOP3000,1
mdl77_2mqf_divcf,matrix,93,Dividends-to-Cash Flow: It is defined as the trailing 12-month cash dividends divided by the trailing 12-month cash flow. Cash dividends represent the total amount of cash dividends paid for both common and preferred stock.,Matrix,100,3,USA,TOP3000,1
mdl77_2mqf_equityto,matrix,97,The trailing 12-month sales divided by the average of trailing 12-month reported book equity.,Matrix,100,6,USA,TOP3000,1
mdl77_2mqf_fcfroi,matrix,95,"Free Cash Flow Return on Invested Capital: It is defined as the trailing 12-month free cash flow divided by the average invested capital in the same period. Invested capital equals the sum of common equity, long-term debt, minority interest, and preferred stock.",Matrix,100,56,USA,TOP3000,1
mdl77_2mqf_fcfsale,matrix,94,TTM Free Cash Flow-to-TTM Sales: It is defined as the trailing 12-month free cash flow divided by the trailing 12-month sales.,Matrix,100,2,USA,TOP3000,1
mdl77_2mqf_fixastto,matrix,94,The trailing 12-month sales divided by the average of the total fixed assets in the same period.,Matrix,100,1,USA,TOP3000,1
mdl77_2mqf_ica,matrix,85,Abnormal Capital Investment: It is defined as the change in a firm's most recent trailing 12-month capital investment intensity compared to the average of its prior 3-year investment intensity.,Matrix,100,19,USA,TOP3000,1
mdl77_2mqf_indrelcroe_,matrix,94,Stock's lagged quarterly return on equity (ROE) minus the average of the ROEs of all stocks in the same industry deflated by the standard deviation of these ROEs.,Matrix,100,1,USA,TOP3000,1
mdl77_2mqf_invast,matrix,90,The current inventory level deflated by the total assets from the most recent quarter.,Matrix,100,3,USA,TOP3000,1
mdl77_2mqf_mpn,matrix,96,Net Profit Margin: It is defined as the most recently reported quarterly net income after tax divided by the corresponding quarterly sales.,Matrix,100,6,USA,TOP3000,1
mdl77_2mqf_netdebt,matrix,98,"Net Debt Ratio: It is defined as the net debt divided by the sum of the net debt, preferred stock, and common stock, where net debt equals the long-term debt plus short-term debt minus cash & equivalents. All items are from the most recent quarter.",Matrix,100,2,USA,TOP3000,1
mdl77_2mqf_niper,matrix,95,Net Income per Employee: It is defined as the income after taxes for the trailing 12-months divided by the number of employees at the end of the last reported fiscal year.,Matrix,100,2,USA,TOP3000,1
mdl77_2mqf_noato,matrix,91,"Net Operating Asset Turnover: It is defined as trailing 12-month sales divided by the last 4-quarters average net operating assets, which equals short-term debt + long-term debt + preferred equity + common equity - cash.",Matrix,100,78,USA,TOP3000,1
mdl77_2mqf_nopatmargin,matrix,90,NOPAT Margin: It is defined as: (Net Income + Interest Expense*(1-Effective Tax Rate))/Net Sales. All items are for trailing 12-month. Effective tax rate equals income taxes for the trailing 12 months divided by the trailing 12 months' income before taxes.,Matrix,100,2,USA,TOP3000,1
mdl77_2mqf_ocfast,matrix,96,Operating Cash Flow to Assets: It is defined as the trailing 12-month net cash flow from operations divided by the average total assets.,Matrix,100,1,USA,TOP3000,1
mdl77_2mqf_ocfmargin,matrix,94,Operating Cash Flow Profit Margin: It is defined as the trailing 12-month cash flow from operations scaled by the trailing 12-month sales.,Matrix,100,1,USA,TOP3000,1
mdl77_2mqf_ocfroi,matrix,95,"Operating Cash Flow Return on Invested Capital: It is defined as the trailing 12-month operating cash flow divided by the average invested capital in the same period. Invested capital equals the sum of common equity, long-term debt, minority interest, and preferred stock.",Matrix,100,62,USA,TOP3000,1
mdl77_2mqf_ollev,matrix,99,Operating Liability Leverage: It is defined as 1 minus the ratio of (short-term debt + long-term debt + common equity + preferred equity - cash) to (total assets - cash) in the current quarter,Matrix,100,2,USA,TOP3000,1
mdl77_2mqf_otvni,matrix,63,Inventory Turnover Ratio: It is defined as the trailing 12-month cost of goods sold divided by the average of inventory in the same period.,Matrix,100,31,USA,TOP3000,1
mdl77_2mqf_pca,matrix,88,Average Collection Period: It is defined as the average of the trailing 12-month reported accounts receivable times 365 and then divided by the trailing 12-month sales.,Matrix,100,2,USA,TOP3000,1
mdl77_2mqf_pinoa,matrix,78,Pretax Return on Net Operating Assets: It is defined as the trailing 12-month operating income after depreciation divided by the average net operating assets.,Matrix,100,46,USA,TOP3000,1
mdl77_2mqf_ppa,matrix,79,Average Payable Period: It is defined as the average of the trailing 12-month accounts payable times 365 divided by the trailing 12-month cost of goods sold.,Matrix,100,10,USA,TOP3000,1
mdl77_2mqf_rdsale,matrix,41,R&D Intensity: It is defined as the average of the research & development expenses in the trailing 12 months deflated by the sum of total sales in the same period.,Matrix,100,15,USA,TOP3000,1
mdl77_2mqf_revper,matrix,94,Revenue per Employee: It is defined as the trailing 12-month total sales divided by the number of employees at the end of the last reported fiscal year.,Matrix,100,1,USA,TOP3000,1
mdl77_2mqf_roe,matrix,95,Return on Equity: It is defined as the trailing 12-month income before extra items divided by the average of common equity in the same period.,Matrix,100,1,USA,TOP3000,1
mdl77_2mqf_roic,matrix,96,"Return on Invested Capital: It is defined as the trailing 12-month net income and interest expenses divided by the average reported invested capital, which equals the sum of common equity, long-term debt, minority interest, and preferred stock.",Matrix,100,2,USA,TOP3000,1
mdl77_2mqf_vnicw,matrix,61,Working Capital to Inventory: It is defined as the most recent quarterly reported working capital divided by the inventory. Working capital is the difference between current assets and current liabilities.,Matrix,100,2,USA,TOP3000,1
mdl77_2mqf_wcast,matrix,81,Working Capital-to-Total Assets: It is defined as the average working capital in the trailing 12 months divided by the average total assets in the same period.,Matrix,100,1,USA,TOP3000,1
mdl77_2mqf_yoychggpm,matrix,86,Yearly Change In Gross Profit Margin: It is defined as the most recent quarterly reported gross profit margin minus the margin for the same quarter 1 year ago. Gross profit margin equals the difference between sales and cost of goods sold then scaled by the sales.,Matrix,100,86,USA,TOP3000,1
mdl77_2mqf_yoychgroa,matrix,97,Yearly Change in Return on Assets: It is defined as the most recent trailing 12-month income before extra items as a percentage of total assets minus the percentage for the same quarter one year ago,Matrix,100,4,USA,TOP3000,1
mdl77_2mrspe_cf,matrix,43,The 3-month change in analysts' median earnings forecast for a stock's fiscal 1 scaled by the current mean estimate.,Matrix,100,5,USA,TOP3000,1
mdl77_2nef,matrix,79,"Net External Financing: It is defined as the sum of the net cash from the change in common equity, the change in preferred equity, the change in convertible debt, the change in other long-term debt, and the change in short-term borrowings. All items are scaled by the total assets.",Matrix,100,1,USA,TOP3000,1
mdl77_2over,matrix,96,Overhead-to-Sales: It is defined as the trailing 12-month operating income less depreciation minus income before extraordinary items scaled by trailing 12-month sales,Matrix,100,53,USA,TOP3000,1
mdl77_2pe_wt,matrix,46,Time-Weighted Earnings Yield: This factor uses a time-weighted combination of FY1 and FY2 earnings estimates to create a twelve-month forward earnings forecast. This earnings factor is a unique complement to the wide variety of earnings-related metrics available to determine a company's fair value.,Matrix,100,1,USA,TOP3000,1
mdl77_2pelh_cf,matrix,45,"Street Revision Confidence: It is defined as the sum of the 3-month change in the highest and lowest FY1 earnings estimate, scaled by month-end trading price.",Matrix,100,8,USA,TOP3000,1
mdl77_2priceanalystmodel2_qpa_composite,matrix,93,Score based on analysts,Matrix,100,18,USA,TOP3000,1
mdl77_2priceanalystmodel_nspmoc_apq,matrix,96,Price Analyst Sector-Neutral: Price Analyst Sector-Neutral,Matrix,100,1,USA,TOP3000,1
mdl77_2priceanalystmodel_qpa_indrs,matrix,93,Industry Relative Strength: Industry Relative Strength,Matrix,100,15,USA,TOP3000,1
mdl77_2priceanalystmodel_srjdaksr_apq,matrix,93,Risk Adj Relative Strength : Risk Adj Relative Strength,Matrix,100,26,USA,TOP3000,1
mdl77_2pricemomemtummodel2_indrelrtn5d_,matrix,98,"Stock's return in the last 5 days minus the average of the comparable returns of all stocks in the same industry, then deflated by the standard deviation of these returns.",Matrix,100,4,USA,TOP3000,1
mdl77_2pricemomemtummodel_pmm_composite,matrix,94,Score based on price momentum,Matrix,100,5,USA,TOP3000,1
mdl77_2pricemomemtummodel_rationalalpha,matrix,94,Rational Decay Alpha: It evaluates stocks based on their historical 12-month market (S&P 500) adjusted excess return (the Y-intercept from an OLS regression equation) using a proprietary rational decay function.,Matrix,100,2,USA,TOP3000,1
mdl77_2pricemomemtummodel_relpricestrength_,matrix,94,"Industry-Adjusted 12-Month Relative Price Strength: It is defined as a stock's 12-month relative price strength (PS) minus the PSs of all stocks in the same industry, deflated by the standard deviation of these PSs.",Matrix,100,1,USA,TOP3000,1
mdl77_2pricemomemtummodel_visiratio,matrix,98,The Visibility Ratio: It equals a stock's most recent daily trading volume divided by the average daily trading volume in the previous 50 trading days.,Matrix,100,2,USA,TOP3000,1
mdl77_2pricemomemtummodel_voldiff_pc,matrix,84,ATM Put Volatility - ATM Call Volatility: It is defined as the difference between the time weighted average implied volatility of the 2 nearest to expiration at the money put options and 2 nearest to expiration at the money call options,Matrix,100,60,USA,TOP3000,1
mdl77_2pricemomentumfactor_5_4op,matrix,96,One minus the quotient of a stock's last 52-week price exponential moving average divided by its last 4-week price exponential moving average.,Matrix,100,4,USA,TOP3000,1
mdl77_2pricemomentumfactor_6351_rp,matrix,97,15/36 Week Stock Price Ratio: It is defined as the moving average of a stock's prices in the last 15 weeks divided by the moving average of its prices in the last 36 weeks.,Matrix,100,21,USA,TOP3000,1
mdl77_2pricemomentumfactor_actrtn12m,matrix,96,12-Month Active Return with 1-month Lag: It is defined as the percent change in price for a stock from month t-13 to month t-1.,Matrix,100,22,USA,TOP3000,1
mdl77_2pricemomentumfactor_actrtn18m,matrix,93,18-Month Active Return with 1-Month Lag: It is defined as the percent change in price for a stock from month t-19 to month t-1.,Matrix,100,6,USA,TOP3000,1
mdl77_2pricemomentumfactor_actrtn1m,matrix,100,1-Month Active Return: It is defined as the percent change in price for a stock from month t-1 to month t.,Matrix,100,26,USA,TOP3000,1
mdl77_2pricemomentumfactor_actrtn24m,matrix,91,24-Month Active Return with 1-Month Lag: It is defined as the percent change in price for a stock from month t-25 to month t-1.,Matrix,100,20,USA,TOP3000,1
mdl77_2pricemomentumfactor_actrtn2m,matrix,100,2-Month Active Return: It is defined as the percent change in price for a stock from month t-2 to month t.,Matrix,100,72,USA,TOP3000,1
mdl77_2pricemomentumfactor_actrtn36m,matrix,87,36-Month Active Return with 1-Month Lag: It is defined as the percent change in price for a stock from month t-37 to month t-1.,Matrix,100,2,USA,TOP3000,1
mdl77_2pricemomentumfactor_actrtn3m,matrix,99,3-Month Active Return: It is defined as the percent change in price for a stock from month t-3 to month t.,Matrix,100,20,USA,TOP3000,1
mdl77_2pricemomentumfactor_actrtn60m,matrix,80,60-Month Active Return with 1-Month Lag: It is defined as the percent change in price for a stock from month t-61 to month t-1.,Matrix,100,11,USA,TOP3000,1
mdl77_2pricemomentumfactor_actrtn6m,matrix,98,6-Month Active Return with 1-Month Lag: It is defined as the percent change in price for a stock from month t-7 to month t-1.,Matrix,100,14,USA,TOP3000,1
mdl77_2pricemomentumfactor_alpha60m,matrix,80,60-Month Alpha: It is defined as the intercept of the regression line which best fits a stock's monthly price return against the S&P 500 index monthly return over the last 60-month period.,Matrix,100,1,USA,TOP3000,1
mdl77_2pricemomentumfactor_chg6malpha18m,matrix,92,"6-Month Nominal Change in 18-Month Alpha: It is defined as the 6-month change in a stock's 18-month alpha, which equals the intercept from the regression of a stock price's monthly return against the S&P 500 index monthly return over the last 18-month period.",Matrix,100,17,USA,TOP3000,1
mdl77_2pricemomentumfactor_chgalpha12m,matrix,94,"6-Month Nominal Change in 12-Month Alpha: It is defined as the 6-month change in a stock's 12-month alpha, which equals the intercept from the regression of a stock price's monthly return against the S&P 500 index monthly return over the last 12-month period.",Matrix,100,2,USA,TOP3000,1
mdl77_2pricemomentumfactor_chgalpha36m,matrix,86,"6-Month Nominal Change in 36-Month Alpha: It is defined as the 6-month change in a stock's 36-month alpha, which equals the intercept from the regression of a stock price's monthly return against the S&P 500 index monthly return over the last 36-month period.",Matrix,100,20,USA,TOP3000,1
mdl77_2pricemomentumfactor_chgvolpre4y,matrix,78,4-Year Change in the Average Trading Volume: It is defined as the change in the most recent 6-month moving average of monthly turnover ratio (average monthly trading volume/total shares outstanding) as compared to the 12-month moving average of monthly turnover ratio 4 years ago.,Matrix,100,101,USA,TOP3000,1
mdl77_2pricemomentumfactor_high52w,matrix,98,52-Week High: It is defined as the month-end price divided by the highest monthly closing price in the past 12 months.,Matrix,100,29,USA,TOP3000,1
mdl77_2pricemomentumfactor_indrelrtn4w_,matrix,97,4-week Industry Relative Return: It is defined as a stock's return in the last 4 weeks minus the average of the comparable returns of all stocks in the same industry deflated by the standard deviation of these returns.,Matrix,100,1,USA,TOP3000,1
mdl77_2pricemomentumfactor_indrelrtn5d_,matrix,98,"Stock's return in the last 5 days minus the average of the comparable returns of all stocks in the same industry, then deflated by the standard deviation of these returns.",Matrix,100,4,USA,TOP3000,1
mdl77_2pricemomentumfactor_m42rav,matrix,92,24-Month Value at Risk: It is defined as the minimum of a stock's monthly price return in the last 20-month period.,Matrix,100,4,USA,TOP3000,1
mdl77_2pricemomentumfactor_m6dn2ntr,matrix,96,Second Preceding 6-Month Return: It is defined as the percent change in a stock's price from month t-12 to month t-7.,Matrix,100,13,USA,TOP3000,1
mdl77_2pricemomentumfactor_normalmf60d,matrix,98,The 60-day average of a stock's daily money flow divided by daily total dollar volume.,Matrix,100,23,USA,TOP3000,1
mdl77_2pricemomentumfactor_ntrm01ff,matrix,96,Fama-French Momentum: It is defined as the percent change in a stock's price from month t-12 to month t-2.,Matrix,100,30,USA,TOP3000,1
mdl77_2pricemomentumfactor_p50_00ratio,matrix,97,50-200 Day Stock Price Ratio: It is defined as the moving average of a stock's prices in the last 50 days divided by the moving average of its prices in the last 200 days.,Matrix,100,5,USA,TOP3000,1
mdl77_2pricemomentumfactor_pc_ratio,matrix,84,"Put/Call Ratio: It is defined as the open interest in 7 near-the-money (1 at-the-money, next 3 above and next 3 below), nearest to expiration put option contracts divided by the open interest in 7 near-the-money (1 at-the-money, next 3 above and next 3 below), nearest to expiration call option contracts.",Matrix,100,1,USA,TOP3000,1
mdl77_2pricemomentumfactor_pctabv260low,matrix,97,Price Above Last 260-Day Lowest Trading Price: It is defined as a stock's current closing price divided by its lowest daily low price in the last 260 trading days.,Matrix,100,45,USA,TOP3000,1
mdl77_2pricemomentumfactor_pd09erpvc,matrix,99,CV of Prior 90-Day Closing Prices: It is defined as the standard deviation of a stock's last 90 days closing prices divided by the mean of these prices.,Matrix,100,56,USA,TOP3000,1
mdl77_2pricemomentumfactor_rationalalpha,matrix,96,Rational Decay Alpha: It evaluates stocks based on their historical 12-month market (S&P 500) adjusted excess return (the Y intercept from an OLS regression equation) using a proprietary rational decay function.,Matrix,100,69,USA,TOP3000,1
mdl77_2pricemomentumfactor_rba,matrix,98,Abnormal Return around QTR Earnings Release: It is defined as the sum of a stock's daily market-adjusted price return from 2 days before to 1 day after its quarterly earnings announcement. The market return proxy is the S&P 500 index.,Matrix,100,2,USA,TOP3000,1
mdl77_2pricemomentumfactor_relpricestrength_,matrix,94,Industry-adjusted 12-month Relative Price Strength: It is defined as a stock's 12-month relative price-strength (PS) minus the PSs of all stocks in the same industry deflated by the standard deviation of these PSs.,Matrix,100,19,USA,TOP3000,1
mdl77_2pricemomentumfactor_sharpe36m,matrix,89,Changes in company's monthly profit in the last 3 years compared to its profit 3 months ago.,Matrix,100,31,USA,TOP3000,1
mdl77_2pricemomentumfactor_skew90cortn,matrix,99,Skewness of 90-Day Stock Daily Excess Returns: It is defined as the skewness of the distribution of a stock's daily excess (compared to the S&P 500 index) price returns in the last 90 days. Skewness = 3*(Mean-Median)/Standard Deviation.,Matrix,100,72,USA,TOP3000,1
mdl77_2pricemomentumfactor_skew90drtn,matrix,99,Skewness of 90-Day Stock Daily Returns: It is defined as the skewness (measure of lack of symmetry) of the distribution of a stock's daily price returns in the last 90 days. Skewness = 3*(Mean-Median)/Standard Deviation.,Matrix,100,18,USA,TOP3000,1
mdl77_2pricemomentumfactor_slope52wp,matrix,96,Slope of 52-Week Price Trend Line: It is defined as the 4-week lagged slope coefficient of the least squares regression line of the last 52-week weekly stock's closing price against the corresponding weekly dates.,Matrix,100,1,USA,TOP3000,1
mdl77_2pricemomentumfactor_slope66wp,matrix,95,Slope of 66 Week Price Trend Line: It is defined as the 4-week lagged slope coefficient of the least squares regression line of the last 66-week weekly stock's closing price against the corresponding weekly dates.,Matrix,100,13,USA,TOP3000,1
mdl77_2pricemomentumfactor_sortinoratio,matrix,89,Sortino Ratio: It is defined as a stock's annualized average monthly total return over the last 36 months less the average annualized 90-Day T-Bill rate over the same period divided by the standard deviation of the stock's monthly returns in months when total return was negative.,Matrix,100,24,USA,TOP3000,1
mdl77_2pricemomentumfactor_tstalp,matrix,96,1-Year Price Momentum Indicator: It is defined as: (CORREL*(260-2)^.5)/(1-CORREL^2)^.5. CORREL is the correlation coefficient between the natural logarithm of stock daily closing price and the corresponding daily dates in last 260 days.,Matrix,100,14,USA,TOP3000,1
mdl77_2pricemomentumfactor_varresirtn,matrix,89,24-Month Residual Return Variance: It is defined as the variance of a stock's monthly residual return in the last 24 months. The monthly residual return equals the stock's monthly return minus the product of the multiplication of a stock's proprietary 60-month Beta by the S&P 500 index monthly return.,Matrix,100,10,USA,TOP3000,1
mdl77_2pricemomentumfactor_visiratio,matrix,100,The Visibility Ratio: It equals a stock's most recent daily trading volume divided by the average daily trading volume in the previous 50 trading days.,Matrix,100,6,USA,TOP3000,1
mdl77_2pricemomentumfactor_volpre6m,matrix,98,The 6-month moving average of average monthly turnover ratio.,Matrix,100,92,USA,TOP3000,1
mdl77_2pricemomentumfactor_w15tvp,matrix,95,This field determines the strength of trends and warns of reversals.,Matrix,100,1,USA,TOP3000,1
mdl77_2pricemomentumfactor_w57w03_rp,matrix,94,30-75 Week Stock Price Ratio: It is defined as the moving average of a stock's prices in the last 30 weeks divided by the moving average of its prices in the last 75 weeks.,Matrix,100,14,USA,TOP3000,1
mdl77_2pricemomentumfactor_w62isr,matrix,98,26-Week Relative Price Strength: It is defined as a stock's most recent weekly closing price divided by its weekly closing price 26 weeks ago.,Matrix,100,2,USA,TOP3000,1
mdl77_2pricemomentumfactor_w93ntr,matrix,97,39-Week Return with 4-week Lag: It is defined as a stock's price change from week t-43 to week t-4.,Matrix,100,1,USA,TOP3000,1
mdl77_2put_put_capmod,matrix,44,"Capital Strength Module: It is defined as the equal-weighted average of the Industry Relative ROE, Change in Shares Outstanding, Total Coverage and Change in Operating Liability Leverage factors.",Matrix,100,0,USA,TOP3000,1
mdl77_2put_put_cashburn,matrix,44,Cash Burn Rate: It is defined as: -(Cash From Operations + Cash from Investments)/(Cash + Short-term Investments).,Matrix,100,13,USA,TOP3000,1
mdl77_2put_put_chgalpha,matrix,52,"Six-Month Alpha Change Rank: It is defined as the six-month change in a stock's twelve-month alpha, as calculated by a rolling CAPM regression.",Matrix,100,3,USA,TOP3000,1
mdl77_2put_put_chgoll,matrix,44,"Change in Operating Liability Leverage: It is defined as the current quarter operating liability leverage less the operating liability leverage 4 quarters ago, where operating liability leverage equals 1 minus the ratio of (short-term debt + long-term debt + common equity + preferred equity - cash) to (total assets - cash).",Matrix,100,6,USA,TOP3000,1
mdl77_2put_put_chshrs,matrix,55,Percent Change in Shares Outstanding: It is defined as the percent change in a company's current number of outstanding shares as compared to the number of shares outstanding 1 year ago.,Matrix,100,22,USA,TOP3000,1
mdl77_2put_put_dypeg,matrix,42,Reciprocal of Dividend Yield-adjusted PEG: It is defined as the reciprocal of a stock's forward 12-month P/E ratio divided by the total growth rate. The total growth rate is the sum of the forecasted long-term growth rate and the indicated dividend yield.,Matrix,100,6,USA,TOP3000,1
mdl77_2put_put_equality,matrix,49,"Earnings Quality Rank: It is defined as the equal weighted composite of the Earnings Shortfall, Change in Inventory, Change in Asset Turnover, Change in Net Operating Working Capital and Capex/Depreciations Ranks.",Matrix,100,34,USA,TOP3000,1
mdl77_2put_put_indepsp,matrix,55,"Industry Relative Core EPS to Price: It is defined as a stock's trailing 12-month earnings per share before extra items-to-price ratio (EP) less the average of the EPs of all stocks in the same industry, deflated by the standard deviation of these EPs.",Matrix,100,6,USA,TOP3000,1
mdl77_2put_put_indestep,matrix,52,Industry Relative Leading 4-QTRs EPS to Price: It is defined as a stock's trailing 12-month earnings per share before extra items-to-price ratio (EP) less the average of the EPs of all stocks in the same industry deflated by the standard deviation of these EPs.,Matrix,100,11,USA,TOP3000,1
mdl77_2put_put_indfcfp,matrix,47,Industry Relative Free Cash Flow-to-Price: It is defined as a stock's trailing 12-month free cash flow-to-price ratio (FCFP) less the average of the FCFPs of all stocks in the same industry deflated by the standard deviation of the FCFPs of all stocks in the same relative universe.,Matrix,100,3,USA,TOP3000,1
mdl77_2put_put_indroe,matrix,55,Company's ability to generate profit.,Matrix,100,9,USA,TOP3000,1
mdl77_2put_put_momod,matrix,54,"The mean of three components: unexpected changes in expense or profit, and consumer confidence report.",Matrix,100,12,USA,TOP3000,1
mdl77_2put_put_opincev,matrix,53,Operating Income to EV: It is defined as a stock's ratio of trailing 4Q operating income to enterprise value (OpInc/EV).,Matrix,100,26,USA,TOP3000,1
mdl77_2put_put_qualmod,matrix,49,Quality Module: It is defined as the aggregation of the Earnings Quality (90%) and Short-Interest Ratio (10%) factors.,Matrix,100,84,USA,TOP3000,1
mdl77_2put_put_siratio,matrix,55,Short-Interest Ratio: It is defined as short-interest to average monthly volume.,Matrix,100,1,USA,TOP3000,1
mdl77_2put_put_strevconf,matrix,53,Street Revision Confidence: It is defined as the sum of the 3-month change in a stock's analysts' highest earnings forecast and change in analysts' lowest earnings estimates for fiscal year 1 by its month-end trading price.,Matrix,100,1,USA,TOP3000,1
mdl77_2put_put_sucf,matrix,48,Standardized Unexpected Cash Flow: It is defined as a stock's most recent reported quarterly operating cash flow minus that of 4 quarters ago divided by the standard deviation of this difference over the preceding 8 quarters.,Matrix,100,6,USA,TOP3000,1
mdl77_2put_put_totcov,matrix,38,Total Coverage: It equals (Cash Flow from Operations + Interest Paid + Tax Paid) / (Interest + Principal Paid).,Matrix,100,9,USA,TOP3000,1
mdl77_2put_put_valmod,matrix,55,The weighted average of various financial ratios related to a company's profits.,Matrix,100,10,USA,TOP3000,1
mdl77_2qe_av_amv,matrix,100,"Earnings Quality: This submodule is 20% 1-year Change in Asset Turnover Ratio, 20% Current Cash Flow Debt Coverage, 20% Capital ExpTo Depreciation Linkage, 10% Change in Inventory to Average Assets, 10% YOY Change in Accruals, 10% Earnings Shortfall, and 10% Capital Acquisition Ratio. There are additional adjustments for Financials and Utilities.",Matrix,100,4,USA,TOP3000,1
mdl77_2rel5yfwdep,matrix,77,5-yr Relative Leading 12-Month Earnings Yield: It is defined as a stock's current next 4-quarter's consensus analyst earnings forecasts-to-price ratio (FwdEP) minus the average of the FwdEPs ratio in the last 60 months scaled by the standard deviation of the FwdEPs over the same period.,Matrix,100,65,USA,TOP3000,1
mdl77_2relativevaluemodel_capacq,matrix,95,Capital Acquisition Ratio: It is defined as the trailing 12-month operating cash flow less than the trailing 12-month cash dividends and then divided by the total expenditures in the same period.,Matrix,100,1,USA,TOP3000,1
mdl77_2relativevaluemodel_fc_estep,matrix,97,Leading 12-Month Median Earnings Yield: It is defined as the next fiscal year median consensus earnings estimate divided by trading price.,Matrix,100,8,USA,TOP3000,1
mdl77_2relativevaluemodel_fmrelval,matrix,90,"Fielitz & Muller Relative Intrinsic Value: It is defined as a derivative of the two-stage dividend discount model, to calculate a stock's intrinsic value. The formula uses projected long-term earnings growth rate, dividend yield, P/E ratio, and Beta. The expectation with this indicator is that stocks with high intrinsic value will outperform alternatives in the long run.",Matrix,100,102,USA,TOP3000,1
mdl77_2relativevaluemodel_pfcfmtt,matrix,97,TTM Free Cash Flow-to-Price: It is defined as the trailing 12-month free cash flow per share for a stock divided by its month-end trading price. Free cash flow equals operating cash flow minus capital expenditures and cash dividends.,Matrix,100,46,USA,TOP3000,1
mdl77_2relativevaluemodel_roe,matrix,99,Return on Equity: It is defined as the trailing 12-month income before extra items divided by the average of common equity in the same period.,Matrix,100,1,USA,TOP3000,1
mdl77_2relativevaluemodel_rvm_composite,matrix,99,Model composite based on an asset's worth that takes into account the value of similar assets.,Matrix,100,3,USA,TOP3000,1
mdl77_2sensitivityfactor400_actrtn9m,matrix,95,9-Month Active Return with 1-Month Lag: It is defined as a stock's price percent change from month t-10 to month t-1.,Matrix,100,58,USA,TOP3000,1
mdl77_2sensitivityfactor400_apsales,matrix,81,Asia-Pacific Sales Exposure: It is defined as the annual aggregate sales for Asia-Pacific as reported by the company divided by total annual sales.,Matrix,100,1,USA,TOP3000,1
mdl77_2sensitivityfactor400_capexdeplink,matrix,88,Capital Expenditures to Depreciation Linkage: It is defined as the absolute value of the difference between ranked (1-1000) quarterly capital expenditures to assets and ranked (1-1000) quarterly depreciation to assets.,Matrix,100,2,USA,TOP3000,1
mdl77_2sensitivityfactor400_ceroe,matrix,93,The trailing 12-month funds from operations divided by the average of the current and previous year.,Matrix,100,2,USA,TOP3000,1
mdl77_2sensitivityfactor400_dsu,matrix,99,The beta coefficient estimated by a multiple regression of returns on several macroeconomic aspects over 60 months.,Matrix,100,34,USA,TOP3000,1
mdl77_2sensitivityfactor400_emeasales,matrix,84,EMEA Sales Exposure: It is defined as the annual aggregate sales for EMEA as reported by the company divided by total annual sales.,Matrix,100,4,USA,TOP3000,1
mdl77_2sensitivityfactor400_inflation,matrix,99,The beta coefficient estimated by a multiple regression of returns on several macroeconomic aspects over 60 months.,Matrix,100,2,USA,TOP3000,1
mdl77_2sensitivityfactor400_lasales,matrix,80,Latin America Sales Exposure: It is defined as the annual aggregate sales for Latin America as reported by the company divided by total annual sales.,Matrix,100,3,USA,TOP3000,1
mdl77_2sensitivityfactor400_nasales,matrix,93,North America Sales Exposure: It is defined as the annual aggregate sales for North America as reported by the company divided by total annual sales,Matrix,100,84,USA,TOP3000,1
mdl77_2sensitivityfactor400_oilprice,matrix,99,The beta coefficient estimated by a multiple regression of returns on several macroeconomic aspects over 60 months.,Matrix,100,7,USA,TOP3000,1
mdl77_2sensitivityfactor400_pi,matrix,99,"Industrial Production Sensitivity: It is defined as the beta coefficient to Change in Industrial Production, which is estimated by a 60-month multiple regression of returns on several macroeconomic factors.",Matrix,100,16,USA,TOP3000,1
mdl77_2sensitivityfactor400_prc,matrix,99,"Credit Risk Premium Sensitivity: It is defined as the beta coefficient to Change in Credit Risk Premium, which is estimated by a 60-month multiple regression of returns on several macroeconomic factors.",Matrix,100,5,USA,TOP3000,1
mdl77_2sensitivityfactor400_sh,matrix,99,"Housing Starts Sensitivity: It is defined as the beta coefficient to Change in Housing Starts, which is estimated by a 60-month multiple regression of returns on several macroeconomic factors.",Matrix,100,17,USA,TOP3000,1
mdl77_2sensitivityfactor400_ttmopincev,matrix,93,TTM Operating Income to Enterprise Value: It is defined as the trailing 12-month operating income (before depreciation and amortization) divided by enterprise value (EV). EV = Equity Market Value + Long-term Debt + Short-term Debt + Preferred Stock + Minority Interest - Cash.,Matrix,100,3,USA,TOP3000,1
mdl77_2sensitivityfactor400_xiv,matrix,99,"Market Volatility Sensitivity: It is defined as the beta coefficient to Change in Market Volatility, which is estimated by a 60-month multiple regression of returns on several macroeconomic factors.",Matrix,100,1,USA,TOP3000,1
mdl77_2sensitivityfactor400_yieldsprd,matrix,99,"Yield Curve Slope Sensitivity: It is defined as the beta coefficient to Change in Slope of Term Structure, which is estimated by a 60-month multiple regression of returns on several macroeconomic factors.",Matrix,100,4,USA,TOP3000,1
mdl77_2sf_av_amv,matrix,100,"Financial Statement Valuation: This submodule is the equal-weighted average of Price-to-Book ROE Combination, TTM Operating Income to Enterprise Value, TTM FCF to Enterprise Value, and Industry-Relative TTM Sales to Enterprise Value.",Matrix,100,10,USA,TOP3000,1
mdl77_2si_av_amv,matrix,100,"Investor Sentiment: This submodule is the equal-weighted average of the Short Interest Position, 12-month change in Short Interest Position, and ATM Put-Call Volatility.",Matrix,100,4,USA,TOP3000,1
mdl77_2spe1yfvc_cf,matrix,43,FY1 EPS Estimates Dispersion: It is defined as the standard deviation of analyst earnings estimates for fiscal year 1 divided by the mean consensus forecast.,Matrix,100,8,USA,TOP3000,1
mdl77_2surpriseanalystmodel_qsa_composite,matrix,91,Surprise Analyst Composite Rank,Matrix,100,1,USA,TOP3000,1
mdl77_2surpriseanalystmodel_qsa_efficiency,matrix,95,Fundamentals Rank,Matrix,100,6,USA,TOP3000,1
mdl77_2surpriseanalystmodel_qsa_estexpect,matrix,93,Estimate Trend Rank,Matrix,100,139,USA,TOP3000,1
mdl77_2surpriseanalystmodel_qsa_percent,matrix,91,Probability of Surprise (%),Matrix,100,1,USA,TOP3000,1
mdl77_2surpriseanalystmodel_qsa_surpsn,matrix,91,Rank based on analysts' surprise,Matrix,100,6,USA,TOP3000,1
mdl77_2valueanalystmodel_ccaghc_avq,matrix,82,"The 1-year change in a company's trailing 4Q net operating working capital, scaled by current total assets.",Matrix,100,66,USA,TOP3000,1
mdl77_2valueanalystmodel_qva_alertrank,matrix,97,"The aggregate of the Earnings Quality (50%), Investor Sentiment (25%) and Management Signaling (25%) Rank.",Matrix,100,64,USA,TOP3000,1
mdl77_2valueanalystmodel_qva_capexdep,matrix,92,Capex to Depreciation Rank: It is defined as a company's trailing 12-month capital expenditures divided by the trailing 12-month depreciation.,Matrix,100,31,USA,TOP3000,1
mdl77_2valueanalystmodel_qva_cashflow,matrix,91,Cash Flow Rank: It is defined as a stock's ratio of trailing 4Q free cash flow to market capitalization (FCF/P).,Matrix,100,1,USA,TOP3000,1
mdl77_2valueanalystmodel_qva_chgato,matrix,95,Change in Asset Turnover Rank: It is defined as the one-year change in a company's asset turnover (TTM Sales/Total Assets).,Matrix,100,1,USA,TOP3000,1
mdl77_2valueanalystmodel_qva_chginv,matrix,88,"The one-year change in a company's trailing 4Q inventory, scaled by current total assets",Matrix,100,1,USA,TOP3000,1
mdl77_2valueanalystmodel_qva_composite,matrix,97,The equal-weighted combinations of ranks based on intrinsic value of stock and the quality of earnings.,Matrix,100,10,USA,TOP3000,1
mdl77_2valueanalystmodel_qva_earnquality,matrix,96,"Earnings Quality Rank: It is defined as the equal-weighted composite of the Earnings Shortfall, Change in Inventory, Change in Asset Turnover, Change in Net Operating Working Capital and Capex/Depreciations Ranks.",Matrix,100,1,USA,TOP3000,1
mdl77_2valueanalystmodel_qva_earnval,matrix,97,"The equal-weighted average of ranks based on price, earnings, growth, and yield.",Matrix,100,1,USA,TOP3000,1
mdl77_2valueanalystmodel_qva_epmodule,matrix,96,"Earnings Cyclicality Rank: It is defined as the aggregated ranking of a company's 3-year low 4Q EPS to enterprise value, FY1 EPS estimate to enterprise value and industry-relative EP rankings",Matrix,100,5,USA,TOP3000,1
mdl77_2valueanalystmodel_qva_finstmt,matrix,95,"Financial Statement Rank: It is defined as the equal-weighted average of the Income Statement Rank (OpInc/Price), the Balance Sheet Rank (Cash/Price), and the Cash Flow Rank (FCF/Price).",Matrix,100,5,USA,TOP3000,1
mdl77_2valueanalystmodel_qva_invsentiment,matrix,96,The equal weighted sum based on a ratio of number of stocks and those that have been sold short by investors.,Matrix,100,1,USA,TOP3000,1
mdl77_2valueanalystmodel_qva_mgtsignaling,matrix,97,"The sum of the indicators based on the changes in the number of stocks, and the company's financial status.",Matrix,100,39,USA,TOP3000,1
mdl77_2valueanalystmodel_qva_pegy,matrix,97,"PEGY Rank: It is defined as the aggregated ranking of a company's price, earnings, estimated long-term growth, and dividend yield rankings",Matrix,100,76,USA,TOP3000,1
mdl77_2valueanalystmodel_qva_shortfall,matrix,92,"Earnings Shortfall Rank: It is defined as the difference between recent 4Q operating income before depreciation and trailing 4Q earnings, scaled by a company's enterprise value.",Matrix,100,2,USA,TOP3000,1
mdl77_2valueanalystmodel_qva_valuation,matrix,97,Valuation Rank: It is defined as the equal-weighted average of the Financial Statement Rank and the Earnings Valuation Rank.,Matrix,100,1,USA,TOP3000,1
mdl77_2valueanalystmodel_qva_yoychgdebt,matrix,96,Chg in Debt Issuance Rank: It is defined as a company's change in total debt over the last 12 months.,Matrix,100,42,USA,TOP3000,1
mdl77_2valueanalystmodel_qva_yoychgshares,matrix,96,Change in Shares Outstanding Rank: It is defined as a company's change in common shares outstanding over the last 12 months.,Matrix,100,1,USA,TOP3000,1
mdl77_2valueanalystmodel_tmtscni_avq,matrix,94,Income Stmt Rank: It is defined as a stock's ratio of trailing 4Q operating income to enterprise value (OpInc/EV).,Matrix,100,2,USA,TOP3000,1
mdl77_2valuemomemtummodel_earningsexpectationmodule,matrix,100,Earnings Expectation Module,Matrix,100,2,USA,TOP3000,1
mdl77_2valuemomemtummodel_earningspricelinkmodule,matrix,100,Earnings-Price Link Module,Matrix,100,7,USA,TOP3000,1
mdl77_2valuemomemtummodel_earningsqualitymodule,matrix,100,Earnings Quality Module,Matrix,100,1,USA,TOP3000,1
mdl77_2valuemomemtummodel_earningsvaluationmodule,matrix,100,Earnings Valuation Module,Matrix,100,136,USA,TOP3000,1
mdl77_2valuemomemtummodel_financialstatementmodule,matrix,100,Financial Statement Module,Matrix,100,13,USA,TOP3000,1
mdl77_2valuemomemtummodel_investorsentimentmodule,matrix,100,Investor Sentiment Module,Matrix,100,30,USA,TOP3000,1
mdl77_2valuemomemtummodel_managementsignalingmodule,matrix,100,Management Signaling Module,Matrix,100,1,USA,TOP3000,1
mdl77_2valuemomemtummodel_pricemomentummodule,matrix,100,Price Momentum Module,Matrix,100,2,USA,TOP3000,1
mdl77_2valuemomemtummodel_reportedearningsmomentummodule,matrix,100,Reported Earnings Momentum Module,Matrix,100,4,USA,TOP3000,1
mdl77_2valuemomemtummodel_vm_compositesn,matrix,100,Model composition based on momentum with sector neutral,Matrix,100,7,USA,TOP3000,1
mdl77_2valuemomemtummodel_vma_composite,matrix,100,Model composition based on momentum,Matrix,100,2,USA,TOP3000,1
mdl77_2ve_av_amv,matrix,100,The equal-weighted average of financial ratios based on a company's profits.,Matrix,100,5,USA,TOP3000,1
mdl77_400_6351_rp,matrix,95,15/36 Week Stock Price Ratio: It is defined as the moving average of a stock's prices in the last 15 weeks divided by the moving average of its prices in the last 36 weeks.,Matrix,100,1,USA,TOP3000,1
mdl77_400_booklev,matrix,96,Book Leverage: It is defined as the most recently reported quarterly total assets divided by the book equity.,Matrix,100,3,USA,TOP3000,1
mdl77_400_capexast,matrix,91,Capital Expenditure-to-Total Assets: It is defined as trailing 12-month capital expenditures divided by the total assets from the most recent quarter,Matrix,100,2,USA,TOP3000,1
mdl77_400_cashburnrate,matrix,86,Cash Burn Rate: It is defined as: -(Cash From Operations + Cash from Investments)/(Cash + Short-term Investments).,Matrix,100,1,USA,TOP3000,1
mdl77_400_curindbp_,matrix,93,Industry Relative Book-to-Market: It is defined as a stock's current book-to-price ratio (BP) less the average of the BPs of all stocks in the same industry deflated by the standard deviation of the BPs of all stocks in the same relative universe,Matrix,100,8,USA,TOP3000,1
mdl77_400_curindebitdap_,matrix,89,Industry Relative TTM EBITDA-to-Price: It is defined as a stock's trailing 12-month EBITDA-to-price ratio (EBITDAP) less the average of the EBITDAPs of all stocks in the same industry deflated by the standard deviation of the EBITDAPs of all stocks in the same relative universe.,Matrix,100,34,USA,TOP3000,1
mdl77_400_curindep_,matrix,93,"Industry Relative TTM EPS-to-Price: It is defined as a stock's trailing 12-month earnings per share before extra items-to-price ratio (EP) less the average of the EPs of all stocks in the same industry, deflated by the standard deviation of these EPs.",Matrix,100,16,USA,TOP3000,1
mdl77_400_curindfcfp_,matrix,89,Industry Relative TTM Free Cash Flow-to-Price: It is defined as a stock's trailing 12-month free cash flow-to-price ratio (FCFP) less the average of the FCFPs of all stocks in the same industry deflated by the standard deviation of the FCFPs of all stocks in the same relative universe.,Matrix,100,33,USA,TOP3000,1
mdl77_400_curindsp_,matrix,92,Industry Relative TTM Sales-to-Price: It is defined as a stock's trailing 12-month sales-to-price ratio (SP) less the average of the SPs of all stocks in the same industry deflated by the standard deviation of the SPs of all stocks in the same relative universe.,Matrix,100,5,USA,TOP3000,1
mdl77_400_fc_proformaep,matrix,91,TTM Pro Forma Earnings-to-Price: It is defined as the trailing 12-month earnings scaled by the trading price.,Matrix,100,1,USA,TOP3000,1
mdl77_400_fcus,matrix,81,"Standardized Unexpected Cash Flow: It is defined as the most recent quarterly operating cash flow minus that of 4 quarters ago, divided by the standard deviation of this difference over the preceding 8 quarters.",Matrix,100,50,USA,TOP3000,1
mdl77_400_fy1epsskew,matrix,81,The skewness of the distribution of a series of leading 12-month earnings consensus estimates.,Matrix,100,29,USA,TOP3000,1
mdl77_400_indrelrecd_,matrix,57,Industry-adjusted Doubtful Account Receivables: It is defined as a stock's asset-adjusted annual doubtful receivables minus the average of the receivables of all stocks in the same industry deflated by the standard deviation of these receivables.,Matrix,100,2,USA,TOP3000,1
mdl77_400_indrelrtn4w_,matrix,95,4-week Industry Relative Return: It is defined as a stock's return in the last 4 weeks minus the average of the comparable returns of all stocks in the same industry deflated by the standard deviation of these returns.,Matrix,100,21,USA,TOP3000,1
mdl77_400_indrelrtn5d_,matrix,96,"Stock's return in the last 5 days minus the average of the comparable returns of all stocks in the same industry, then deflated by the standard deviation of these returns.",Matrix,100,6,USA,TOP3000,1
mdl77_400_p50_200ratio,matrix,95,50-200 Day Stock Price Ratio: It is defined as the moving average of a stock's prices in last 50 days divided by the moving average of its prices in last 200 days.,Matrix,100,1,USA,TOP3000,1
mdl77_400_pctchgqtrast,matrix,96,1-yr Change in Total Assets: It is defined as the growth in the most recent reported quarterly total assets per share as compared to that of 4 quarters ago.,Matrix,100,78,USA,TOP3000,1
mdl77_400_pcurlia,matrix,84,Current Liabilities-to-Price: It is defined as a stock's most recently reported quarterly current liabilities per share divided by its closing price.,Matrix,100,1,USA,TOP3000,1
mdl77_400_rau,matrix,87,Unexpected Change in Accounts Receivable: It is defined as the difference between current accounts receivable and the expected level of accounts receivable (multiplying the prior year's closing account balance by the growth in sales in the trailing 12 months) scaled by the total assets.,Matrix,100,1,USA,TOP3000,1
mdl77_400_rba,matrix,96,Abnormal Return around QTR Earnings Release: It is defined as the sum of a stock's daily market-adjusted price return from 2 days before to 1 day after its quarterly earnings announcement. The market return proxy is the S&P 500 index.,Matrix,100,28,USA,TOP3000,1
mdl77_400_rdsale,matrix,42,R&D Intensity: It is defined as the average of the research & development expenses in the trailing 12-months deflated by the sum of total sales in the same period.,Matrix,100,2,USA,TOP3000,1
mdl77_400_reinrate,matrix,92,Reinvestment Rate: It is defined as the trailing 12-month earnings per share before extra items less the trailing 12-month dividends per share by ex-date divided by the average book equity per share in the same period.,Matrix,100,1,USA,TOP3000,1
mdl77_400_roic,matrix,93,"Return on Invested Capital: It is defined as the trailing 12-month net income and interest expenses divided by the average reported invested capital, which equals the sum of common equity, long-term debt, minority interest, and preferred stock.",Matrix,100,1,USA,TOP3000,1
mdl77_400_sue,matrix,87,"Standardized Unexpected Earnings: It is defined as the most recent quarterly earnings per share minus that of 4 quarters ago, divided by the standard deviation of this difference over the preceding 8 quarters.",Matrix,100,5,USA,TOP3000,1
mdl77_400_tobinq,matrix,92,"Tobin q: It is defined as the market value of equity (E) plus debt (D) divided by assets (A), or (E + D)/A. D is measured using book values.",Matrix,100,3,USA,TOP3000,1
mdl77_400_ttmaccu,matrix,92,Accounting Accruals: It is defined as the difference between the trailing 12-month net income and the trailing 12-month operating cash flow scaled by the beginning total assets.,Matrix,100,3,USA,TOP3000,1
mdl77_400_ttmsaleev,matrix,93,TTM Sales-to-Enterprise Value: It is defined as the trailing 12-month sales for a stock divided by the most recent enterprise value (EV). EV = Equity Market Value + Long-term Debt + Short-term Debt + Preferred Stock + Minority Interest - Cash & Cash Equivalents.,Matrix,100,2,USA,TOP3000,1
mdl77_400_visiratio,matrix,97,The Visibility Ratio: It equals a stock's most recent daily trading volume divided by the average daily trading volume in the previous 50 trading days.,Matrix,100,1,USA,TOP3000,1
mdl77_400_yoychgda,matrix,96,Year-over-year Change in Leverage: It is defined as the difference between the most recent reported quarterly total liabilities as a percentage of the reported total assets and the percentage for the same quarter one year ago.,Matrix,100,3,USA,TOP3000,1
mdl77_actrtn1m,matrix,98,1-Month Active Return: It is defined as the percent change in price for a stock from month t-1 to month t.,Matrix,100,8,USA,TOP3000,1
mdl77_altmanz,matrix,73,Altman Z Score: Altman Z = 1.2* (Current Assets - Current Liabilities)/TA + 1.4*Retained Earnings/TA + 3.3*Earnings before Interest and Taxes/TA + 0.6*Market Value of Preferred and Common Equity/Book Value of Total Liabilities + 1.0*Sales/TA where TA denotes total assets.,Matrix,100,19,USA,TOP3000,1
mdl77_aspanratio,matrix,90,Stock's quarterly operating assets minus its operating liabilities deflated by the lagged total assets,Matrix,100,6,USA,TOP3000,1
mdl77_astcomp,matrix,79,Asset Composition: It is defined as the total current assets from the most recent quarter divided by the total assets from the most recent quarter.,Matrix,100,1,USA,TOP3000,1
mdl77_astto,matrix,95,Assets Turnover Ratio: It is defined as the trailing 12-month sales divided by the most recently reported quarterly assets.,Matrix,100,5,USA,TOP3000,1
mdl77_atmcallvol,matrix,80,At the Money Call Option Implied Volatility: It is defined as the time-weighted average implied volatility of the nearest-to-expiration and next-nearest to expiration at the money call option contracts.,Matrix,100,44,USA,TOP3000,1
mdl77_cashsev,matrix,90,Cash to Enterprise Value: It is defined as the total cash & equivalents divided by the sum of the market value of common equity and book value of long-term debt.,Matrix,100,3,USA,TOP3000,1
mdl77_ccacw,matrix,85,Working Capital Accruals: It equals to: Increase in Accounts Receivables + Increase in Inventory + Decrease in Accounts Payable and Accrued Liabilities + Decrease in Accrued Income Taxes + Increase (Decrease) in Assets (Liabilities).,Matrix,100,1,USA,TOP3000,1
mdl77_chgnoa,matrix,90,"Change in Net Operating Assets: It is defined as the year-over-year change of net operating assets to total assets, where net operating assets equal most recent quarterly short-term debt plus long-term debt + preferred equity plus common equity minus cash",Matrix,100,147,USA,TOP3000,1
mdl77_chgollev,matrix,96,"Change in Operating Liability Leverage: It is defined as the current quarter operating liability leverage less the operating liability leverage 4 quarters ago, where operating liability leverage equals 1 minus the ratio of (short-term debt + long-term debt + common equity + preferred equity - cash) to (total assets - cash).",Matrix,100,1,USA,TOP3000,1
mdl77_chgsgasale,matrix,81,"Change in QTR SG&A Expenses vs Sales: It is defined as the difference between the yearly change in quarterly Selling, General and Administrative expenses and yearly change in quarterly sales.",Matrix,100,2,USA,TOP3000,1
mdl77_curratio,matrix,79,Current Ratio: It is defined as the reported current assets from most recent quarter divided by the current liabilities from most recent quarter.,Matrix,100,1,USA,TOP3000,1
mdl77_deepvaluefactor_apemtt,matrix,100,An indicator that standardizes and compares relative share price between time periods and among companies.,Matrix,100,5,USA,TOP3000,1
mdl77_deepvaluefactor_bpemtt,matrix,100,The company's performance in trailing 1-year before taking into account non-recurring gain or loss. Stock divided by its month-end trading price.,Matrix,100,5,USA,TOP3000,1
mdl77_deepvaluefactor_cashp,matrix,94,Cash-to-Price: It is defined as the most recently reported cash and equivalents per share of a company divided by trading price.,Matrix,100,1,USA,TOP3000,1
mdl77_deepvaluefactor_cashsev,matrix,94,Cash to Enterprise Value: It is defined as the total cash & equivalents divided by the sum of the market value of common equity and book value of long-term debt.,Matrix,100,2,USA,TOP3000,1
mdl77_deepvaluefactor_coreepsp,matrix,100,"TTM Core Earnings-to-Price: It is defined as the trailing 12-month earnings per share from operations for a stock deflated by its trading price. This item excludes cumulative effect of accounting change, discounted operations, extraordinary items, and special items.",Matrix,100,4,USA,TOP3000,1
mdl77_deepvaluefactor_curep,matrix,97,Current Earnings Yield: It is defined as the sum of the most recently reported 3 quarters EPS and analysts' consensus earnings estimate for the current quarter divided by its price.,Matrix,100,35,USA,TOP3000,1
mdl77_deepvaluefactor_divyield,matrix,95,TTM Dividend Yield: It is defined as the trailing 12-month dividends per share for a stock divided by its month-end trading price.,Matrix,100,4,USA,TOP3000,1
mdl77_deepvaluefactor_ebitdaev,matrix,97,"TTM EBITDA-to-Enterprise Value: It is defined as the trailing 12-month earnings before interest, taxes, depreciation, and amortization for a stock deflated by its enterprise value (EV). EV = Equity Market Value + Long-term Debt + Short-term Debt + Preferred Stock + Minority Interest - Cash.",Matrix,100,65,USA,TOP3000,1
mdl77_deepvaluefactor_ebitdap,matrix,98,"TTM EBITDA-to-Price: It is defined as the trailing 12-month earnings before interest, taxes, depreciation, and amortization for a company divided by its month-end trading price.",Matrix,100,1,USA,TOP3000,1
mdl77_deepvaluefactor_ebop,matrix,93,Edwards-Bell-Ohlson Value-to-Price: It is defined as a stock's valuation based on the Edwards-Bell-Ohlson (EBO) model deflated by its trading price. EBO is a modified dividend discount model that measures a firm's intrinsic value by comparing generated earnings to the cost of capital.,Matrix,100,6,USA,TOP3000,1
mdl77_deepvaluefactor_estep,matrix,99,Leading 12-Month Median Earnings Yield: It is defined as the next fiscal year median consensus earnings estimate divided by trading price.,Matrix,100,3,USA,TOP3000,1
mdl77_deepvaluefactor_indidivy,matrix,100,"Indicated Dividend Yield: It is defined as the last quarterly dividend declared multiplied by 4, scaled by month-end trading price. The dividend includes extras declared within the last 12 months.",Matrix,100,3,USA,TOP3000,1
mdl77_deepvaluefactor_lumqca,matrix,88,Acquisition Multiple: It is defined as the most recent quarterly reported invested capital divided by the trailing 12-month EBITDA.,Matrix,100,23,USA,TOP3000,1
mdl77_deepvaluefactor_nnastp,matrix,83,Net Current Assets-to-Price: It is defined as the current assets per share minus total liabilities per share divided by the price.,Matrix,100,3,USA,TOP3000,1
mdl77_deepvaluefactor_past,matrix,100,Price-to-Total Assets: It is defined as a stock's month-end trading price divided by the most recent quarterly reported total assets per share.,Matrix,100,28,USA,TOP3000,1
mdl77_deepvaluefactor_pb,matrix,100,Book-to-Market: It is defined as the most recently reported book value per share for a stock deflated by its month-end trading price.,Matrix,100,1,USA,TOP3000,1
mdl77_deepvaluefactor_pedwf,matrix,99,Leading 12-Month Mean Earnings Yield: It is defined as the next 4-quarter's mean consensus earnings estimate divided by the price.,Matrix,100,5,USA,TOP3000,1
mdl77_deepvaluefactor_pfcf,matrix,92,"Forward Free Cash Flow-to-Price: It is defined as the next 4-quarter's mean consensus earnings estimate plus trailing 12-month depreciation expense per share minus corresponding capital expenditures, divided by trading price.",Matrix,100,9,USA,TOP3000,1
mdl77_deepvaluefactor_pfcfmtt,matrix,99,TTM Free Cash Flow-to-Price: It is defined as the trailing 12-month free cash flow per share for a stock divided by its month-end trading price. Free cash flow equals operating cash flow minus capital expenditures and cash dividends.,Matrix,100,2,USA,TOP3000,1
mdl77_deepvaluefactor_pfcmtt,matrix,100,TTM Cash Flow-to-Price: It is defined as the trailing 12-month cash flows per share for a stock scaled by its trading price. Cash flow is defined as the reported net income plus depreciation.,Matrix,100,1,USA,TOP3000,1
mdl77_deepvaluefactor_pfcomtt,matrix,99,TTM Operating Cash Flow-to-Price: It is defined as the trailing 12-month operating cash flow per share for a stock divided by its trading price.,Matrix,100,6,USA,TOP3000,1
mdl77_deepvaluefactor_pfgmtt,matrix,91,TTM Growth Flow-to-Price: It is defined as the sum of trailing 12-month growth flow value per share for a stock divided by its month-end trading price. Growth flow is the sum of Research & Development expenses and reported net income.,Matrix,100,2,USA,TOP3000,1
mdl77_deepvaluefactor_pqipmtt,matrix,100,The most recent trailing 12-month operating and nonoperating income per share before provisions for income taxes and minority interest for a stock deflated by its trading price.,Matrix,100,5,USA,TOP3000,1
mdl77_deepvaluefactor_proformaep,matrix,96,TTM Pro Forma Earnings-to-Price: It is defined as the trailing 12-month earnings scaled by the trading price.,Matrix,100,2,USA,TOP3000,1
mdl77_deepvaluefactor_psmtt,matrix,100,TTM Sales-to-Price: It is defined as the most recently reported trailing 12-month sales per share for a stock deflated by its month-end trading price.,Matrix,100,37,USA,TOP3000,1
mdl77_deepvaluefactor_pvan,matrix,100,"Net Asset Value to Price: It is defined as the most recent book value of net assets per share (NAV) by the closing price. NAV is calculated in general form by taking the total assets of a company and subtracting the value of the company's intangible assets (goodwill, patents, etc.) minus current and long-term liabilities.",Matrix,100,4,USA,TOP3000,1
mdl77_deepvaluefactor_ttmcapexp,matrix,97,TTM Capital Expenditures-to-Price: It is defined as the trailing 12-month capital expenditures per share for a stock divided by its trading price.,Matrix,100,2,USA,TOP3000,1
mdl77_deepvaluefactor_ttmsaleev,matrix,99,TTM Sales-to-Enterprise Value: It is defined as the trailing 12-month sales for a stock divided by the most recent enterprise value (EV). EV = Equity Market Value + Long-term Debt + Short-term Debt + Preferred Stock + Minority Interest - Cash & Cash Equivalents.,Matrix,100,45,USA,TOP3000,1
mdl77_deepvaluefactor_vefcfmtt,matrix,96,TTM Free Cash Flow-to-Enterprise Value: It is defined as the trailing 12-month free cash flow (FCF) for a stock scaled by its enterprise value (EV). EV = Equity Market Value + Long-term Debt + Short-term Debt + Preferred Stock + Minority Interest - Cash.,Matrix,100,7,USA,TOP3000,1
mdl77_deepvaluefactor_vesspem21f,matrix,97,Forward 12-Month EPS-to-Enterprise Value: It is defined as the consensus forward 12-month earnings per share forecast divided by the sum of market value of common equity per share and book value of long-term debt per share.,Matrix,100,2,USA,TOP3000,1
mdl77_deepvaluefactor_ydp,matrix,79,Predicted Dividend Yield: It is defined as an assumed payout ratio multiplied by the next 4-quarter consensus earnings estimate divided by trading price. The payout ratio assumption is 10% + 84% * Payout Ratio in last year - 38% * consensus long-term earnings growth rate.,Matrix,100,1,USA,TOP3000,1
mdl77_devnorthamericashortsentimentfactor_act_util,matrix,34,Account Utility,Matrix,100,2,USA,TOP3000,1
mdl77_devnorthamericashortsentimentfactor_benchmark_fee,matrix,43,Benchmark fee,Matrix,100,5,USA,TOP3000,1
mdl77_devnorthamericashortsentimentfactor_conc_ratio,matrix,41,Concentration ratio,Matrix,100,1,USA,TOP3000,1
mdl77_devnorthamericashortsentimentfactor_days_to_cover,matrix,38,Days to Cover,Matrix,100,5,USA,TOP3000,1
mdl77_devnorthamericashortsentimentfactor_dmd_conc,matrix,41,Demand concentration,Matrix,100,1,USA,TOP3000,1
mdl77_devnorthamericashortsentimentfactor_dmd_supply,matrix,38,Demand Supply,Matrix,100,3,USA,TOP3000,1
mdl77_devnorthamericashortsentimentfactor_inv_conc,matrix,38,Inventory concentration,Matrix,100,3,USA,TOP3000,1
mdl77_devnorthamericashortsentimentfactor_lend_supply,matrix,30,Lend supply,Matrix,100,16,USA,TOP3000,1
mdl77_devnorthamericashortsentimentfactor_onloan_conc,matrix,42,On loan concentration,Matrix,100,2,USA,TOP3000,1
mdl77_devnorthamericashortsentimentfactor_tni_ths,matrix,33,Short Interest Ratio,Matrix,100,6,USA,TOP3000,1
mdl77_devnorthamericashortsentimentfactor_util,matrix,33,Utility,Matrix,100,5,USA,TOP3000,1
mdl77_divcov,matrix,49,Company's trailing 1-year profits scaled by its annual dividends.,Matrix,100,68,USA,TOP3000,1
mdl77_earningmomentumfactor_dypeg,matrix,82,Reciprocal of Dividend Yield-adjusted PEG: It is defined as the reciprocal of a stock's forward 12-month P/E ratio divided by the total growth rate. The total growth rate is defined as the sum of the forecasted long-term growth rate and the indicated dividend yield.,Matrix,100,62,USA,TOP3000,1
mdl77_earningmomentumfactor_fcfroey1p,matrix,93,Product of TTM FCF Yield and Forward ROE: It is defined as the trailing 12-month free cash flow per share multiplied by the next 4-quarter consensus earnings forecasts divided by the most recently reported book value per share scaled by its trading price.,Matrix,100,2,USA,TOP3000,1
mdl77_earningmomentumfactor_fcus,matrix,84,"Standardized Unexpected Cash Flow: It is defined as the most recent quarterly operating cash flow minus that of 4 quarters ago, divided by the standard deviation of this difference over the preceding 8 quarters.",Matrix,100,21,USA,TOP3000,1
mdl77_earningmomentumfactor_fqsurstd,matrix,87,Most Recent Earnings Surprise: It is defined as the most recent quarterly earnings surprise (actual fiscal quarter EPS less the consensus earnings estimate) adjusted by the standard deviation of analyst forecasts.,Matrix,100,67,USA,TOP3000,1
mdl77_earningmomentumfactor_fy1epsskew,matrix,86,The skewness of the distribution of a series leading 12-month earnings consensus estimates.,Matrix,100,1,USA,TOP3000,1
mdl77_earningmomentumfactor_gspea1q,matrix,91,1-Quarter Ahead EPS Growth: It is defined as a stock's most recent fiscal quarter consensus earnings forecast less the actual quarterly earnings recorded four quarters ago divided by its trading price.,Matrix,100,8,USA,TOP3000,1
mdl77_earningmomentumfactor_gspea1y,matrix,88,"1-Year Ahead EPS Growth: It is defined as the most recent consensus earnings forecast for the next 4-quarters minus the last 4-quarter's reported earnings, deflated by trading price.",Matrix,100,12,USA,TOP3000,1
mdl77_earningmomentumfactor_gspea2y,matrix,99,"2-Year Ahead EPS Growth: It is defined as the most recent consensus earnings forecast for fiscal year 2 minus the consensus earnings forecast for fiscal year 1, divided by trading price.",Matrix,100,1,USA,TOP3000,1
mdl77_earningmomentumfactor_gtl,matrix,92,Long-Term Growth Rate Estimates: It is defined as the consensus long-term growth forecast. It generally represents an expected annual increase in operating earnings over the company's next full business cycle.,Matrix,100,11,USA,TOP3000,1
mdl77_earningmomentumfactor_gtlm6ghc,matrix,89,6-M Change in Long-term Growth Estimates: It is defined as the percent change in the most recent mean consensus long-term growth forecast as compared to those of 6 months ago.,Matrix,100,18,USA,TOP3000,1
mdl77_earningmomentumfactor_lagegp,matrix,84,"Lagged Inverse of PEG Ratio: It is defined as the trailing 12-month earnings per share before extraordinary items times the change in yearly trailing 12-month sales per share growth rate, divided by trading price.",Matrix,100,20,USA,TOP3000,1
mdl77_earningmomentumfactor_mrspe,matrix,85,"Street Revision Magnitude: It is defined as the 3-month change in the median FY1 consensus earnings forecast, scaled by the current mean earnings estimate.",Matrix,100,8,USA,TOP3000,1
mdl77_earningmomentumfactor_numrevq1,matrix,96,"Net Number ofRevisions for Fiscal QTR 1: It is defined as the number of fiscal quarter 1 upward earnings forecast revisions less the number lowered within a month, divided by the total number of analyst forecasts.",Matrix,100,1,USA,TOP3000,1
mdl77_earningmomentumfactor_numrevy1,matrix,98,"Net Number ofRevisions for Fiscal Year 1: It is defined as the weighted average of the number of FY1 analyst earnings forecasts raised less the number lowered within a month, divided by the total number of analyst forecasts.",Matrix,100,1,USA,TOP3000,1
mdl77_earningmomentumfactor_pelh,matrix,97,"Street Revision Confidence: It is defined as the sum of the 3-month change in the highest and lowest FY1 earnings estimate, scaled by month-end trading price.",Matrix,100,13,USA,TOP3000,1
mdl77_earningmomentumfactor_perg,matrix,81,"Risk-adjusted PEG Ratio: It is defined as the stock price divided by the leading 12-month consensus earnings forecast, scaled by the average long-term growth rate estimate, and multiplied by the stock's 36-month beta.",Matrix,100,2,USA,TOP3000,1
mdl77_earningmomentumfactor_pge,matrix,83,Estimates on the next 1 year average earnings scaled by company's prospects on growth and its stock price.,Matrix,100,23,USA,TOP3000,1
mdl77_earningmomentumfactor_qepsferr,matrix,89,Prior Fiscal Quarter Forecast Error: It is defined as the difference between the actual earnings per share and consensus forecast scaled by the stock's price at the beginning of the quarter.,Matrix,100,2,USA,TOP3000,1
mdl77_earningmomentumfactor_ratrev6m,matrix,95,Street Rating Revision: It is defined as the 6-month average of the change in the average analyst recommendation tracked by,Matrix,100,30,USA,TOP3000,1
mdl77_earningmomentumfactor_rev1q1,matrix,96,"Revision in Fiscal QTR 1 EPS Forecasts: It is defined as the change in the current consensus earnings forecast for fiscal quarter 1 less the earnings forecast of one month ago, deflated by the trading price.",Matrix,100,3,USA,TOP3000,1
mdl77_earningmomentumfactor_rev3y1,matrix,97,"The change in the analysts' projection on company's performance for fiscal year 1 less that of 3 months ago, deflated by its price.",Matrix,100,1,USA,TOP3000,1
mdl77_earningmomentumfactor_rev3y2,matrix,97,"3-M Revision in FY2 EPS Forecasts: It is defined as the change in the current mean consensus earnings estimate for fiscal year 2 less that of three months ago, deflated by its trading price.",Matrix,100,1,USA,TOP3000,1
mdl77_earningmomentumfactor_rev6,matrix,96,"Averaged Last 6-M EPS Revisions for FY1: It is defined as the average of the prior 6 months' monthly changes in a stock's consensus analysts' earnings forecasts for fiscal year 1, scaled by the previous month-end trading price.",Matrix,100,44,USA,TOP3000,1
mdl77_earningmomentumfactor_salesurp,matrix,83,"Sales Surprise: It is defined as the most recent reported quarterly sales minus consensus sales forecasts, divided by the standard deviation of sales forecasts.",Matrix,100,61,USA,TOP3000,1
mdl77_earningmomentumfactor_spe1yfvc,matrix,92,FY1 EPS Estimates Dispersion: It is defined as the standard deviation of analyst earnings estimates for fiscal year 1 divided by the mean consensus forecast.,Matrix,100,2,USA,TOP3000,1
mdl77_earningmomentumfactor_spe2yfvc,matrix,92,FY2 EPS Forecast Dispersion: It is defined as the standard deviation of analyst earnings estimates for fiscal year 2 divided by the mean consensus forecast.,Matrix,100,1,USA,TOP3000,1
mdl77_earningmomentumfactor_stdevfy1epsp,matrix,92,Std Dev of FY1 EPS Estimates-to-Price: It is defined as the standard deviation of analyst forecasts for fiscal year 1 earnings scaled by closing price.,Matrix,100,29,USA,TOP3000,1
mdl77_earningmomentumfactor_stdevfy2epsp,matrix,92,Std Dev of FY2 EPS Estimates-to-Price: It is defined as the standard deviation of analyst forecasts for fiscal year 2 earnings scaled by closing price.,Matrix,100,1,USA,TOP3000,1
mdl77_earningmomentumfactor_stockrating,matrix,99,Street Consensus Rating: It is defined as the consensus recommendation for a company.,Matrix,100,1,USA,TOP3000,1
mdl77_earningmomentumfactor_sue,matrix,88,"Standardized Unexpected Earnings: It is defined as the most recent quarterly earnings per share minus that of 4 quarters ago, divided by the standard deviation of this difference over the preceding 8 quarters.",Matrix,100,2,USA,TOP3000,1
mdl77_earningmomentumfactor_surp,matrix,92,"Real Earnings Surprise: It is defined as the difference between the actual earnings per share and consensus forecasts prior to the announcement date, scaled by price at the end of the quarter.",Matrix,100,4,USA,TOP3000,1
mdl77_earningmomentumfactor_y2repsg,matrix,96,"2-Year Projected EPS Growth: It is defined as the most recent consensus earnings forecast for fiscal year 2 minus the most recently reported fiscal year earnings, deflated by trading price.",Matrix,100,1,USA,TOP3000,1
mdl77_earningmomentumfactor_y3sur,matrix,79,"Volatility-adj 3-yr Projected EPS Growth: It is defined as the consensus earnings forecast for the current quarter minus the actual quarterly earnings 12 quarters ago, deflated by the standard deviation of the actual quarterly earnings.",Matrix,100,1,USA,TOP3000,1
mdl77_earningsmomemtummodel_chgsup,matrix,100,Change in EPS Surprise: It is defined as the quarterly change in EPS surprise.,Matrix,,60,USA,TOP3000,1
mdl77_earningsmomemtummodel_emm_composite,matrix,100,Model composition based on earnings momentum,Matrix,,56,USA,TOP3000,1
mdl77_earningsmomemtummodel_fc_fcfroey1p,matrix,100,Product of TTM FCF Yield and Forward ROE: It is defined as the trailing 12-month free cash flow per share multiplied by the next 4-quarter consensus earnings forecasts divided by the most recently reported book value per share scaled by its trading price.,Matrix,,123,USA,TOP3000,1
mdl77_earningsmomemtummodel_fc_fqsurstd,matrix,100,Most Recent Quarterly Earnings Surprise: It is defined as a stock's most recent quarterly earnings surprise (actual fiscal quarter EPS less the consensus earnings estimate) adjusted by the standard deviation of its analysts' individual earnings forecasts.,Matrix,,69,USA,TOP3000,1
mdl77_earningsmomemtummodel_fc_numrevy1,matrix,100,"Net Number ofRevisions for Fiscal Year 1: It is defined as the weighted average of the number of FY1 analyst earnings forecasts raised less the number lowered within a month, divided by the total number of analyst forecasts.",Matrix,,97,USA,TOP3000,1
mdl77_earningsmomemtummodel_fc_rev3y2,matrix,100,3-M Revision in FY2 EPS Forecasts: It is defined as the change in a stock's current analysts mean earnings estimate for fiscal year 2 less that of 3 months ago deflated by its month-end trading price.,Matrix,,31,USA,TOP3000,1
mdl77_earningsmomemtummodel_fc_y2repsg,matrix,100,2-Year Projected EPS Growth: It is defined as a stock's most recent consensus analysts' earnings forecast for fiscal year 2 minus the most recent reported fiscal year actual earnings tracked by and then deflated by its month-end trading price.,Matrix,,48,USA,TOP3000,1
mdl77_earningsmomemtummodel_gtl,matrix,100,Long-Term Growth Rate Estimates: It is defined as the consensus long-term growth forecast. It generally represents an expected annual increase in operating earnings over the company's next full business cycle.,Matrix,,54,USA,TOP3000,1
mdl77_earningsmomemtummodel_pge_cf,matrix,100,Estimates on the next 1 year average earnings scaled by company's prospects on growth and its stock price.,Matrix,,95,USA,TOP3000,1
mdl77_earningsmomemtummodel_spe2yfvc_cf,matrix,100,FY2 EPS Forecast Dispersion: It is defined as the standard deviation of analyst earnings estimates for fiscal year 2 divided by the mean consensus forecast.,Matrix,,57,USA,TOP3000,1
mdl77_earningsqualityfactor_ccacw,matrix,87,Working Capital Accruals: It equals to: Increase in Accounts Receivables + Increase in Inventory + Decrease in Accounts Payable and Accrued Liabilities + Decrease in Accrued Income Taxes + Increase (Decrease) in Assets (Liabilities).,Matrix,100,76,USA,TOP3000,1
mdl77_earningsqualityfactor_chgsgasale,matrix,84,"Change in QTR SG&A Expenses vs Sales: It is defined as the difference between the yearly change in quarterly Selling, General and Administrative expenses and yearly change in quarterly sales.",Matrix,100,26,USA,TOP3000,1
mdl77_earningsqualityfactor_chgshare,matrix,96,Percent Change in Shares Outstanding: It is defined as the percent change in a company's current number of outstanding shares as compared to the number of shares outstanding 1 year ago.,Matrix,100,125,USA,TOP3000,1
mdl77_earningsqualityfactor_cogsinvt,matrix,63,Change in TTM COGS vs Inventory Level: It is defined as the absolute value of the difference between the yearly percent change in trailing 12-month cost of goods sold and the yearly percent change in inventory level.,Matrix,100,18,USA,TOP3000,1
mdl77_earningsqualityfactor_cre,matrix,82,Earnings Response Coefficient: It is defined as the slope coefficient between market-adjusted returns around the time of corporate earnings announcements and yearly change in quarterly actual earnings per share.,Matrix,100,23,USA,TOP3000,1
mdl77_earningsqualityfactor_dpcapex,matrix,87,Change in TTM Depreciation vs CapEx: It is defined as the absolute value of the difference between the yearly percent change in trailing 12-month depreciation expense and the yearly percent change in trailing 12-month capital expenditure.,Matrix,100,54,USA,TOP3000,1
mdl77_earningsqualityfactor_epschgetr,matrix,84,EPS from Change in Effective Tax Rate: It is defined as the trailing 12-month pre-tax income per share times the difference between the most recent trailing 12-month effective tax rate and that of 4 quarters ago. The effective tax rate is defined as total tax expense divided by pre-tax income.,Matrix,100,14,USA,TOP3000,1
mdl77_earningsqualityfactor_indrelrecd_,matrix,58,Industry-adjusted Doubtful Account Receivables: It is defined as a stock's asset-adjusted annual doubtful receivables minus the average of the receivables of all stocks in the same industry deflated by the standard deviation of these receivables.,Matrix,100,22,USA,TOP3000,1
mdl77_earningsqualityfactor_lccau,matrix,64,Unexpected Change in Accrued Liabilities: It is defined as the difference between the most recent fiscal year's accrued liabilities and the expected accrued liabilities (multiplying the prior year's closing account balance by the growth in the trailing 12-month sales) scaled by the total assets.,Matrix,100,2,USA,TOP3000,1
mdl77_earningsqualityfactor_opincltd,matrix,74,Change in TTM Oper Income vs. LT Debt: It is defined as the difference between the yearly percent change in operating income and the yearly percent change in long-term debt.,Matrix,100,1,USA,TOP3000,1
mdl77_earningsqualityfactor_pau,matrix,80,Unexpected Change in Accounts Payable: It is defined as the difference between current accounts payable and the expected level of accounts payable (multiplying the prior year's closing account balance by the growth in costs of goods sold in the trailing 12 months) scaled by the total assets.,Matrix,100,107,USA,TOP3000,1
mdl77_earningsqualityfactor_pedu,matrix,90,Unexpected Change in Depreciation: It is defined as the difference between the trailing 12-month depreciation expenses and the expected level of depreciation expenses (multiplying the prior year's closing account balance by the growth in total fixed assets) scaled by the total assets.,Matrix,100,51,USA,TOP3000,1
mdl77_earningsqualityfactor_rau,matrix,88,Unexpected Change in Accounts Receivable: It is defined as the difference between current accounts receivable and the expected level of accounts receivable (multiplying the prior year's closing account balance by the growth in sales in the trailing 12 months) scaled by the total assets.,Matrix,100,82,USA,TOP3000,1
mdl77_earningsqualityfactor_saleeps,matrix,80,Change in TTM Sales vs. EPS: It is defined as the absolute value of the difference between the yearly percent change in trailing 12-month sales per share and the yearly percent change in trailing 12-month diluted earnings per share before extraordinary items.,Matrix,100,1,USA,TOP3000,1
mdl77_earningsqualityfactor_salegpm,matrix,87,Change in QTR Sales vs Gross Margin: It is defined as the difference between the yearly change in the most recent reported quarterly sales and the yearly change in the quarterly gross profit margin.,Matrix,100,5,USA,TOP3000,1
mdl77_earningsqualityfactor_salerec,matrix,87,Change in TTM Sales vs Accounts Receivable: It is defined as the difference between the yearly percent change in trailing 12-month sales and the yearly percent change in accounts receivable.,Matrix,100,3,USA,TOP3000,1
mdl77_earningsqualityfactor_spefcn,matrix,78,Change in TTM EPS vs. Oper Cash Flows: It is defined as the absolute value of the difference between the yearly percent change in trailing 12-month operating cash flow per share and the yearly percent change in trailing 12-month diluted EPS before extraordinary items.,Matrix,100,1,USA,TOP3000,1
mdl77_earningsqualityfactor_ttmaccu,matrix,96,Accounting Accruals: It is defined as the difference between the trailing 12-month net income and the trailing 12-month operating cash flow scaled by the beginning total assets.,Matrix,100,2,USA,TOP3000,1
mdl77_earningsqualityfactor_vniu,matrix,75,The difference of inventory between present and expected levels.,Matrix,100,39,USA,TOP3000,1
mdl77_earningsqualityfactor_yoychgaa,matrix,94,"Change in Accruals to Assets: It is defined as the trailing 12-month income before extra items less the trailing 12-month operating cash flow, then scaled by the average total assets, then minus the scaled difference for the same quarter one year ago.",Matrix,100,1,USA,TOP3000,1
mdl77_earningsqualitymodule,matrix,98,Earnings Quality Module,Matrix,100,2,USA,TOP3000,1
mdl77_emmcomposite_emm_composite,matrix,100,Model composition based on earnings momentum,Matrix,100,1,USA,TOP3000,1
mdl77_equityto,matrix,95,The trailing 12-month sales divided by the average of trailing 12-month reported book equity.,Matrix,100,2,USA,TOP3000,1
mdl77_fa_capacq,matrix,88,Capital Acquisition Ratio: It is defined as the trailing 12-month operating cash flow less the trailing 12-month cash dividends and then divided by the total expenditures in the same period.,Matrix,100,1,USA,TOP3000,1
mdl77_fa_ebitdaev,matrix,91,"TTM EBITDA-to-Enterprise Value: It is defined as the trailing 12-month earnings before interest, taxes, depreciation, and amortization for a stock deflated by its enterprise value (EV). EV = Equity Market Value + Long-term Debt + Short-term Debt + Preferred Stock + Minority Interest - Cash.",Matrix,100,4,USA,TOP3000,1
mdl77_fa_fcfroi,matrix,91,"Free Cash Flow Return on Invested Capital: It is defined as the trailing 12-month free cash flow divided by the average invested capital in the same period. Invested capital equals the sum of common equity, long-term debt, minority interest, and preferred stock.",Matrix,100,82,USA,TOP3000,1
mdl77_fa_ollev,matrix,96,Operating Liability Leverage: It is defined as 1 minus the ratio of (short-term debt + long-term debt + common equity + preferred equity - cash) to (total assets - cash) in the current quarter.,Matrix,100,12,USA,TOP3000,1
mdl77_fa_past,matrix,96,Price-to-Total Assets: It is defined as a stock's month-end trading price divided by the most recent quarterly reported total assets per share.,Matrix,100,4,USA,TOP3000,1
mdl77_fa_pb,matrix,96,Book-to-Market: It is defined as the most recently reported book value per share for a stock deflated by its month-end trading price.,Matrix,100,3,USA,TOP3000,1
mdl77_fa_pedwf_cf,matrix,94,Leading 12-Month Mean Earnings Yield: It is defined as the next 4 quarters' mean consensus earnings estimate divided by the price.,Matrix,100,22,USA,TOP3000,1
mdl77_fa_pfcf_cf,matrix,85,"Forward Free Cash Flow-to-Price: It is defined as the next 4 quarters' mean consensus earnings estimate plus trailing 12-month depreciation expense per share minus corresponding capital expenditures, divided by trading price.",Matrix,100,9,USA,TOP3000,1
mdl77_fa_pfcfmtt,matrix,92,TTM Free Cash Flow-to-Price: It is defined as the trailing 12-month free cash flow per share for a stock divided by its month-end trading price. Free cash flow equals operating cash flow minus capital expenditures and cash dividends.,Matrix,100,2,USA,TOP3000,1
mdl77_fa_pge_cf,matrix,83,Estimates on the next 1-year average earnings scaled by company's prospects on growth and its stock price.,Matrix,100,48,USA,TOP3000,1
mdl77_fa_ppa,matrix,80,Average Payable Period: It is defined as the average of the trailing 12-month accounts payable times 365 divided by the trailing 12-month cost of goods sold.,Matrix,100,82,USA,TOP3000,1
mdl77_fa_rq,matrix,78,Quick Ratio: It is defined as the current assets less inventories from the most recent quarter divided by the total current liabilities from the most recent quarter.,Matrix,100,58,USA,TOP3000,1
mdl77_fa_vefcfmtt,matrix,89,TTM Free Cash Flow-to-Enterprise Value: It is defined as the trailing 12-month free cash flow (FCF) for a stock scaled by its enterprise value (EV). EV = Equity Market Value + Long-term Debt + Short-term Debt + Preferred Stock + Minority Interest - Cash.,Matrix,100,2,USA,TOP3000,1
mdl77_fa_vesspem21f_cf,matrix,92,Forward 12-M EPS-to-Enterprise Value: It is defined as the consensus forward 12-month earnings per share forecast divided by the sum of market value of common equity per share and book value of long-term debt per share.,Matrix,100,3,USA,TOP3000,1
mdl77_fa_y3fcq4vc,matrix,82,Stability of 3-yr TTM Cash Flow: It is defined as the standard deviation of the prior 12 quarters' trailing 12-month cash flow per share (CF) divided by the mean of these CFs.,Matrix,100,1,USA,TOP3000,1
mdl77_fa_ydp_cf,matrix,75,Predicted Dividend Yield: It is defined as an assumed payout ratio multiplied by the next 4-quarter consensus earnings estimate divided by trading price. The payout ratio assumption is 10%+84%*Payout Ratio in last Year - 38%*consensus long-term earnings growth rate.,Matrix,100,3,USA,TOP3000,1
mdl77_fangma_dvf22,matrix,100,"Deep value factors 22 for FANGMA (Facebook, Apple, Netflix, Google, Microsoft, Amazon)",Matrix,100,3,USA,TOP3000,1
mdl77_fangma_dvm1,matrix,100,"Deep value model 1 for FANGMA (Facebook, Apple, Netflix, Google, Microsoft, Amazon)",Matrix,100,1,USA,TOP3000,1
mdl77_fangma_dvm2,matrix,100,"Deep Value Model 2 for FANGMA (Facebook, Apple, Netflix, Google, Microsoft, Amazon)",Matrix,100,41,USA,TOP3000,1
mdl77_fangma_dvm3,matrix,100,"Deep value model 3 for FANGMA (Facebook, Apple, Netflix, Google, Microsoft, Amazon)",Matrix,100,40,USA,TOP3000,1
mdl77_fangma_dvm4,matrix,100,"Deep value model 4 for FANGMA (Facebook, Apple, Netflix, Google, Microsoft, Amazon)",Matrix,100,1,USA,TOP3000,1
mdl77_fangma_dvm5,matrix,100,"Deep Value Model 5 for FANGMA (Facebook, Apple, Netflix, Google, Microsoft, Amazon)",Matrix,100,2,USA,TOP3000,1
mdl77_fangma_emf15,matrix,100,"Earnings momentum factors 15 for FANGMA (Facebook, Apple, Netflix, Google, Microsoft, Amazon)",Matrix,100,4,USA,TOP3000,1
mdl77_fangma_emf20,matrix,100,"Earnings Momentum Factors 20 for FANGMA (Facebook, Apple, Netflix, Google, Microsoft, Amazon)",Matrix,100,1,USA,TOP3000,1
mdl77_fangma_emf25,matrix,100,"Earnings momentum factors 25 for FANGMA (Facebook, Apple, Netflix, Google, Microsoft, Amazon)",Matrix,100,8,USA,TOP3000,1
mdl77_fangma_emf28,matrix,100,"Earnings momentum factors 28 for FANGMA (Facebook, Apple, Netflix, Google, Microsoft, Amazon)",Matrix,100,4,USA,TOP3000,1
mdl77_fangma_emf3,matrix,100,"Earnings Momentum Factors 3 for FANGMA (Facebook, Apple, Netflix, Google, Microsoft, Amazon)",Matrix,100,1,USA,TOP3000,1
mdl77_fangma_emf30,matrix,100,"Earnings momentum factors 30 for FANGMA (Facebook, Apple, Netflix, Google, Microsoft, Amazon)",Matrix,100,2,USA,TOP3000,1
mdl77_fangma_emf4,matrix,100,"Earnings momentum factors 4 for FANGMA (Facebook, Apple, Netflix, Google, Microsoft, Amazon)",Matrix,100,1,USA,TOP3000,1
mdl77_fangma_emf6,matrix,100,Core factors of big IT companies.,Matrix,100,3,USA,TOP3000,1
mdl77_fangma_gpam1,matrix,100,to_fill,Matrix,100,1,USA,TOP3000,1
mdl77_fangma_gpam10,matrix,100,to_fill,Matrix,100,5,USA,TOP3000,1
mdl77_fangma_gpam11,matrix,100,to_fill,Matrix,100,78,USA,TOP3000,1
mdl77_fangma_gpam5,matrix,100,to_fill,Matrix,100,3,USA,TOP3000,1
mdl77_fangma_mam11,matrix,100,"Momentum Analyst Model 11 for FANGMA (Facebook, Apple, Netflix, Google, Microsoft, Amazon)",Matrix,100,75,USA,TOP3000,1
mdl77_fangma_mam16,matrix,100,"Momentum analyst model 16 for FANGMA (Facebook, Apple, Netflix, Google, Microsoft, Amazon)",Matrix,100,2,USA,TOP3000,1
mdl77_fangma_mam2,matrix,100,"Momentum analyst model 2 for FANGMA (Facebook, Apple, Netflix, Google, Microsoft, Amazon)",Matrix,100,2,USA,TOP3000,1
mdl77_fangma_mam3,matrix,100,"Momentum analyst model 3 for FANGMA (Facebook, Apple, Netflix, Google, Microsoft, Amazon)",Matrix,100,34,USA,TOP3000,1
mdl77_fangma_mam4,matrix,100,"Momentum analyst model 5 for FANGMA (Facebook, Apple, Netflix, Google, Microsoft, Amazon)",Matrix,100,5,USA,TOP3000,1
mdl77_fangma_mam5,matrix,100,"Momentum Analyst Model 5 for FANGMA (Facebook, Apple, Netflix, Google, Microsoft, Amazon)",Matrix,100,67,USA,TOP3000,1
mdl77_fangma_mam6,matrix,100,"Momentum Analyst Model 6 for FANGMA (Facebook, Apple, Netflix, Google, Microsoft, Amazon)",Matrix,100,2,USA,TOP3000,1
mdl77_fangma_mam7,matrix,100,"Momentum Analyst Model 7 for FANGMA (Facebook, Apple, Netflix, Google, Microsoft, Amazon)",Matrix,100,3,USA,TOP3000,1
mdl77_fangma_rvm1,matrix,100,"Relative value model 1 for FANGMA (Facebook, Apple, Netflix, Google, Microsoft, Amazon)",Matrix,100,1,USA,TOP3000,1
mdl77_fangma_rvm4,matrix,100,"Relative value model 4 for FANGMA (Facebook, Apple, Netflix, Google, Microsoft, Amazon)",Matrix,100,2,USA,TOP3000,1
mdl77_fangma_rvm6,matrix,100,"Relative Value Model 6 for FANGMA (Facebook, Apple, Netflix, Google, Microsoft, Amazon)",Matrix,100,53,USA,TOP3000,1
mdl77_fangma_vmm11,matrix,100,"Value momentum 11 for FANGMA (Facebook, Apple, Netflix, Google, Microsoft, Amazon)",Matrix,100,3,USA,TOP3000,1
mdl77_fc_y2repsg,matrix,94,"2-Year Projected EPS Growth: It is defined as the most recent consensus earnings forecast for fiscal year 2 minus the most recently reported fiscal year earnings, deflated by trading price.",Matrix,100,1,USA,TOP3000,1
mdl77_fixastto,matrix,91,The trailing 12-month sales divided by the average of the total fixed assets in the same period.,Matrix,100,1,USA,TOP3000,1
mdl77_flowratio,matrix,78,Flow Ratio: It is defined as the difference between current assets and cash & equivalents divided by the difference between current liabilities and short-term debt. All items are from the most recent quarter.,Matrix,100,1,USA,TOP3000,1
mdl77_garpanalystmodel_qgp_alert,matrix,100,Alert Rank: Alert Rank,Matrix,100,5,USA,TOP3000,1
mdl77_garpanalystmodel_qgp_avgrating,matrix,100,Avg Analyst Rating: Avg Analyst Rating,Matrix,100,5,USA,TOP3000,1
mdl77_garpanalystmodel_qgp_capeff,matrix,100,Capital Effectiveness: Capital Effectiveness,Matrix,100,37,USA,TOP3000,1
mdl77_garpanalystmodel_qgp_chgvaluation,matrix,100,3M Chg in Valuation: 3M Chg in Valuation,Matrix,100,43,USA,TOP3000,1
mdl77_garpanalystmodel_qgp_composite,matrix,100,Analyst score based on growth and value investing attributes,Matrix,100,3,USA,TOP3000,1
mdl77_garpanalystmodel_qgp_growthval,matrix,100,Growth Valuation : Growth Valuation,Matrix,100,1,USA,TOP3000,1
mdl77_garpanalystmodel_qgp_relgrowth,matrix,100,Relative Growth Rank: Relative Growth Rank,Matrix,100,44,USA,TOP3000,1
mdl77_garpanalystmodel_qgp_relpegy,matrix,100,Rolling Relative PEGY: Rolling Relative PEGY,Matrix,100,5,USA,TOP3000,1
mdl77_garpanalystmodel_qgp_roefcf,matrix,100,ROE x FCF Rank: ROE x FCF Rank,Matrix,100,2,USA,TOP3000,1
mdl77_garpanalystmodel_qgp_valuation,matrix,100,Valuation Rank: Valuation Rank,Matrix,100,1,USA,TOP3000,1
mdl77_garpanalystmodel_qgp_vfpriceratio,matrix,100,Value to Price Rank: Value to Price Rank,Matrix,100,90,USA,TOP3000,1
mdl77_garpanalystmodel_qgp_wratingchg,matrix,100,Weighted Ratings Change,Matrix,100,1,USA,TOP3000,1
mdl77_growthanalystmodel_qga_composite,matrix,95,Growth Analyst Composite,Matrix,100,1,USA,TOP3000,1
mdl77_growthanalystmodel_qga_epscapex,matrix,94,EPS Growth to CapEx Link,Matrix,100,1,USA,TOP3000,1
mdl77_growthanalystmodel_qga_epstrend,matrix,84,EPS Trend,Matrix,100,23,USA,TOP3000,1
mdl77_growthanalystmodel_qga_fcfroe,matrix,95,Free Cash Flow ROE,Matrix,100,91,USA,TOP3000,1
mdl77_growthanalystmodel_qga_iarsales,matrix,98,Inv Acc Rec to Sales Link,Matrix,100,1,USA,TOP3000,1
mdl77_growthanalystmodel_qga_ltepssurprise,matrix,81,Long Term EPS Surprise,Matrix,100,27,USA,TOP3000,1
mdl77_growthanalystmodel_qga_niroe,matrix,99,Net Income ROE,Matrix,100,7,USA,TOP3000,1
mdl77_growthanalystmodel_qga_opmarginsales,matrix,100,Op Margin to Sales Link,Matrix,100,3,USA,TOP3000,1
mdl77_gspea2y_cf,matrix,96,"2-Year Ahead EPS Growth: It is defined as the most recent consensus earnings forecast for fiscal year 2 minus the consensus earnings forecast for fiscal year 1, divided by trading price.",Matrix,100,99,USA,TOP3000,1
mdl77_hgm_composite,matrix,80,Score based on past growth patterns: Historical Growth Model Composite,Matrix,100,5,USA,TOP3000,1
mdl77_historicalgrowthfactor_cg3ysales,matrix,89,The geometric growth rate of the trailing 12-month sales per share in the last 12 quarters.,Matrix,100,88,USA,TOP3000,1
mdl77_historicalgrowthfactor_chg3ycfast,matrix,89,3-Yr Change in Assets-Adj TTM Cash Flow: It is defined as the most recently reported trailing 12-month operating cash flow minus 12 quarters ago comparable trailing 12-month cash flow scaled by the average total assets in the same period.,Matrix,100,40,USA,TOP3000,1
mdl77_historicalgrowthfactor_chg3yepsast,matrix,91,3-yr Change in Assets-adj TTM EPS: It is defined as the trailing 12-month earnings per share before extra items (EPS) minus the EPS 12 quarters ago deflated by the average total assets per share.,Matrix,100,29,USA,TOP3000,1
mdl77_historicalgrowthfactor_chg3yepsp,matrix,94,The difference between the trailing 12-month earnings per share and that of 12-quarters ago for a stock divided by its month-end trading price.,Matrix,100,3,USA,TOP3000,1
mdl77_historicalgrowthfactor_chg3yfcfast,matrix,89,3-yr Chg in Assets-adj TTM Free Cash Flow: It is defined as the trailing 12-month free cash flow minus 12 quarters ago trailing 12-month free cash flow divided by the average total assets.,Matrix,100,1,USA,TOP3000,1
mdl77_historicalgrowthfactor_chg3yocfast,matrix,88,3-Yr Change in Assets-Adj TTM Oper Cash Flow: It is defined as the most recently reported trailing 12-month operating cash flow (OCF) minus the OCF 12 quarters ago deflated by the average total assets.,Matrix,100,1,USA,TOP3000,1
mdl77_historicalgrowthfactor_chgars,matrix,88,1-yr Chg in Acct Receivable as Percentage ofSales: It is defined as the change between the last reported accounts receivable as a percentage of trailing 12-month sales and that percentage 4 quarters ago.,Matrix,100,1,USA,TOP3000,1
mdl77_historicalgrowthfactor_cv4qsales3y,matrix,88,The standard deviation of prior 12-quarters' trailing 12-month sales for individual share scaled to the mean of itself in the same period.,Matrix,100,1,USA,TOP3000,1
mdl77_historicalgrowthfactor_cvopinc,matrix,81,CV of Oper Income per Share in Last 12 QTRs: It is defined as the standard deviation of the trailing 12-month operating income per share (OPINC) in the prior 12 quarters divided by the mean of the OPINCs in the same period.,Matrix,100,8,USA,TOP3000,1
mdl77_historicalgrowthfactor_div5yg,matrix,44,5-Year Dividend Growth Rate: It is defined as the 5-year growth in dividends.,Matrix,100,4,USA,TOP3000,1
mdl77_historicalgrowthfactor_fcfequity,matrix,94,TTM Free Cash Flow to Equity: It is defined as the trailing 12-month free cash flow divided by the average book equity value in the same period.,Matrix,100,2,USA,TOP3000,1
mdl77_historicalgrowthfactor_fcfghc,matrix,94,1-yr Chg in Assets-adj TTM Free Cash Flow: It is defined as the trailing 12-month free cash flow minus 4 quarters ago trailing 12-month free cash flow divided by the average total assets.,Matrix,100,58,USA,TOP3000,1
mdl77_historicalgrowthfactor_fcghc,matrix,94,1-Year Change in Assets-Adj TTM Cash Flow: It is defined as the trailing 12-month cash flow minus comparable trailing 12-month cash flow from 4-quarters ago scaled by the average total assets.,Matrix,100,61,USA,TOP3000,1
mdl77_historicalgrowthfactor_fcoghc,matrix,94,1-yr Chg in Assets-adj TTM Oper Cash Flow: It is defined as the most recently reported trailing 12-month operating cash flow minus 4 quarters ago trailing 12-month operating cash flow divided by the average total assets.,Matrix,100,1,USA,TOP3000,1
mdl77_historicalgrowthfactor_mpnghc,matrix,97,1-Yr Change in Net Profit Margin: It is defined as the most recent quarterly net profit margin (NPM) minus the NPM 4 quarters ago. Net profit margin is net income divided by total sales.,Matrix,100,5,USA,TOP3000,1
mdl77_historicalgrowthfactor_mpoghc,matrix,94,1-Year Change in Operating Profit Margin: It is defined as the most recent quarterly operating profit margin minus that of 4 quarters ago. Operating profit margin is income from operations divided by total sales.,Matrix,100,1,USA,TOP3000,1
mdl77_historicalgrowthfactor_pctchg3ycf,matrix,86,The percent change in a stock's most recent trailing 12-month cash flow per share as compared to itself 12 quarters ago.,Matrix,100,52,USA,TOP3000,1
mdl77_historicalgrowthfactor_pctchg3yeps,matrix,89,The percent change in a stock's most recent trailing 12-month earnings per share as compared to itself 12 quarters ago.,Matrix,100,21,USA,TOP3000,1
mdl77_historicalgrowthfactor_pctchg3yfcf,matrix,85,3-yr Growth in TTM Free Cash Flow: It is defined as the percent change in a stock's most recent trailing 12-month free cash flow per share (FCF) as compared to its FCF 12 quarters ago.,Matrix,100,1,USA,TOP3000,1
mdl77_historicalgrowthfactor_pctchg3yocf,matrix,86,3-Yr Growth in TTM Oper Cash Flow: It is defined as the percent change in a stock's most recent trailing 12-month operating cash flow per share (OCF) as compared to its OCF 12 quarters ago.,Matrix,100,42,USA,TOP3000,1
mdl77_historicalgrowthfactor_pctchgastto,matrix,97,1-Year Change in Asset Turnover Ratio: It is defined as the percent change in the most recent asset turnover ratio as compared to that of 4 quarters ago. Asset turnover ratio is the trailing 12-month sales divided by the average total assets in the same period.,Matrix,100,4,USA,TOP3000,1
mdl77_historicalgrowthfactor_pctchgcf,matrix,94,1-yr Growth in TTM Cash Flow: It is defined as the percent change in a stock's most recent trailing 12-month cash flow per share (CF) as compared to the CF 4 quarters ago.,Matrix,100,37,USA,TOP3000,1
mdl77_historicalgrowthfactor_pctchgeps,matrix,97,The percent change in a stock's most recent trailing 12-month earnings per share before extra items as compared to itself 4 quarters ago.,Matrix,100,122,USA,TOP3000,1
mdl77_historicalgrowthfactor_pctchgfcf,matrix,91,1-yr Growth in TTM Free Cash Flow: It is defined as the percent change in a stock's most recent trailing 12-month free cash flow per share (FCF) as compared to the FCF 4 quarters ago.,Matrix,100,1,USA,TOP3000,1
mdl77_historicalgrowthfactor_pctchgocf,matrix,93,1-yr Growth in TTM Oper Cash Flow: It is defined as the percent change of a stock's most recent trailing 12-month operating cash flow per share (OCF) as compared to the OCF 4 quarters ago.,Matrix,100,104,USA,TOP3000,1
mdl77_historicalgrowthfactor_pctchgqtrast,matrix,98,1-yr Change in Total Assets: It is defined as the growth in the most recent reported quarterly total assets per share as compared to that of four quarters ago.,Matrix,100,102,USA,TOP3000,1
mdl77_historicalgrowthfactor_pctchgqtrsales,matrix,96,1-yr Change in Sales: It is defined as the growth in most recent reported quarterly sales per share as compared to 4 quarters ago.,Matrix,100,26,USA,TOP3000,1
mdl77_historicalgrowthfactor_pfcfghc,matrix,93,The difference between the trailing 12-month free cash flow per share and that of 4 quarters ago for a stock divided by its trading price.,Matrix,100,58,USA,TOP3000,1
mdl77_historicalgrowthfactor_pfcfy3ghc,matrix,87,3-yr Change in Price-adj TTM FCF: It is defined as the difference between the most recently reported trailing 12-month free cash flow per share and that of 12 quarters ago for a stock divided by its month-end trading price.,Matrix,100,9,USA,TOP3000,1
mdl77_historicalgrowthfactor_pfcghc,matrix,95,The difference between the trailing 12-month cash flow per share and that of 12 quarters ago for a stock divided by its trading price.,Matrix,100,2,USA,TOP3000,1
mdl77_historicalgrowthfactor_pfcoghc,matrix,94,The difference between the most recently reported trailing 12-month operating cash flow per share and that of 4 quarters ago for a stock divided by its trading price.,Matrix,100,2,USA,TOP3000,1
mdl77_historicalgrowthfactor_pfcoy3ghc,matrix,83,The difference between the trailing 12-month operating cash flow per share and that of 12 quarters ago for a stock divided by its trading price.,Matrix,100,14,USA,TOP3000,1
mdl77_historicalgrowthfactor_pfcy3ghc,matrix,88,The difference between the trailing 12-month cash flow per share and that of 12 quarters ago comparable trailing 12-month cash flow for a stock divided by its trading price.,Matrix,100,3,USA,TOP3000,1
mdl77_historicalgrowthfactor_pspeghc,matrix,98,The difference between the most recently reported trailing 12-month earnings per share and that of 4 quarters ago for a stock deflated by its month-end trading price.,Matrix,100,3,USA,TOP3000,1
mdl77_historicalgrowthfactor_reinrate,matrix,94,Reinvestment Rate: It is defined as the trailing 12-month earnings per share before extra items less the trailing 12-month dividends per share by ex-date divided by the average book equity per share in the same period.,Matrix,100,73,USA,TOP3000,1
mdl77_historicalgrowthfactor_rsqr4qsales3y,matrix,88,The conditional square of the correlation between monthly dates and the corresponding trailing 12-month sales per share in the prior 12 quarters,Matrix,100,35,USA,TOP3000,1
mdl77_historicalgrowthfactor_saleg5y,matrix,87,5-yr Sales Growth: It is defined as the difference between the trailing 12-month sales per share (SALE) and the SALE 20 quarters ago and then deflated by the average of the SALEs in the prior 20 quarters.,Matrix,100,27,USA,TOP3000,1
mdl77_historicalgrowthfactor_salegstdev,matrix,83,Sales Growth Rate Standard Deviation: It is defined as the standard deviation of the year-over-year quarterly sales per share growth rate during the last 12 quarters.,Matrix,100,7,USA,TOP3000,1
mdl77_historicalgrowthfactor_salesaccel4q,matrix,93,4-Quarter Sales Acceleration: It is defined as the slope of the regression line between year-over-year sales growth and time.,Matrix,100,5,USA,TOP3000,1
mdl77_historicalgrowthfactor_se5yepsg,matrix,78,"Stability-Adjusted Residual Growth Rate: It is defined as a stock's mean long-term growth rate minus its 5-year historical EPS Growth, as calculated by, divided by stability of 5-year historical EPS Growth, as defined by.",Matrix,100,14,USA,TOP3000,1
mdl77_historicalgrowthfactor_sighc,matrix,87,1-yr Chg in QTR Inventory as Percentage ofSales: It is defined as the most recently reported inventory as a percentage of trailing 12-month sales minus that percentage 4 quarters ago.,Matrix,100,6,USA,TOP3000,1
mdl77_historicalgrowthfactor_slope4qcf3y,matrix,84,Slope of 3-yr TTM Cash Flow Trend Line: It is defined as the slope coefficient between monthly dates and the corresponding trailing 12-month cash flow per share in the prior 12 quarters,Matrix,100,1,USA,TOP3000,1
mdl77_historicalgrowthfactor_slope4qeps3y,matrix,91,Slope of 3-yr TTM EPS Trend Line: It is defined as the slope coefficient between monthly dates and the corresponding trailing 12-month earnings per share before extra items in the prior 12 quarters,Matrix,100,41,USA,TOP3000,1
mdl77_historicalgrowthfactor_slope4qfcf3y,matrix,80,Slope of 3-yr TTM Free Cash Flow Trend Line: It is defined as the slope coefficient between monthly dates and the corresponding trailing 12-month free cash flow per share in the prior 12 quarters.,Matrix,100,8,USA,TOP3000,1
mdl77_historicalgrowthfactor_slope4qocf3y,matrix,84,Slope of 3-Yr TTM Oper Cash Flow Trend Line: It is defined as the slope coefficient between monthly dates and the corresponding trailing 12-month operating cash flow per share in the prior 12 quarters,Matrix,100,18,USA,TOP3000,1
mdl77_historicalgrowthfactor_slope4qsales3y,matrix,89,Slope of 3-yr TTM Sales Trend Line: It is defined as the slope coefficient between monthly dates and the corresponding trailing 12-month sales per share in the prior 12 quarters,Matrix,100,13,USA,TOP3000,1
mdl77_historicalgrowthfactor_speghc,matrix,97,1-yr Change in Assets-adj TTM EPS: It is defined as the trailing 12-month earnings per share before extra items (EPS) minus 4 quarters ago EPS deflated by the average total assets per share.,Matrix,100,1,USA,TOP3000,1
mdl77_historicalgrowthfactor_susgrowth,matrix,95,The maximum growth rate a firm can sustain without having to increase financial leverage.,Matrix,100,1,USA,TOP3000,1
mdl77_historicalgrowthfactor_totalsaleg,matrix,97,Yearly TTM Total Sales Growth Rate: It is defined as the percent change in a company's trailing 12-month total sales (TOTSALE) as compared to the TOTSALE one year ago.,Matrix,100,1,USA,TOP3000,1
mdl77_historicalgrowthfactor_y3fcfq4rqsr,matrix,85,R-Sqr of 3-yr TTM FCF Trend Line: It is defined as the conditional square of the correlation between monthly dates and the corresponding trailing 12-month free cash flow per share in the prior 12 quarters,Matrix,100,14,USA,TOP3000,1
mdl77_historicalgrowthfactor_y3fcfq4vc,matrix,85,Stability of 3-yr TTM Free Cash Flow: It is defined as the standard deviation of the last 12 quarters' trailing 12-month free cash flow per share (FCF) divided by the mean of the FCFs.,Matrix,100,59,USA,TOP3000,1
mdl77_historicalgrowthfactor_y3fcoq4rqsr,matrix,84,R-Sqr of 3-yr TTM Oper Cash Flow Trend Line: It is defined as the conditional square of the correlation between monthly dates and the corresponding trailing 12-month operating cash flow per share in the prior 12 quarters.,Matrix,100,25,USA,TOP3000,1
mdl77_historicalgrowthfactor_y3fcoq4vc,matrix,84,The standard deviation of the ratio for the values that a company generates scaled by its mean in the previous 12 quarters in a trailing 1 year.,Matrix,100,75,USA,TOP3000,1
mdl77_historicalgrowthfactor_y3fcq4rqsr,matrix,84,R-Sqr of 3-yr TTM Cash Flow Trend Line: It is defined as the conditional square of the correlation between monthly dates and the corresponding trailing 12-month cash flow per share in the prior 12 quarters.,Matrix,100,17,USA,TOP3000,1
mdl77_historicalgrowthfactor_y3fcq4vc,matrix,84,Stability of 3-Year TTM Cash Flow: It is defined as the standard deviation of the prior 12 quarters' trailing 12-month cash flow per share (CF) divided by the mean of these CFs.,Matrix,100,2,USA,TOP3000,1
mdl77_historicalgrowthfactor_y3speq4rqsr,matrix,91,R-Sqr of 3-yr TTM EPS Trend Line: It is defined as the conditional square of the correlation between monthly dates and the corresponding trailing 12-month earnings per share before extra items in the prior 12 quarters,Matrix,100,32,USA,TOP3000,1
mdl77_historicalgrowthfactor_y3speq4vc,matrix,91,Stability of 3-yr TTM Earnings per Share: It is defined as the standard deviation of the last 12 quarters' trailing 12-month earnings per share (EPS) divided by the mean of these EPS's.,Matrix,100,1,USA,TOP3000,1
mdl77_historicalgrowthmodel_div5yg,matrix,44,5-Year Dividend Growth Rate: It is defined as the 5-year growth in dividends.,Matrix,100,4,USA,TOP3000,1
mdl77_historicalgrowthmodel_emm_composite,matrix,96,Model composition based on earnings momentum,Matrix,100,5,USA,TOP3000,1
mdl77_historicalgrowthmodel_fcfghc,matrix,87,1-yr Chg in Assets-adj TTM Free Cash Flow: It is defined as the trailing 12-month free cash flow minus 4 quarters ago trailing 12-month free cash flow divided by the average total assets.,Matrix,100,57,USA,TOP3000,1
mdl77_historicalgrowthmodel_slope4qsales3y,matrix,84,Slope of 3-yr TTM Sales Trend Line: It is defined as the slope coefficient between monthly dates and the corresponding trailing 12-month sales per share in the prior 12 quarters,Matrix,100,6,USA,TOP3000,1
mdl77_historicalgrowthmodel_susgrowth,matrix,91,The maximum growth rate a firm can sustain without having to increase financial leverage.,Matrix,100,3,USA,TOP3000,1
mdl77_htwrgspe_amq,matrix,94,"Earnings Growth Rank: It is defined as the one-quarter change in a stock's trailing twelve-month earnings per share, scaled by its recent closing stock price (E/P).",Matrix,100,1,USA,TOP3000,1
mdl77_industryrrelativevaluefactor_curindbp_,matrix,95,Industry Relative Book-to-Market: It is defined as a stock's current book-to-price ratio (BP) less the average of the BPs of all stocks in the same industry deflated by the standard deviation of the BPs of all stocks in the same relative universe.,Matrix,100,183,USA,TOP3000,1
mdl77_industryrrelativevaluefactor_curindcfp_,matrix,94,Industry Relative TTM Cash Flow-to-Price: It is defined as a stock's trailing 12-month cash flow-to-price ratio (CFP) less the average of the CFPs of all stocks in the same industry deflated by the standard deviation of the CFPs of all stocks in the same relative universe.,Matrix,100,50,USA,TOP3000,1
mdl77_industryrrelativevaluefactor_curindcoreepsp_,matrix,95,Industry Relative TTM Core Earnings-to-Price: It is defined as a stock's trailing 12-month core earnings-to-price ratio (CoreEP) less the average of the CoreEPs of all stocks in the same industry deflated by the standard deviation of the CoreEPs of all stocks in the same relative universe,Matrix,100,2,USA,TOP3000,1
mdl77_industryrrelativevaluefactor_curinddivp_,matrix,89,Industry Relative TTM Dividend Yield: It is defined as a stock's trailing 12-month dividend yield (DivYield) less the average of the DivYields of all stocks in the same industry deflated by the standard deviation of the DivYields of all stocks in the same relative universe,Matrix,100,23,USA,TOP3000,1
mdl77_industryrrelativevaluefactor_curindebitdap_,matrix,92,"Industry Relative TTM EBITDA-to-Price: It is defined as a stock's trailing 12-month EBITDA-to-price ratio (EBITDAP) less the average of the EBITDAPs of all stocks in the same industry, deflated by the standard deviation of the EBITDAPs of all stocks in the same relative universe.",Matrix,100,32,USA,TOP3000,1
mdl77_industryrrelativevaluefactor_curindep_,matrix,95,"Industry Relative TTM EPS-to-Price: It is defined as a stock's trailing 12-month earnings per share before extra items-to-price ratio (EP) less the average of the EPs of all stocks in the same industry, deflated by the standard deviation of these EPs.",Matrix,100,34,USA,TOP3000,1
mdl77_industryrrelativevaluefactor_curindfcfp_,matrix,93,Industry Relative TTM Free Cash Flow-to-Price: It is defined as a stock's trailing 12-month free cash flow-to-price ratio (FCFP) less the average of the FCFPs of all stocks in the same industry deflated by the standard deviation of the FCFPs of all stocks in the same relative universe.,Matrix,100,4,USA,TOP3000,1
mdl77_industryrrelativevaluefactor_curindfwdep_,matrix,93,"Industry Relative Leading 4-QTRs EPS to Price: It is defined as a stock's next 4-quarter's analysts' consensus earnings estimates-to-price ratio (FwdEP) less the average of the FwdEPs of all stocks in the same industry, deflated by the standard deviation of these FwdEPs",Matrix,100,4,USA,TOP3000,1
mdl77_industryrrelativevaluefactor_curindocfp_,matrix,93,Industry Relative TTM Oper Cash Flow-to-Price: It is defined as a stock's trailing 12-month operating cash flow-to-price ratio (OCFP) less the average of the OCFPs of all stocks in the same industry deflated by the standard deviation of the OCFPs of all stocks in the same relative universe.,Matrix,100,5,USA,TOP3000,1
mdl77_industryrrelativevaluefactor_curindocfta_,matrix,93,"Industry Relative TTM Oper Cash Flow-to-Total Assets: It is defined as a stock's trailing 12-month operating cash flow-to-total assets ratio (OCFTA) less the average of the OCFTA of all stocks in the same industry, deflated by the standard deviation of the OCFTAs of all stocks in the same relative universe.",Matrix,100,38,USA,TOP3000,1
mdl77_industryrrelativevaluefactor_curindsp_,matrix,94,Industry Relative TTM Sales-to-Price: It is defined as a stock's trailing 12-month sales-to-price ratio (SP) less the average of the SPs of all stocks in the same industry deflated by the standard deviation of the SPs of all stocks in the same relative universe.,Matrix,100,75,USA,TOP3000,1
mdl77_investorsentimentmodule,matrix,98,Investor Sentiment Module,Matrix,100,33,USA,TOP3000,1
mdl77_liquidityriskfactor_altmanz,matrix,77,Altman Z Score: Altman Z = 1.2* (Current Assets - Current Liabilities)/TA + 1.4*Retained Earnings/TA + 3.3*Earnings before Interest and Taxes/TA + 0.6*Market Value of Preferred and Common Equity/Book Value of Total Liabilities + 1.0*Sales/TA where TA denotes total assets.,Matrix,100,1,USA,TOP3000,1
mdl77_liquidityriskfactor_astcomp,matrix,84,Asset Composition: It is defined as the total current assets from the most recent quarter divided by the total assets from the most recent quarter.,Matrix,100,1,USA,TOP3000,1
mdl77_liquidityriskfactor_atmcallvol,matrix,87,At the Money Call Option Implied Volatility: It is defined as the time-weighted average implied volatility of the nearest-to-expiration and next-nearest to expiration at the money call option contracts,Matrix,100,1,USA,TOP3000,1
mdl77_liquidityriskfactor_atmputvol,matrix,87,At the Money Put Option Implied Volatility: It is defined as the time-weighted average implied volatility of the nearest-to-expiration and next-nearest to expiration at the money put option contracts.,Matrix,100,20,USA,TOP3000,1
mdl77_liquidityriskfactor_bap20d,matrix,100,A proxy to market liquidity based on the difference between the highest price that a buyer is willing to pay for an asset and the lowest price that a seller is willing to accept.,Matrix,100,3,USA,TOP3000,1
mdl77_liquidityriskfactor_beta,matrix,97,60-Month Beta: It is defined as 0.67 times the 60-month beta plus 0.33. Beta is the covariance between a stock's monthly return and the monthly S&P 500 index return in the prior 60-month period divided by the variance of the monthly S&P 500 index return in the same period.,Matrix,100,13,USA,TOP3000,1
mdl77_liquidityriskfactor_betasigma,matrix,83,Product of Beta and Sigma: It is defined as the product of the adjusted 60-month Beta and 60-month Sigma (standard deviation of monthly price returns).,Matrix,100,10,USA,TOP3000,1
mdl77_liquidityriskfactor_booklev,matrix,100,Book Leverage: It is defined as the most recently reported quarterly total assets divided by the book equity.,Matrix,100,3,USA,TOP3000,1
mdl77_liquidityriskfactor_cashratio,matrix,84,Cash & Equivalents-to-Current Liabilities: It is defined as the most recently reported quarterly cash & equivalents divided by current liabilities.,Matrix,100,2,USA,TOP3000,1
mdl77_liquidityriskfactor_cfleverage,matrix,89,Cash Flow Leverage: It is defined as the total liabilities divided by the trailing 12-month operating cash flow.,Matrix,100,3,USA,TOP3000,1
mdl77_liquidityriskfactor_covol,matrix,84,60-Month Trading Volume Trend: It is defined as the slope of the least squares regression line of the last 60 months of monthly trading volume against time.,Matrix,100,32,USA,TOP3000,1
mdl77_liquidityriskfactor_curratio,matrix,83,Current Ratio: It is defined as the reported current assets from the most recent quarter divided by the current liabilities from the most recent quarter.,Matrix,100,1,USA,TOP3000,1
mdl77_liquidityriskfactor_cvvolp20d,matrix,100,20-Day Volume Volatility to Price Volatility: It is defined as the coefficient of variation of the last 20 days of closing prices divided by the coefficient of variation of daily trading volume for the same time period.,Matrix,100,1,USA,TOP3000,1
mdl77_liquidityriskfactor_dcc,matrix,75,Current Cash Flow Debt Coverage Ratio: It is defined as the most recently reported quarterly cash flow from operations less the cash dividends divided by the current interest-bearing debt.,Matrix,100,1,USA,TOP3000,1
mdl77_liquidityriskfactor_debtcf,matrix,86,The sum of the most recent reported long-term debt and short-term interest-bearing debt divided by the trailing 12-month cash flow.,Matrix,100,18,USA,TOP3000,1
mdl77_liquidityriskfactor_divcov,matrix,52,Company's trailing 1-year profits scaled by its annual dividends.,Matrix,100,69,USA,TOP3000,1
mdl77_liquidityriskfactor_ed,matrix,100,Long-term Debt-to-Equity: It is defined as the most recently reported total long-term debt divided by total book equity.,Matrix,100,3,USA,TOP3000,1
mdl77_liquidityriskfactor_flowratio,matrix,83,Flow Ratio: It is defined as the difference between current assets and cash & equivalents divided by the difference between current liabilities and short-term debt. All items are from the most recent quarter.,Matrix,100,159,USA,TOP3000,1
mdl77_liquidityriskfactor_gear,matrix,100,Capital Gearing Ratio: It is defined as the long-term debt divided by the difference between total assets and current liability.,Matrix,100,1,USA,TOP3000,1
mdl77_liquidityriskfactor_growdura,matrix,86,"Growth Duration: It is defined as the natural log of the ratio of a stock's leading 12-month PE to the leading 12-month PE of the market divided by the natural log of the ratio of 1 plus the stock's total growth rate, defined as the long-term growth rate plus indicated annual dividend yield, to the total growth rate of the market, defined similarly. The factor is ranked in ascending order.",Matrix,100,80,USA,TOP3000,1
mdl77_liquidityriskfactor_idb,matrix,86,Basic Defensive Interval: It measures how many days that a company can cover its daily operating expenses (cost of goods sold and SG&A) by only using its cash and receivables on its balance sheet.,Matrix,100,1,USA,TOP3000,1
mdl77_liquidityriskfactor_impduration,matrix,95,"Implied Equity Duration: It is an equity risk measure based on Macaulay's traditional measure of bond duration. It combines book value, expected growth, expected profitability, and current stock trading price.",Matrix,100,46,USA,TOP3000,1
mdl77_liquidityriskfactor_iqa,matrix,81,Asset Quality Index: It is defined as the year-over-year change of 1 minus the ratio of current assets plus PP&E divided by total assets.,Matrix,100,1,USA,TOP3000,1
mdl77_liquidityriskfactor_lfd,matrix,96,The sum of the trailing 12-month pretax income and the trailing 12-month interest expense divided by the trailing 12-month pretax income.,Matrix,100,251,USA,TOP3000,1
mdl77_liquidityriskfactor_liqcoeff,matrix,93,Liquidity Coefficient: It is the slope of the regression between the monthly stock trading turnover ratio (X) and the contemporary monthly stock price returns (Y).,Matrix,100,1,USA,TOP3000,1
mdl77_liquidityriskfactor_mad3yttmni,matrix,91,3-yr MAD of TTM Net Income: It is defined as the mean absolute deviation of the last 12 quarters' trailing 12-month net income deflated by the average of total assets.,Matrix,100,70,USA,TOP3000,1
mdl77_liquidityriskfactor_mad3yttmsale,matrix,89,3-yr MAD of TTM Sales: It is defined as the mean absolute deviation of 12-quarter trailing 12-month sales deflated by the average of total assets.,Matrix,100,2,USA,TOP3000,1
mdl77_liquidityriskfactor_milliq,matrix,100,Stock Illiquidity: It is defined as the monthly average of the daily absolute return to the daily dollar trading volume ratio.,Matrix,100,64,USA,TOP3000,1
mdl77_liquidityriskfactor_mktcappera,matrix,100,Stock's current market cap divided by the number of analysts providing Fiscal Year 1 earnings estimates.,Matrix,100,2,USA,TOP3000,1
mdl77_liquidityriskfactor_mktlev,matrix,100,Stock's total market value plus the most recent reported quarterly book debt then divided by the market value.,Matrix,100,21,USA,TOP3000,1
mdl77_liquidityriskfactor_monchgsip,matrix,100,Monthly Change in Short Interest Position: It is defined as the month-to-month change of the ratio of shares sold short divided by common shares outstanding.,Matrix,100,4,USA,TOP3000,1
mdl77_liquidityriskfactor_netcashp,matrix,93,Net Cash to Equity: It is defined as most recently reported quarterly cash & equivalents less the long-term debt and current debt for a stock divided by its current market value.,Matrix,100,3,USA,TOP3000,1
mdl77_liquidityriskfactor_nfaldebt,matrix,83,Net Fixed Assets to Long-term Debt: It is defined as the most recent quarterly reported net fixed assets divided by the total long-term debt.,Matrix,100,60,USA,TOP3000,1
mdl77_liquidityriskfactor_nlassets,matrix,100,Natural Logarithm of Total Assets: It is defined as the natural logarithm of the most recent quarterly reported total assets.,Matrix,100,1,USA,TOP3000,1
mdl77_liquidityriskfactor_nlmktcap,matrix,100,Natural Logarithm of Market Capitalization: It is defined as the natural logarithm of the cubic of a stock's total market value.,Matrix,100,2,USA,TOP3000,1
mdl77_liquidityriskfactor_nlprice,matrix,100,Natural Logarithm of Closing Price: It is defined as the natural logarithm of the cubic of a stock's unadjusted closing price.,Matrix,100,2,USA,TOP3000,1
mdl77_liquidityriskfactor_nlsales,matrix,100,Natural Logarithm of TTM Sales: It is defined as the natural logarithm of the cubic of a company's trailing 12-month sales.,Matrix,100,33,USA,TOP3000,1
mdl77_liquidityriskfactor_nlvolcap,matrix,99,The natural logarithm of the quotient of the trailing 1-year average of the monthly volume to the trailing 1-year average of monthly market value of outstanding shares.,Matrix,100,27,USA,TOP3000,1
mdl77_liquidityriskfactor_numest,matrix,100,The number of analysts' earnings estimates for fiscal year 1 for a stock.,Matrix,100,1,USA,TOP3000,1
mdl77_liquidityriskfactor_ocfratio,matrix,82,Operating Cash Flow Ratio: It is defined as a stock's most recently reported quarterly cash flow from operations divided by its current liabilities.,Matrix,100,64,USA,TOP3000,1
mdl77_liquidityriskfactor_ohlsonscore,matrix,81,"Ohlson Bankruptcy Score: It is a model assessing a company's probability of bankruptcy by considering firm size, capital structure, financial performance, and liquidity. It is derived from Ohlson (1980).",Matrix,100,133,USA,TOP3000,1
mdl77_liquidityriskfactor_oplev,matrix,90,Operating Leverage: It is defined as the percent change in the trailing 12-month operating income from the previous quarter divided by the percent change in trailing 12-month sales from the previous quarter.,Matrix,100,2,USA,TOP3000,1
mdl77_liquidityriskfactor_pcurlia,matrix,87,Current Liabilities-to-Price: It is defined as a stock's most recently reported quarterly current liabilities per share divided by its closing price.,Matrix,100,1,USA,TOP3000,1
mdl77_liquidityriskfactor_rerror60m,matrix,83,Regression Error of 60-Month CAPM: It is defined as the standard error of the slope of the least squares regression line for a stock's last 60-month monthly returns against the S&P 500 Index returns.,Matrix,100,35,USA,TOP3000,1
mdl77_liquidityriskfactor_rq,matrix,83,Quick Ratio: It is defined as the current assets less inventories from the most recent quarter divided by the total current liabilities from the most recent quarter.,Matrix,100,63,USA,TOP3000,1
mdl77_liquidityriskfactor_si_ratio,matrix,100,Short Interest Ratio: It is defined as the number of shares sold short divided by the average daily trading volume of the stock over the last 30 trading days.,Matrix,100,86,USA,TOP3000,1
mdl77_liquidityriskfactor_sigma,matrix,83,Stock Return Volatility: It is defined as the standard deviation of a stock's monthly returns in the prior 60 months.,Matrix,100,29,USA,TOP3000,1
mdl77_liquidityriskfactor_sip,matrix,100,Short Interest Position: It is defined as the number of shares sold short divided by common shares outstanding,Matrix,100,74,USA,TOP3000,1
mdl77_liquidityriskfactor_tobinq,matrix,98,"Tobin q: It is defined as the market value of equity (E) plus debt (D) divided by assets (A), or (E + D)/A. D is measured using book values.",Matrix,100,3,USA,TOP3000,1
mdl77_liquidityriskfactor_totalcov,matrix,88,Total Coverage: It equals (Cash Flow from Operations + Interest Paid + Tax Paid)/(Interest + Principal Paid).,Matrix,100,39,USA,TOP3000,1
mdl77_liquidityriskfactor_voctni,matrix,88,Interest Coverage: It is defined as the most recently reported quarterly operating income before depreciation divided by the quarterly long-term debt interest expenses.,Matrix,100,85,USA,TOP3000,1
mdl77_liquidityriskfactor_voldiff_pc,matrix,87,ATM Put Volatility - ATM Call Volatility: It is defined as the difference between the time weighted average implied volatility of the 2 nearest to expiration at the money put options and 2 nearest to expiration at the money call options,Matrix,100,1,USA,TOP3000,1
mdl77_liquidityriskfactor_volto,matrix,100,Trading Turnover Ratio: It is defined as the monthly total trading volume divided by the most recently reported total outstanding shares.,Matrix,100,5,USA,TOP3000,1
mdl77_liquidityriskfactor_yoychgcr,matrix,83,Year-over-year Change in Current Ratio: It is defined as the most recent reported quarterly current ratio and the current ratio for the same quarter one year ago. Current ratio equals current assets divided by current liabilities.,Matrix,100,46,USA,TOP3000,1
mdl77_liquidityriskfactor_yoychgda,matrix,100,Year-over-year Change in Leverage: It is defined as the difference between the most recent reported quarterly total liabilities as a percentage of the reported total assets and the percentage for the same quarter one year ago.,Matrix,100,4,USA,TOP3000,1
mdl77_lumqca,matrix,82,Acquisition Multiple: It is defined as the most recent quarterly reported invested capital divided by the trailing 12-month EBITDA.,Matrix,100,57,USA,TOP3000,1
mdl77_managementsignalingmodule,matrix,98,Management Signaling Module,Matrix,100,1,USA,TOP3000,1
mdl77_momemtumanalystmodel_ghcfcfmtt_amq,matrix,98,"Change in TTM Free Cash Flow Rank: It is defined as the 2Q change in a stock's trailing twelve month free cash flow, divided by the absolute value of a stock's trailing twelve month free cash flow from two quarters ago.",Matrix,100,1,USA,TOP3000,1
mdl77_momemtumanalystmodel_htwrgspe_amq,matrix,95,"Earnings Growth Rank: It is defined as the one-quarter change in a stock's trailing twelve-month earnings per share, scaled by its recent closing stock price (E/P).",Matrix,100,2,USA,TOP3000,1
mdl77_momemtumanalystmodel_jdaksr_amq,matrix,98,"Risk Adjustments Rank: It is defined as the aggregation of five non-linear price and trading volume volatility and growth subfactors. This factor penalizes a stock with extremely high (or low) volume volatility, high standard deviation of monthly returns, and large intraday price high/low spreads, among other ideas.",Matrix,100,2,USA,TOP3000,1
mdl77_momemtumanalystmodel_qma_alpha6m,matrix,91,"Six-Month Alpha Change Rank: It is defined as the six-month change in a stock's twelve-month alpha, as calculated by a rolling CAPM regression.",Matrix,100,7,USA,TOP3000,1
mdl77_momemtumanalystmodel_qma_chgnowc,matrix,74,Change in Net Working Capital Rank: It is defined as the one-quarter change in a stock's recent net current working capital divided by total net operating assets from one quarter ago.,Matrix,100,1,USA,TOP3000,1
mdl77_momemtumanalystmodel_qma_composite,matrix,98,"The composite of the Earnings Momentum Rank, the Analyst Expectations Rank, the Earnings-Price Link Rank and the Relative Price Momentum Rank factors.",Matrix,100,3,USA,TOP3000,1
mdl77_momemtumanalystmodel_qma_condsurp,matrix,90,"Conditional Surprise Rank: It is defined as the average of a stock's recent earnings surprise, its cost of goods sold efficiency relative to its value categorization, and its sales growth strength relative to its growth categorization.",Matrix,100,3,USA,TOP3000,1
mdl77_momemtumanalystmodel_qma_earnexp,matrix,95,Analyst Expectations Rank: It is defined as the equal-weighted average of the Earnings Revisions and the Ratings Change Ranks.,Matrix,100,92,USA,TOP3000,1
mdl77_momemtumanalystmodel_qma_eplinkage,matrix,97,"The equal-weighted average of the Change in Free Cash Flow Rank, the Industry Relative 3-Month Return Rank, the Market Earnings Response Rank, and the Change in Net Working Capital Rank.",Matrix,100,4,USA,TOP3000,1
mdl77_momemtumanalystmodel_qma_estrev,matrix,93,"Estimate Revisions Rank: It is defined as the difference between the number of recent upward and downward revisions to both fiscal 1 year (FY1) and fiscal 2 year (FY2) EPS estimates over the past 4 weeks, scaled respectively by the total number of FY1 and FY2 estimates.",Matrix,100,2,USA,TOP3000,1
mdl77_momemtumanalystmodel_qma_indrelrtn3m,matrix,97,The difference of company's 3 months profit compared to its respective by industry classification.,Matrix,100,1,USA,TOP3000,1
mdl77_momemtumanalystmodel_qma_lagpricemo,matrix,93,"Lagged 12- to 1-Month Price MomRank: It is defined as the difference between a stock's lagged 12-month return and its recent 1-month return, scaled by the standard deviation of the 1-month return over the past year.",Matrix,100,2,USA,TOP3000,1
mdl77_momemtumanalystmodel_qma_mktresponse,matrix,96,"Market Earnings Response Rank: It is defined as the four-day return for a stock, spanning the two days before to the day after its recent quarterly earnings report.",Matrix,100,1,USA,TOP3000,1
mdl77_momemtumanalystmodel_qma_ratingchg,matrix,94,"The trend in sell-side analysts' consensus ratings (standardized 1 = strong buy to 5 = strong sell) revisions over the last four and eight weeks, respectively.",Matrix,100,2,USA,TOP3000,1
mdl77_momemtumanalystmodel_qma_relpricemo,matrix,93,"Relative Price Momentum Rank: It is defined as the equal-weighted average of the Lagged 12- to 1-Month Price Momentum Rank, the Risk Adjustments Rank, and the 6-Month Alpha Change Rank.",Matrix,100,1,USA,TOP3000,1
mdl77_momemtumanalystmodel_qma_repearnmom,matrix,95,Earnings Momentum Rank: It is defined as the equal weighted average of the Earnings Growth and Earnings Surprise Rankings.,Matrix,100,1,USA,TOP3000,1
mdl77_monchgsip,matrix,97,Monthly Change in Short Interest Position: It is defined as the month-to-month change of the ratio of shares sold short divided by common shares outstanding,Matrix,100,76,USA,TOP3000,1
mdl77_mpnghc,matrix,95,1-Yr Change in Net Profit Margin: It is defined as the most recent quarterly net profit margin (NPM) minus the NPM 4 quarters ago. Net profit margin is net income divided by total sales.,Matrix,100,2,USA,TOP3000,1
mdl77_netcashp,matrix,89,Net Cash to Equity: It is defined as most recently reported quarterly cash & equivalents less the long-term debt and current debt for a stock divided by its current market value.,Matrix,100,4,USA,TOP3000,1
mdl77_nlvolcap,matrix,94,The natural logarithm of the quotient of the trailing 1-year average of the monthly volume to the trailing 1-year average of monthly market value of outstanding shares.,Matrix,100,7,USA,TOP3000,1
mdl77_nnastp,matrix,79,Net Current Assets-to-Price: It is defined as the current assets per share minus total liabilities per share divided by the price.,Matrix,100,1,USA,TOP3000,1
mdl77_ocfast,matrix,92,Operating Cash Flow to Assets: It is defined as the trailing 12-month net cash flow from operations divided by the average total assets.,Matrix,100,9,USA,TOP3000,1
mdl77_ocfratio,matrix,77,Operating Cash Flow Ratio: It is defined as a stock's most recently reported quarterly cash flow from operations divided by its current liabilities.,Matrix,100,6,USA,TOP3000,1
mdl77_oearningmomentumfactor_dypeg,matrix,85,Reciprocal of Dividend Yield-adjusted PEG: It is defined as the reciprocal of a stock's forward 12-month P/E ratio divided by the total growth rate. The total growth rate is defined as the sum of the forecasted long-term growth rate and the indicated dividend yield.,Matrix,100,75,USA,TOP3000,1
mdl77_oearningmomentumfactor_fcfroey1p,matrix,96,Product of TTM FCF Yield and Forward ROE: It is defined as the trailing 12-month free cash flow per share multiplied by the next 4-quarter consensus earnings forecasts divided by the most recently reported book value per share scaled by its trading price.,Matrix,100,2,USA,TOP3000,1
mdl77_oearningmomentumfactor_fcus,matrix,86,"Standardized Unexpected Cash Flow: It is defined as the most recent quarterly operating cash flow minus that of 4 quarters ago, divided by the standard deviation of this difference over the preceding 8 quarters.",Matrix,100,68,USA,TOP3000,1
mdl77_oearningmomentumfactor_fqsurstd,matrix,90,Most Recent Earnings Surprise: It is defined as the most recent quarterly earnings surprise (actual fiscal quarter EPS less the consensus earnings estimate) adjusted by the standard deviation of analyst forecasts.,Matrix,100,1,USA,TOP3000,1
mdl77_oearningmomentumfactor_fy1epsskew,matrix,89,The skewness of the distribution of a series leading 12-month earnings consensus estimates.,Matrix,100,2,USA,TOP3000,1
mdl77_oearningmomentumfactor_gspea1q,matrix,94,1-Quarter Ahead EPS Growth: It is defined as a stock's most recent fiscal quarter consensus earnings forecast less the actual quarterly earnings recorded four quarters ago divided by its trading price.,Matrix,100,5,USA,TOP3000,1
mdl77_oearningmomentumfactor_gspea1y,matrix,90,"1-Year Ahead EPS Growth: It is defined as the most recent consensus earnings forecast for the next 4 quarters minus the last 4 quarters' reported earnings, deflated by trading price.",Matrix,100,16,USA,TOP3000,1
mdl77_oearningmomentumfactor_gspea2y,matrix,100,"2-Year Ahead EPS Growth: It is defined as the most recent consensus earnings forecast for fiscal year 2 minus the consensus earnings forecast for fiscal year 1, divided by trading price.",Matrix,100,37,USA,TOP3000,1
mdl77_oearningmomentumfactor_gtl,matrix,95,Long-Term Growth Rate Estimates: It is defined as the consensus long-term growth forecast. It generally represents an expected annual increase in operating earnings over the company's next full business cycle.,Matrix,100,18,USA,TOP3000,1
mdl77_oearningmomentumfactor_gtlm6ghc,matrix,93,6-M Change in Long-term Growth Estimates: It is defined as the percent change in the most recent mean consensus long-term growth forecast as compared to those of 6 months ago.,Matrix,100,2,USA,TOP3000,1
mdl77_oearningmomentumfactor_lagegp,matrix,87,"Lagged Inverse of PEG Ratio: It is defined as the trailing 12-month earnings per share before extraordinary items times the change in yearly trailing 12-month sales per share growth rate, divided by trading price.",Matrix,100,24,USA,TOP3000,1
mdl77_oearningmomentumfactor_mrspe,matrix,88,"Street Revision Magnitude: It is defined as the 3-month change in the median FY1 consensus earnings forecast, scaled by the current mean earnings estimate.",Matrix,100,20,USA,TOP3000,1
mdl77_oearningmomentumfactor_numrevq1,matrix,100,"Net Number ofRevisions for Fiscal QTR 1: It is defined as the number of fiscal quarter 1 upward earnings forecast revisions less the number lowered within a month, divided by the total number of analyst forecasts.",Matrix,100,8,USA,TOP3000,1
mdl77_oearningmomentumfactor_numrevy1,matrix,100,"Net Number ofRevisions for Fiscal Year 1: It is defined as the weighted average of the number of FY1 analyst earnings forecasts raised less the number lowered within a month, divided by the total number of analyst forecasts.",Matrix,100,3,USA,TOP3000,1
mdl77_oearningmomentumfactor_pelh,matrix,100,"Street Revision Confidence: It is defined as the sum of the 3-month change in the highest and lowest FY1 earnings estimate, scaled by month-end trading price.",Matrix,100,2,USA,TOP3000,1
mdl77_oearningmomentumfactor_perg,matrix,84,"Risk-Adjusted PEG Ratio: It is defined as the stock price divided by the leading 12-month consensus earnings forecast, scaled by the average long-term growth rate estimate, and multiplied by the stock's 36-month beta.",Matrix,100,65,USA,TOP3000,1
mdl77_oearningmomentumfactor_pge,matrix,86,Estimates on the next 1-year average earnings scaled by company's prospects on growth and its stock price.,Matrix,100,48,USA,TOP3000,1
mdl77_oearningmomentumfactor_qepsferr,matrix,92,Prior Fiscal Quarter Forecast Error: It is defined as the difference between the actual earnings per share and consensus forecast scaled by the stock's price at the beginning of the quarter.,Matrix,100,1,USA,TOP3000,1
mdl77_oearningmomentumfactor_ratrev6m,matrix,98,Street Rating Revision: It is defined as the 6-month average of the change in the average analyst recommendation tracked by,Matrix,100,26,USA,TOP3000,1
mdl77_oearningmomentumfactor_rev1q1,matrix,100,"Revision in Fiscal QTR 1 EPS Forecasts: It is defined as the change in the current consensus earnings forecast for fiscal quarter 1 less the earnings forecast of one month ago, deflated by the trading price.",Matrix,100,1,USA,TOP3000,1
mdl77_oearningmomentumfactor_rev3y1,matrix,100,"The change in the analysts' projection on company's performance for fiscal year 1 less that of three months ago, deflated by its price.",Matrix,100,1,USA,TOP3000,1
mdl77_oearningmomentumfactor_rev3y2,matrix,100,"3-M Revision in FY2 EPS Forecasts: It is defined as the change in the current mean consensus earnings estimate for fiscal year 2 less that of 3 months ago, deflated by its trading price.",Matrix,100,1,USA,TOP3000,1
mdl77_oearningmomentumfactor_rev6,matrix,99,"Averaged Last 6-M EPS Revisions for FY1: It is defined as the average of prior 6-month monthly changes in a stock's consensus analysts' earnings forecasts for fiscal year 1, scaled by previous month-end trading price.",Matrix,100,6,USA,TOP3000,1
mdl77_oearningmomentumfactor_salesurp,matrix,86,"Sales Surprise: It is defined as the most recent reported quarterly sales minus consensus sales forecasts, divided by the standard deviation of sales forecasts.",Matrix,100,2,USA,TOP3000,1
mdl77_oearningmomentumfactor_spe1yfvc,matrix,95,FY1 EPS Estimates Dispersion: It is defined as the standard deviation of analyst earnings estimates for fiscal year 1 divided by the mean consensus forecast.,Matrix,100,50,USA,TOP3000,1
mdl77_oearningmomentumfactor_spe2yfvc,matrix,95,FY2 EPS Forecast Dispersion: It is defined as the standard deviation of analyst earnings estimates for fiscal year 2 divided by the mean consensus forecast.,Matrix,100,73,USA,TOP3000,1
mdl77_oearningmomentumfactor_stdevfy1epsp,matrix,95,Std Dev of FY1 EPS Estimates-to-Price: It is defined as the standard deviation of analyst forecasts for fiscal year 1 earnings scaled by closing price.,Matrix,100,93,USA,TOP3000,1
mdl77_oearningmomentumfactor_stdevfy2epsp,matrix,95,Std Dev of FY2 EPS Estimates-to-Price: It is defined as the standard deviation of analyst forecasts for fiscal year 2 earnings scaled by closing price.,Matrix,100,1,USA,TOP3000,1
mdl77_oearningmomentumfactor_stockrating,matrix,100,Street Consensus Rating: It is defined as the consensus recommendation for a company.,Matrix,100,63,USA,TOP3000,1
mdl77_oearningmomentumfactor_sue,matrix,91,"Standardized Unexpected Earnings: It is defined as the most recent quarterly earnings per share minus that of 4 quarters ago, divided by the standard deviation of this difference over the preceding 8 quarters.",Matrix,100,1,USA,TOP3000,1
mdl77_oearningmomentumfactor_surp,matrix,96,"Real Earnings Surprise: It is defined as the difference between the actual earnings per share and consensus forecasts prior to the announcement date, scaled by price at the end of the quarter.",Matrix,100,5,USA,TOP3000,1
mdl77_oearningmomentumfactor_y2repsg,matrix,99,"2-Year Projected EPS Growth: It is defined as the most recent consensus earnings forecast for fiscal year 2 minus the most recently reported fiscal year earnings, deflated by trading price.",Matrix,100,1,USA,TOP3000,1
mdl77_oearningmomentumfactor_y3sur,matrix,82,"Volatility-adj 3-yr Projected EPS Growth: It is defined as the consensus earnings forecast for the current quarter minus the actual quarterly earnings 12 quarters ago, deflated by the standard deviation of the actual quarterly earnings.",Matrix,100,15,USA,TOP3000,1
mdl77_oearningsqualityfactor_ccacw,matrix,89,Working Capital Accruals: It equals to: Increase in Accounts Receivables + Increase in Inventory + Decrease in Accounts Payable and Accrued Liabilities + Decrease in Accrued Income Taxes + Increase (Decrease) in Assets (Liabilities).,Matrix,100,1,USA,TOP3000,1
mdl77_oearningsqualityfactor_chgsgasale,matrix,87,"Change in QTR SG&A Expenses vs Sales: It is defined as the difference between the yearly change in quarterly Selling, General and Administrative expenses and yearly change in quarterly sales.",Matrix,100,1,USA,TOP3000,1
mdl77_oearningsqualityfactor_chgshare,matrix,99,Percent Change in Shares Outstanding: It is defined as the percent change in a company's current number of outstanding shares as compared to the number of shares outstanding one year ago.,Matrix,100,43,USA,TOP3000,1
mdl77_oearningsqualityfactor_cogsinvt,matrix,65,Change in TTM COGS vs Inventory Level: It is defined as the absolute value of the difference between the yearly percent change in trailing 12-month cost of goods sold and the yearly percent change in inventory level.,Matrix,100,21,USA,TOP3000,1
mdl77_oearningsqualityfactor_cre,matrix,84,Earnings Response Coefficient: It is defined as the slope coefficient between market-adjusted returns around the time of corporate earnings announcements and yearly change in quarterly actual earnings per share tracked by.,Matrix,100,9,USA,TOP3000,1
mdl77_oearningsqualityfactor_dpcapex,matrix,89,Change in TTM Depreciation vs CapEx: It is defined as the absolute value of the difference between the yearly percent change in trailing 12-month depreciation expense and the yearly percent change in trailing 12-month capital expenditure.,Matrix,100,2,USA,TOP3000,1
mdl77_oearningsqualityfactor_epschgetr,matrix,87,EPS from Change in Effective Tax Rate: It is defined as the trailing 12-month pre-tax income per share times the difference between the most recent trailing 12-month effective tax rate and that of 4 quarters ago. The effective tax rate is defined as total tax expense divided by pre-tax income.,Matrix,100,10,USA,TOP3000,1
mdl77_oearningsqualityfactor_indrelrecd_,matrix,59,Industry-Adjusted Doubtful Account Receivables: It is defined as a stock's asset-adjusted annual doubtful receivables minus the average of the receivables of all stocks in the same industry deflated by the standard deviation of these receivables.,Matrix,100,15,USA,TOP3000,1
mdl77_oearningsqualityfactor_lccau,matrix,66,Unexpected Change in Accrued Liabilities: It is defined as the difference between the most recent fiscal year's accrued liabilities and the expected accrued liabilities (multiplying the prior year's closing account balance by the growth in the trailing 12-month sales) scaled by the total assets.,Matrix,100,1,USA,TOP3000,1
mdl77_oearningsqualityfactor_opincltd,matrix,76,Change in TTM Oper Income vs LT Debt: It is defined as the difference between the yearly percent change in operating income and the yearly percent change in long-term debt.,Matrix,100,1,USA,TOP3000,1
mdl77_oearningsqualityfactor_pau,matrix,82,Unexpected Change in Accounts Payable: It is defined as the difference between current accounts payable and the expected level of accounts payable (multiplying the prior year's closing account balance by the growth in costs of goods sold in the trailing 12 months) scaled by the total assets.,Matrix,100,1,USA,TOP3000,1
mdl77_oearningsqualityfactor_pedu,matrix,92,Unexpected Change in Depreciation: It is defined as the difference between the trailing 12-month depreciation expenses and the expected level of depreciation expenses (multiplying the prior year's closing account balance by the growth in total fixed assets) scaled by the total assets.,Matrix,100,1,USA,TOP3000,1
mdl77_oearningsqualityfactor_rau,matrix,91,Unexpected Change in Accounts Receivable: It is defined as the difference between current accounts receivable and the expected level of accounts receivable (multiplying the prior year's closing account balance by the growth in sales in the trailing 12 months) scaled by the total assets.,Matrix,100,2,USA,TOP3000,1
mdl77_oearningsqualityfactor_saleeps,matrix,83,Change in TTM Sales vs EPS: It is defined as the absolute value of the difference between the yearly percent change in trailing 12-month sales per share and the yearly percent change in trailing 12-month diluted earnings per share before extraordinary items.,Matrix,100,16,USA,TOP3000,1
mdl77_oearningsqualityfactor_salegpm,matrix,90,Change in QTR Sales vs. Gross Margin: It is defined as the difference between the yearly change in most recent reported quarterly sales and the yearly change in the quarterly gross profit margin.,Matrix,100,110,USA,TOP3000,1
mdl77_oearningsqualityfactor_salerec,matrix,90,Change in TTM Sales vs Accounts Receivable: It is defined as the difference between the yearly percent change in trailing 12-month sales and the yearly percent change in accounts receivable.,Matrix,100,6,USA,TOP3000,1
mdl77_oearningsqualityfactor_spefcn,matrix,81,Change in TTM EPS vs. Oper Cash Flows: It is defined as the absolute value of the difference between the yearly percent change in trailing 12-month operating cash flow per share and the yearly percent change in trailing 12-month diluted EPS before extraordinary items.,Matrix,100,18,USA,TOP3000,1
mdl77_oearningsqualityfactor_ttmaccu,matrix,99,Accounting Accruals: It is defined as the difference between the trailing 12-month net income and the trailing 12-month operating cash flow scaled by the beginning total assets.,Matrix,100,8,USA,TOP3000,1
mdl77_oearningsqualityfactor_vniu,matrix,77,The difference of inventory between present and expected levels.,Matrix,100,3,USA,TOP3000,1
mdl77_oearningsqualityfactor_yoychgaa,matrix,97,"Change in Accruals to Assets: It is defined as the trailing 12-month income before extra items less the trailing 12-month operating cash flow, then scaled by the average total assets, then minus the scaled difference for the same quarter 1 year ago.",Matrix,100,2,USA,TOP3000,1
mdl77_ohistoricalgrowthfactor_cg3ysales,matrix,91,The geometric growth rate of the trailing 12-month sales per share in the last 12 quarters.,Matrix,100,58,USA,TOP3000,1
mdl77_ohistoricalgrowthfactor_chg3ycfast,matrix,92,3-yr Change in Assets-adj TTM Cash Flow: It is defined as the most recently reported trailing 12-month operating cash flow minus 12 quarters ago comparable trailing 12-month cash flow scaled by the average total assets in the same period.,Matrix,100,70,USA,TOP3000,1
mdl77_ohistoricalgrowthfactor_chg3yepsast,matrix,94,3-yr Change in Assets-adj TTM EPS: It is defined as the trailing 12-month earnings per share before extra items (EPS) minus the EPS 12 quarters ago deflated by the average total assets per share.,Matrix,100,161,USA,TOP3000,1
mdl77_ohistoricalgrowthfactor_chg3yepsp,matrix,96,The difference between the trailing 12-month earnings per share and that of 12 quarters ago for a stock divided by its month-end trading price.,Matrix,100,2,USA,TOP3000,1
mdl77_ohistoricalgrowthfactor_chg3yfcfast,matrix,91,3-yr Chg in Assets-adj TTM Free Cash Flow: It is defined as the trailing 12-month free cash flow minus 12-quarters ago trailing 12-month free cash flow divided by the average total assets.,Matrix,100,27,USA,TOP3000,1
mdl77_ohistoricalgrowthfactor_chg3yocfast,matrix,90,3-yr Change in Assets-adj TTM Oper Cash Flow: It is defined as the most recently reported trailing 12-month operating cash flow (OCF) minus the OCF 12 quarters ago deflated by the average total assets.,Matrix,100,1,USA,TOP3000,1
mdl77_ohistoricalgrowthfactor_chgars,matrix,91,1-yr Chg in Acct Receivable as Percentage ofSales: It is defined as the change between the last reported accounts receivable as a percentage of trailing 12-month sales and that percentage 4 quarters ago.,Matrix,100,1,USA,TOP3000,1
mdl77_ohistoricalgrowthfactor_cv4qsales3y,matrix,91,The standard deviation of prior 12 quarters' trailing 12-month sales for individual share scaled to the mean of itself in the same period.,Matrix,100,23,USA,TOP3000,1
mdl77_ohistoricalgrowthfactor_cvopinc,matrix,83,CV of Oper Income per Share in Last 12 QTRs: It is defined as the standard deviation of the trailing 12-month operating income per share (OPINC) in the prior 12 quarters divided by the mean of the OPINCs in the same period.,Matrix,100,14,USA,TOP3000,1
mdl77_ohistoricalgrowthfactor_div5yg,matrix,44,5-Year Dividend Growth Rate: It is defined as the 5-year growth in dividends,Matrix,100,5,USA,TOP3000,1
mdl77_ohistoricalgrowthfactor_fcfequity,matrix,97,TTM Free Cash Flow to Equity: It is defined as the trailing 12-month free cash flow divided by the average book equity value in the same period.,Matrix,100,2,USA,TOP3000,1
mdl77_ohistoricalgrowthfactor_fcfghc,matrix,97,1-yr Chg in Assets-adj TTM Free Cash Flow: It is defined as the trailing 12-month free cash flow minus 4 quarters ago trailing 12-month free cash flow divided by the average total assets.,Matrix,100,3,USA,TOP3000,1
mdl77_ohistoricalgrowthfactor_fcghc,matrix,97,1-yr Change in Assets-adj TTM Cash Flow: It is defined as the trailing 12-month cash flow minus comparable trailing 12-month cash flow from 4 quarters ago scaled by the average total assets.,Matrix,100,70,USA,TOP3000,1
mdl77_ohistoricalgrowthfactor_fcoghc,matrix,97,1-yr Chg in Assets-adj TTM Oper Cash Flow: It is defined as the most recently reported trailing 12-month operating cash flow minus 4 quarters ago trailing 12-month operating cash flow divided by the average total assets.,Matrix,100,2,USA,TOP3000,1
mdl77_ohistoricalgrowthfactor_mpnghc,matrix,100,1-Yr Change in Net Profit Margin: It is defined as the most recent quarterly net profit margin (NPM) minus the NPM 4 quarters ago. Net profit margin is net income divided by total sales.,Matrix,100,8,USA,TOP3000,1
mdl77_ohistoricalgrowthfactor_mpoghc,matrix,97,1-yr Change in Operating Profit Margin: It is defined as the most recent quarterly operating profit margin minus that of 4 quarters ago. Operating profit margin is income from operations divided by total sales.,Matrix,100,1,USA,TOP3000,1
mdl77_ohistoricalgrowthfactor_pctchg3ycf,matrix,88,The percent change in a stock's most recent trailing 12-month cash flow per share as compared to itself 12 quarters ago.,Matrix,100,87,USA,TOP3000,1
mdl77_ohistoricalgrowthfactor_pctchg3yeps,matrix,92,The percent change in a stock's most recent trailing 12-month earnings per share as compared to itself 12 quarters ago.,Matrix,100,1,USA,TOP3000,1
mdl77_ohistoricalgrowthfactor_pctchg3yfcf,matrix,88,3-yr Growth in TTM Free Cash Flow: It is defined as the percent change in a stock's most recent trailing 12-month free cash flow per share (FCF) as compared to its FCF 12 quarters ago.,Matrix,100,23,USA,TOP3000,1
mdl77_ohistoricalgrowthfactor_pctchg3yocf,matrix,88,3-yr Growth in TTM Oper Cash Flow: It is defined as the percent change in a stock's most recent trailing 12-month operating cash flow per share (OCF) as compared to its OCF 12 quarters ago.,Matrix,100,34,USA,TOP3000,1
mdl77_ohistoricalgrowthfactor_pctchgastto,matrix,100,1-Yr Change in Asset Turnover Ratio: It is defined as the percent change in the most recent asset turnover ratio as compared to that of 4 quarters ago. Asset turnover ratio is the trailing 12-month sales divided by the average total assets in the same period.,Matrix,100,31,USA,TOP3000,1
mdl77_ohistoricalgrowthfactor_pctchgcf,matrix,97,1-yr Growth in TTM Cash Flow: It is defined as the percent change in a stock's most recent trailing 12-month cash flow per share (CF) as compared to the CF 4 quarters ago.,Matrix,100,118,USA,TOP3000,1
mdl77_ohistoricalgrowthfactor_pctchgeps,matrix,100,The percent change in a stock's most recent trailing 12-month earnings per share before extra items as compared to itself 4 quarters ago.,Matrix,100,148,USA,TOP3000,1
mdl77_ohistoricalgrowthfactor_pctchgfcf,matrix,94,1-yr Growth in TTM Free Cash Flow: It is defined as the percent change in a stock's most recent trailing 12-month free cash flow per share (FCF) as compared to the FCF 4 quarters ago.,Matrix,100,1,USA,TOP3000,1
mdl77_ohistoricalgrowthfactor_pctchgocf,matrix,96,1-yr Growth in TTM Oper Cash Flow: It is defined as the percent change of a stock's most recent trailing 12-month operating cash flow per share (OCF) as compared to the OCF 4 quarters ago.,Matrix,100,2,USA,TOP3000,1
mdl77_ohistoricalgrowthfactor_pctchgqtrast,matrix,100,1-Yr Change in Total Assets: It is defined as the growth in the most recent reported quarterly total assets per share as compared to that of four quarters ago.,Matrix,100,1,USA,TOP3000,1
mdl77_ohistoricalgrowthfactor_pctchgqtrsales,matrix,99,1-Year Change in Sales: It is defined as the growth in the most recent reported quarterly sales per share as compared to 4 quarters ago.,Matrix,100,2,USA,TOP3000,1
mdl77_ohistoricalgrowthfactor_pfcfghc,matrix,96,The difference between the trailing 12-month free cash flow per share and that of 4 quarters ago for a stock divided by its trading price.,Matrix,100,8,USA,TOP3000,1
mdl77_ohistoricalgrowthfactor_pfcfy3ghc,matrix,90,3-yr Change in Price-adj TTM FCF: It is defined as the difference between the most recently reported trailing 12-month free cash flow per share and that of 12 quarters ago for a stock divided by its month-end trading price.,Matrix,100,17,USA,TOP3000,1
mdl77_ohistoricalgrowthfactor_pfcghc,matrix,98,The difference between the trailing 12-month cash flow per share and that of 12 quarters ago for a stock divided by its trading price.,Matrix,100,3,USA,TOP3000,1
mdl77_ohistoricalgrowthfactor_pfcoghc,matrix,97,The difference between the most recently reported trailing 12-month operating cash flow per share and that of 4 quarters ago for a stock divided by its trading price.,Matrix,100,187,USA,TOP3000,1
mdl77_ohistoricalgrowthfactor_pfcoy3ghc,matrix,85,The difference between the trailing 12-month operating cash flow per share and that of 12 quarters ago for a stock divided by its trading price.,Matrix,100,37,USA,TOP3000,1
mdl77_ohistoricalgrowthfactor_pfcy3ghc,matrix,90,The difference between the trailing 12-month cash flow per share and that of 12 quarters ago comparable trailing 12-month cash flow for a stock divided by its trading price.,Matrix,100,1,USA,TOP3000,1
mdl77_ohistoricalgrowthfactor_pspeghc,matrix,100,The difference between the most recently reported trailing 12-month earnings per share and that of 4 quarters ago for a stock deflated by its month-end trading price.,Matrix,100,7,USA,TOP3000,1
mdl77_ohistoricalgrowthfactor_reinrate,matrix,96,Reinvestment Rate: It is defined as the trailing 12-month earnings per share before extra items less the trailing 12-month dividends per share by ex-date divided by the average book equity per share in the same period.,Matrix,100,101,USA,TOP3000,1
mdl77_ohistoricalgrowthfactor_rsqr4qsales3y,matrix,91,The conditional square of the correlation between monthly dates and the corresponding trailing 12-month sales per share in the prior 12 quarters.,Matrix,100,32,USA,TOP3000,1
mdl77_ohistoricalgrowthfactor_saleg5y,matrix,90,5-yr Sales Growth: It is defined as the difference between the trailing 12-month sales per share (SALE) and the SALE 20 quarters ago and then deflated by the average of the SALEs in the prior 20 quarters,Matrix,100,40,USA,TOP3000,1
mdl77_ohistoricalgrowthfactor_salegstdev,matrix,85,Sales Growth Rate Standard Deviation: It is defined as the standard deviation of the year-over-year quarterly sales per share growth rate during the last 12 quarters.,Matrix,100,17,USA,TOP3000,1
mdl77_ohistoricalgrowthfactor_salesaccel4q,matrix,96,4-Quarter Sales Acceleration: It is defined as the slope of the regression line between year-over-year sales growth and time.,Matrix,100,3,USA,TOP3000,1
mdl77_ohistoricalgrowthfactor_se5yepsg,matrix,81,"Stability-Adjusted Residual Growth Rate: It is defined as a stock's mean long-term growth rate minus its 5-year historical EPS Growth, as calculated by, divided by stability of 5-year historical EPS Growth, as defined by.",Matrix,100,13,USA,TOP3000,1
mdl77_ohistoricalgrowthfactor_sighc,matrix,90,1-Yr Chg in QTR Inventory as Percentage ofSales: It is defined as the most recently reported inventory as a percentage of trailing 12-month sales minus that percentage 4 quarters ago.,Matrix,100,2,USA,TOP3000,1
mdl77_ohistoricalgrowthfactor_slope4qcf3y,matrix,86,Slope of 3-yr TTM Cash Flow Trend Line: It is defined as the slope coefficient between monthly dates and the corresponding trailing 12-month cash flow per share in the prior 12 quarters,Matrix,100,65,USA,TOP3000,1
mdl77_ohistoricalgrowthfactor_slope4qeps3y,matrix,93,Slope of 3-Yr TTM EPS Trend Line: It is defined as the slope coefficient between monthly dates and the corresponding trailing 12-month earnings per share before extra items in the prior 12 quarters.,Matrix,100,71,USA,TOP3000,1
mdl77_ohistoricalgrowthfactor_slope4qfcf3y,matrix,82,Slope of 3-Year TTM Free Cash Flow Trend Line: It is defined as the slope coefficient between monthly dates and the corresponding trailing 12-month free cash flow per share in the prior 12 quarters.,Matrix,100,18,USA,TOP3000,1
mdl77_ohistoricalgrowthfactor_slope4qocf3y,matrix,86,Slope of 3-Yr TTM Oper Cash Flow Trend Line: It is defined as the slope coefficient between monthly dates and the corresponding trailing 12-month operating cash flow per share in the prior 12 quarters.,Matrix,100,2,USA,TOP3000,1
mdl77_ohistoricalgrowthfactor_slope4qsales3y,matrix,91,Slope of 3-yr TTM Sales Trend Line: It is defined as the slope coefficient between monthly dates and the corresponding trailing 12-month sales per share in the prior 12 quarters.,Matrix,100,5,USA,TOP3000,1
mdl77_ohistoricalgrowthfactor_speghc,matrix,100,1-yr Change in Assets-adj TTM EPS: It is defined as the trailing 12-month earnings per share before extra items (EPS) minus 4 quarters ago EPS deflated by the average total assets per share.,Matrix,100,2,USA,TOP3000,1
mdl77_ohistoricalgrowthfactor_susgrowth,matrix,98,The maximum growth rate a firm can sustain without having to increase financial leverage.,Matrix,100,75,USA,TOP3000,1
mdl77_ohistoricalgrowthfactor_totalsaleg,matrix,100,Yearly TTM Total Sales Growth Rate: It is defined as the percent change in a company's trailing 12-month total sales (TOTSALE) as compared to the TOTSALE one year ago.,Matrix,100,3,USA,TOP3000,1
mdl77_ohistoricalgrowthfactor_y3fcfq4rqsr,matrix,87,R-Sqr of 3-yr TTM FCF Trend Line: It is defined as the conditional square of the correlation between monthly dates and the corresponding trailing 12-month free cash flow per share in the prior 12 quarters,Matrix,100,9,USA,TOP3000,1
mdl77_ohistoricalgrowthfactor_y3fcfq4vc,matrix,87,Stability of 3-Year TTM Free Cash Flow: It is defined as the standard deviation of the last 12 quarters' trailing 12-month free cash flow per share (FCF) divided by the mean of the FCFs.,Matrix,100,33,USA,TOP3000,1
mdl77_ohistoricalgrowthfactor_y3fcoq4rqsr,matrix,86,R-Sqr of 3-yr TTM Oper Cash Flow Trend Line: It is defined as the conditional square of the correlation between monthly dates and the corresponding trailing 12-month operating cash flow per share in the prior 12 quarters.,Matrix,100,18,USA,TOP3000,1
mdl77_ohistoricalgrowthfactor_y3fcoq4vc,matrix,86,The standard deviation of the ratio for the values that the company generates scaled by its mean in the previous 12 quarters in a trailing 1 year.,Matrix,100,4,USA,TOP3000,1
mdl77_ohistoricalgrowthfactor_y3fcq4rqsr,matrix,85,R-Sqr of 3-yr TTM Cash Flow Trend Line: It is defined as the conditional square of the correlation between monthly dates and the corresponding trailing 12-month cash flow per share in the prior 12 quarters,Matrix,100,40,USA,TOP3000,1
mdl77_ohistoricalgrowthfactor_y3fcq4vc,matrix,86,Stability of 3-yr TTM Cash Flow: It is defined as the standard deviation of the prior 12-quarter's trailing 12-month cash flow per share (CF) divided by the mean of these CFs.,Matrix,100,21,USA,TOP3000,1
mdl77_ohistoricalgrowthfactor_y3speq4rqsr,matrix,93,R-Sqr of 3-yr TTM EPS Trend Line: It is defined as the conditional square of the correlation between monthly dates and the corresponding trailing 12-month earnings per share before extra items in the prior 12 quarters,Matrix,100,2,USA,TOP3000,1
mdl77_ohistoricalgrowthfactor_y3speq4vc,matrix,93,Stability of 3-yr TTM Earnings per Share: It is defined as the standard deviation of the last 12 quarters' trailing 12-month earnings per share (EPS) divided by the mean of these EPS.,Matrix,100,1,USA,TOP3000,1
mdl77_oindustryrrelativevaluefactor_curindbp_,matrix,98,Industry Relative Book-to-Market: It is defined as a stock's current book-to-price ratio (BP) less the average of the BPs of all stocks in the same industry deflated by the standard deviation of the BPs of all stocks in the same relative universe,Matrix,100,4,USA,TOP3000,1
mdl77_oindustryrrelativevaluefactor_curindcfp_,matrix,96,"Industry Relative TTM Cash Flow-to-Price: It is defined as a stock's trailing 12-month cash flow-to-price ratio (CFP) less the average of the CFPs of all stocks in the same industry, deflated by the standard deviation of the CFPs of all stocks in the same relative universe.",Matrix,100,1,USA,TOP3000,1
mdl77_oindustryrrelativevaluefactor_curindcoreepsp_,matrix,98,Industry Relative TTM Core Earnings-to-Price: It is defined as a stock's trailing 12-month core earnings-to-price ratio (CoreEP) less the average of the CoreEPs of all stocks in the same industry deflated by the standard deviation of the CoreEPs of all stocks in the same relative universe,Matrix,100,25,USA,TOP3000,1
mdl77_oindustryrrelativevaluefactor_curinddivp_,matrix,92,Industry Relative TTM Dividend Yield: It is defined as a stock's trailing 12-month dividend yield (DivYield) less the average of the DivYields of all stocks in the same industry deflated by the standard deviation of the DivYields of all stocks in the same relative universe.,Matrix,100,40,USA,TOP3000,1
mdl77_oindustryrrelativevaluefactor_curindebitdap_,matrix,94,Industry Relative TTM EBITDA-to-Price: It is defined as a stock's trailing 12-month EBITDA-to-price ratio (EBITDAP) less the average of the EBITDAPs of all stocks in the same industry deflated by the standard deviation of the EBITDAPs of all stocks in the same relative universe,Matrix,100,56,USA,TOP3000,1
mdl77_oindustryrrelativevaluefactor_curindep_,matrix,98,Industry Relative TTM EPS-to-Price: It is defined as a stock's trailing 12-month earnings per share before extra items-to-price ratio (EP) less the average of the EPs of all stocks in the same industry deflated by the standard deviation of these EPs.,Matrix,100,24,USA,TOP3000,1
mdl77_oindustryrrelativevaluefactor_curindfcfp_,matrix,96,Industry Relative TTM Free Cash Flow-to-Price: It is defined as a stock's trailing 12-month free cash flow-to-price ratio (FCFP) less the average of the FCFPs of all stocks in the same industry deflated by the standard deviation of the FCFPs of all stocks in the same relative universe.,Matrix,100,1,USA,TOP3000,1
mdl77_oindustryrrelativevaluefactor_curindfwdep_,matrix,96,"Industry Relative Leading 4-QTRs EPS to Price: It is defined as a stock's next 4 quarters' analysts' consensus earnings estimates-to-price ratio (FwdEP) less the average of the FwdEPs of all stocks in the same industry, deflated by the standard deviation of these FwdEPs.",Matrix,100,33,USA,TOP3000,1
mdl77_oindustryrrelativevaluefactor_curindocfp_,matrix,96,"Industry Relative TTM Oper Cash Flow-to-Price: It is defined as a stock's trailing 12-month operating cash flow-to-price ratio (OCFP) less the average of the OCFPs of all stocks in the same industry, deflated by the standard deviation of the OCFPs of all stocks in the same relative universe.",Matrix,100,125,USA,TOP3000,1
mdl77_oindustryrrelativevaluefactor_curindocfta_,matrix,96,Industry Relative TTM Oper Cash Flow-to-Total Assets: It is defined as a stock's trailing 12-month operating cash flow-to-total assets ratio (OCFTA) less the average of the OCFTA of all stocks in the same industry deflated by the standard deviation of the OCFTAs of all stocks in the same relative universe.,Matrix,100,2,USA,TOP3000,1
mdl77_oindustryrrelativevaluefactor_curindsp_,matrix,97,Industry Relative TTM Sales-to-Price: It is defined as a stock's trailing 12-month sales-to-price ratio (SP) less the average of the SPs of all stocks in the same industry deflated by the standard deviation of the SPs of all stocks in the same relative universe.,Matrix,100,4,USA,TOP3000,1
mdl77_omomemtumanalystmodel_ghcfcfmtt_amq,matrix,100,"Change in TTM Free Cash Flow Rank: It is defined as the 2Q change in a stock's trailing twelve-month free cash flow, divided by the absolute value of a stock's trailing twelve-month free cash flow from two quarters ago.",Matrix,100,3,USA,TOP3000,1
mdl77_omomemtumanalystmodel_htwrgspe_amq,matrix,97,"Earnings Growth Rank: It is defined as the one quarter change in a stock's trailing twelve month earnings per share, scaled by its recent closing stock price (E/P).",Matrix,100,2,USA,TOP3000,1
mdl77_omomemtumanalystmodel_jdaksr_amq,matrix,100,"Risk Adjustments Rank: It is defined as the aggregation of five non-linear price and trading volume volatility and growth subfactors. This factor penalizes a stock with extremely high (or low) volume volatility, high standard deviation of monthly returns, and large intraday price high/low spreads, among other ideas.",Matrix,100,100,USA,TOP3000,1
mdl77_omomemtumanalystmodel_qma_alpha6m,matrix,93,"Six-Month Alpha Change Rank: It is defined as the six-month change in a stock's twelve-month alpha, as calculated by a rolling CAPM regression.",Matrix,100,1,USA,TOP3000,1
mdl77_omomemtumanalystmodel_qma_chgnowc,matrix,77,Change in Net Working Capital Rank: It is defined as the one-quarter change in a stock's recent net current working capital divided by total net operating assets from one quarter ago.,Matrix,100,1,USA,TOP3000,1
mdl77_omomemtumanalystmodel_qma_composite,matrix,100,"The composite of the Earnings Momentum Rank, the Analyst Expectations Rank, the Earnings-Price Link Rank, and the Relative Price Momentum Rank factors.",Matrix,100,62,USA,TOP3000,1
mdl77_omomemtumanalystmodel_qma_condsurp,matrix,92,"Conditional Surprise Rank: It is defined as the average of a stock's recent earnings surprise, its cost of goods sold efficiency relative to its value categorization, and its sales growth strength relative to its growth categorization.",Matrix,100,58,USA,TOP3000,1
mdl77_omomemtumanalystmodel_qma_earnexp,matrix,98,Analyst Expectations Rank: It is defined as the equal-weighted average of the Earnings Revisions and the Ratings Change Ranks.,Matrix,100,135,USA,TOP3000,1
mdl77_omomemtumanalystmodel_qma_eplinkage,matrix,100,"The equal-weighted average of the Change in Free Cash Flow Rank, the Industry Relative 3-Month Return Rank, the Market Earnings Response Rank, and the Change in Net Working Capital Rank.",Matrix,100,60,USA,TOP3000,1
mdl77_omomemtumanalystmodel_qma_estrev,matrix,96,"Estimate Revisions Rank: It is defined as the difference between the number of recent upward and downward revisions to both fiscal one year (FY1) and fiscal two year (FY2) EPS estimates over the past four weeks, scaled respectively by the total number of FY1 and FY2 estimates.",Matrix,100,2,USA,TOP3000,1
mdl77_omomemtumanalystmodel_qma_indrelrtn3m,matrix,100,The difference of a company's 3-month profit compared to its respective by industry classification.,Matrix,100,3,USA,TOP3000,1
mdl77_omomemtumanalystmodel_qma_lagpricemo,matrix,96,"Lagged 12- to 1-Month Price MomRank: It is defined as the difference between a stock's lagged twelve month return and its recent one month return, scaled by the standard deviation of the one month return over the past year.",Matrix,100,1,USA,TOP3000,1
mdl77_omomemtumanalystmodel_qma_mktresponse,matrix,99,"Market Earnings Response Rank: It is defined as the four-day return for a stock, spanning the two days before to the day after its recent quarterly earnings report.",Matrix,100,43,USA,TOP3000,1
mdl77_omomemtumanalystmodel_qma_ratingchg,matrix,97,"The trend in sell-side analysts' consensus ratings (standardized 1 = strong buy to 5 = strong sell) revisions over the last 4 and 8 weeks, respectively.",Matrix,100,1,USA,TOP3000,1
mdl77_omomemtumanalystmodel_qma_relpricemo,matrix,96,"Relative Price Momentum Rank: It is defined as the equal-weighted average of the Lagged 12- to 1-Month Price Momentum Rank, the Risk Adjustments Rank, and the 6-Month Alpha Change Rank.",Matrix,100,7,USA,TOP3000,1
mdl77_omomemtumanalystmodel_qma_repearnmom,matrix,98,Earnings Momentum Rank: It is defined as the equal-weighted average of the Earnings Growth and Earnings Surprise Rankings.,Matrix,100,1,USA,TOP3000,1
mdl77_ooearningsmomemtummodel_chgsup,matrix,100,Change in EPS Surprise: It is defined as the quarterly change in EPS surprise.,Matrix,100,113,USA,TOP3000,1
mdl77_ooearningsmomemtummodel_emm_composite,matrix,100,Model composition based on earnings momentum,Matrix,100,1,USA,TOP3000,1
mdl77_ooearningsmomemtummodel_fc_fcfroey1p,matrix,100,Product of TTM FCF Yield and Forward ROE: It is defined as the trailing 12-month free cash flow per share multiplied by the next 4-quarter consensus earnings forecasts divided by the most recently reported book value per share scaled by its trading price.,Matrix,100,2,USA,TOP3000,1
mdl77_ooearningsmomemtummodel_fc_fqsurstd,matrix,100,Most Recent Quarterly Earnings Surprise: It is defined as a stock's most recent quarterly earnings surprise (actual fiscal quarter EPS less the consensus earnings estimate) adjusted by the standard deviation of its analysts' individual earnings forecasts.,Matrix,100,1,USA,TOP3000,1
mdl77_ooearningsmomemtummodel_fc_numrevy1,matrix,100,"Net Number ofRevisions for Fiscal Year 1: It is defined as the weighted average of the number of FY1 analyst earnings forecasts raised less the number lowered within a month, divided by the total number of analyst forecasts.",Matrix,100,2,USA,TOP3000,1
mdl77_ooearningsmomemtummodel_fc_rev3y2,matrix,100,"3-M Revision in FY2 EPS Forecasts: It is defined as the change in a stock's current analysts' mean earnings estimate for fiscal year 2 less that of 3 months ago, deflated by its month-end trading price.",Matrix,100,2,USA,TOP3000,1
mdl77_ooearningsmomemtummodel_fc_y2repsg,matrix,100,2-Year Projected EPS Growth: It is defined as a stock's most recent consensus analysts' earnings forecast for fiscal year 2 minus the most recent reported fiscal year actual earnings tracked by and then deflated by its month-end trading price.,Matrix,100,4,USA,TOP3000,1
mdl77_ooearningsmomemtummodel_gtlo,matrix,100,Long-Term Growth Rate Estimates: It is defined as the consensus long-term growth forecast. It generally represents an expected annual increase in operating earnings over the company's next full business cycle.,Matrix,100,1,USA,TOP3000,1
mdl77_ooearningsmomemtummodel_pge_cf,matrix,100,Estimates on the next 1-year average earnings scaled by company's prospects on growth and its stock price.,Matrix,100,6,USA,TOP3000,1
mdl77_ooearningsmomemtummodel_spe2yfvc_cf,matrix,100,FY2 EPS Forecast Dispersion: It is defined as the standard deviation of analyst earnings estimates for fiscal year 2 divided by the mean consensus forecast.,Matrix,100,30,USA,TOP3000,1
mdl77_opricemomentumfactor_25_4op,matrix,99,One minus the quotient of a stock's last 52-week price exponential moving average divided by its last 4-week price exponential moving average.,Matrix,100,22,USA,TOP3000,1
mdl77_opricemomentumfactor_6351_rp,matrix,100,15/36 Week Stock Price Ratio: It is defined as the moving average of a stock's prices in the last 15 weeks divided by the moving average of its prices in the last 36 weeks.,Matrix,100,34,USA,TOP3000,1
mdl77_opricemomentumfactor_actrtn12m,matrix,99,12-Month Active Return with 1-month Lag: It is defined as the percent change in price for a stock from month t-13 to month t-1.,Matrix,100,62,USA,TOP3000,1
mdl77_opricemomentumfactor_actrtn18m,matrix,96,18-Month Active Return with 1-Month Lag: It is defined as the percent change in price for a stock from month t-19 to month t-1.,Matrix,100,1,USA,TOP3000,1
mdl77_opricemomentumfactor_actrtn1m,matrix,100,1-Month Active Return: It is defined as the percent change in price for a stock from month t-1 to month t.,Matrix,100,2,USA,TOP3000,1
mdl77_opricemomentumfactor_actrtn24m,matrix,94,24-Month Active Return with 1-Month Lag: It is defined as the percent change in price for a stock from month t-25 to month t-1.,Matrix,100,2,USA,TOP3000,1
mdl77_opricemomentumfactor_actrtn2m,matrix,100,2-Month Active Return: It is defined as the percent change in price for a stock from month t-2 to month t.,Matrix,100,1,USA,TOP3000,1
mdl77_opricemomentumfactor_actrtn36m,matrix,90,36-Month Active Return with 1-Month Lag: It is defined as the percent change in price for a stock from month t-37 to month t-1.,Matrix,100,22,USA,TOP3000,1
mdl77_opricemomentumfactor_actrtn3m,matrix,100,3-Month Active Return: It is defined as the percent change in price for a stock from month t-3 to month t.,Matrix,100,1,USA,TOP3000,1
mdl77_opricemomentumfactor_actrtn60m,matrix,82,60-Month Active Return with 1-Month Lag: It is defined as the percent change in price for a stock from month t-61 to month t-1.,Matrix,100,15,USA,TOP3000,1
mdl77_opricemomentumfactor_actrtn6m,matrix,100,6-Month Active Return with 1-Month Lag: It is defined as the percent change in price for a stock from month t-7 to month t-1.,Matrix,100,5,USA,TOP3000,1
mdl77_opricemomentumfactor_alpha60m,matrix,83,60-Month Alpha: It is defined as the intercept of the regression line which best fits a stock's monthly price return against the S&P 500 index monthly return over the last 60-month period.,Matrix,100,1,USA,TOP3000,1
mdl77_opricemomentumfactor_chg6malpha18m,matrix,94,"6-Month Nominal Change in 18-Month Alpha: It is defined as the 6-month change in a stock's 18-month alpha, which equals the intercept from the regression of a stock price's monthly return against the S&P 500 index monthly return over the last 18-month period.",Matrix,100,12,USA,TOP3000,1
mdl77_opricemomentumfactor_chgalpha12m,matrix,97,"6-Month Nominal Change in 12-Month Alpha: It is defined as the 6-month change in a stock's 12-month alpha, which equals the intercept from the regression of a stock price's monthly return against the S&P 500 index monthly return over the last 12-month period.",Matrix,100,1,USA,TOP3000,1
mdl77_opricemomentumfactor_chgalpha36m,matrix,88,"6-Month Nominal Change in 36-Month Alpha: It is defined as the 6-month change in a stock's 36-month alpha, which equals the intercept from the regression of a stock price's monthly return against the S&P 500 Index monthly return over the last 36-month period.",Matrix,100,4,USA,TOP3000,1
mdl77_opricemomentumfactor_chgvolpre4y,matrix,80,4-Year Change in the Average Trading Volume: It is defined as the change in the most recent 6-month moving average of monthly turnover ratio (average monthly trading volume/total shares outstanding) as compared to the 12-month moving average of monthly turnover ratio 4 years ago.,Matrix,100,181,USA,TOP3000,1
mdl77_opricemomentumfactor_high52w,matrix,100,52-Week High: It is defined as the month-end price divided by the highest monthly closing price in the past 12 months.,Matrix,100,1,USA,TOP3000,1
mdl77_opricemomentumfactor_indrelrtn4w_,matrix,100,"4-Week Industry Relative Return: It is defined as a stock's return in the last 4 weeks minus the average of the comparable returns of all stocks in the same industry, deflated by the standard deviation of these returns.",Matrix,100,27,USA,TOP3000,1
mdl77_opricemomentumfactor_indrelrtn5d_,matrix,100,"Stock's return in the last 5 days minus the average of the comparable returns of all stocks in the same industry, then deflated by the standard deviation of these returns.",Matrix,100,2,USA,TOP3000,1
mdl77_opricemomentumfactor_m42rav,matrix,94,24-Month Value at Risk: It is defined as the minimum of a stock's monthly price return in the last 20-month period.,Matrix,100,24,USA,TOP3000,1
mdl77_opricemomentumfactor_m6dn2ntr,matrix,99,Second Preceding 6-month Return: It is defined as the percent change in a stock's price from month t-12 to month t-7.,Matrix,100,9,USA,TOP3000,1
mdl77_opricemomentumfactor_normalmf60d,matrix,100,The 60-day average of a stock's daily money flow divided by daily total dollar volume.,Matrix,100,1,USA,TOP3000,1
mdl77_opricemomentumfactor_ntrm01ff,matrix,99,Fama-French Momentum: It is defined as the percent change in a stock's price from month t-12 to month t-2.,Matrix,100,16,USA,TOP3000,1
mdl77_opricemomentumfactor_p50_200ratio,matrix,100,50-200 Day Stock Price Ratio: It is defined as the moving average of a stock's prices in the last 50 days divided by the moving average of its prices in the last 200 days.,Matrix,100,10,USA,TOP3000,1
mdl77_opricemomentumfactor_pc_ratio,matrix,87,"Put/Call Ratio: It is defined as the open interest in 7 near-the-money (1 at-the-money, next 3 above and next 3 below), nearest to expiration put option contracts divided by the open interest in 7 near-the-money (1 at-the-money, next 3 above and next 3 below), nearest to expiration call option contracts.",Matrix,100,2,USA,TOP3000,1
mdl77_opricemomentumfactor_pctabv260low,matrix,100,Price Above Last 260-day Lowest Trading Price: It is defined as a stock's current closing price divided by its lowest daily low price in the last 260 trading days.,Matrix,100,1,USA,TOP3000,1
mdl77_opricemomentumfactor_pd09erpvc,matrix,100,CV of Prior 90-Day Closing Prices: It is defined as the standard deviation of a stock's last 90 days closing prices divided by the mean of these prices.,Matrix,100,6,USA,TOP3000,1
mdl77_opricemomentumfactor_rationalalpha,matrix,99,Rational Decay Alpha: It evaluates stocks based on their historical 12-month market (S&P 500) adjusted excess return (the Y intercept from an OLS regression equation) using a proprietary rational decay function.,Matrix,100,1,USA,TOP3000,1
mdl77_opricemomentumfactor_rba,matrix,100,Abnormal Return around QTR Earnings Release: It is defined as the sum of a stock's daily market-adjusted price return from 2 days before to 1 day after its quarterly earnings announcement. The market return proxy is the S&P 500 index.,Matrix,100,38,USA,TOP3000,1
mdl77_opricemomentumfactor_relpricestrength_,matrix,96,Industry-adjusted 12-month Relative Price Strength: It is defined as a stock's 12-month relative price strength (PS) minus the PSs of all stocks in the same industry deflated by the standard deviation of these PSs.,Matrix,100,29,USA,TOP3000,1
mdl77_opricemomentumfactor_sharpe36m,matrix,92,Changes in a company's monthly profit in the last 3 years compared to its profit 3 months ago.,Matrix,100,25,USA,TOP3000,1
mdl77_opricemomentumfactor_skew90cortn,matrix,100,Skewness of 90-Day Stock Daily Excess Returns: It is defined as the skewness of the distribution of a stock's daily excess (compared to the S&P 500 index) price returns in the last 90 days. Skewness = 3*(Mean-Median])/Standard Deviation.,Matrix,100,3,USA,TOP3000,1
mdl77_opricemomentumfactor_skew90drtn,matrix,100,Skewness of 90-Day Stock Daily Returns: It is defined as the skewness (measure of lack of symmetry) of the distribution of a stock's daily price returns in the last 90 days. Skewness = 3*(Mean-Median])/Standard Deviation.,Matrix,100,14,USA,TOP3000,1
mdl77_opricemomentumfactor_slope52wp,matrix,99,Slope of 52 Week Price Trend Line: It is defined as the 4-week lagged slope coefficient of the least squares regression line of the last 52-week weekly stock's closing price against the corresponding weekly dates.,Matrix,100,1,USA,TOP3000,1
mdl77_opricemomentumfactor_slope66wp,matrix,98,Slope of 66 Week Price Trend Line: It is defined as the 4-week lagged slope coefficient of the least squares regression line of the last 66-week weekly stock's closing price against the corresponding weekly dates.,Matrix,100,1,USA,TOP3000,1
mdl77_opricemomentumfactor_sortinoratio,matrix,92,Sortino Ratio: It is defined as a stock's annualized average monthly total return over the last 36-months less the average annualized 90-Day T-Bill rate over the same period divided by the standard deviation of the stock's monthly returns in months when total return was negative.,Matrix,100,13,USA,TOP3000,1
mdl77_opricemomentumfactor_tstalp,matrix,99,1-Year Price Momentum Indicator: It is defined as: (CORREL*(260-2)^.5)/(1-CORREL^2)^.5. CORREL is the correlation coefficient between the natural logarithm of stock daily closing price and the corresponding daily dates in the last 260 days.,Matrix,100,9,USA,TOP3000,1
mdl77_opricemomentumfactor_varresirtn,matrix,91,24-Month Residual Return Variance: It is defined as the variance of a stock's monthly residual return in the last 24 months. The monthly residual return equals the stock's monthly return minus the product of the multiplication of a stock's proprietary 60-month Beta by the S&P 500 index monthly return.,Matrix,100,11,USA,TOP3000,1
mdl77_opricemomentumfactor_visiratio,matrix,100,The Visibility Ratio: It equals a stock's most recent daily trading volume divided by the average daily trading volume in the previous 50 trading days.,Matrix,100,2,USA,TOP3000,1
mdl77_opricemomentumfactor_volpre6m,matrix,100,The 6-month moving average of average monthly turnover ratio.,Matrix,100,3,USA,TOP3000,1
mdl77_opricemomentumfactor_w15tvp,matrix,98,This field determines the strength of trends and warns of reversals.,Matrix,100,34,USA,TOP3000,1
mdl77_opricemomentumfactor_w57w03_rp,matrix,97,30-75 Week Stock Price Ratio: It is defined as the moving average of a stock's prices in the last 30 weeks divided by the moving average of its prices in the last 75 weeks.,Matrix,100,2,USA,TOP3000,1
mdl77_opricemomentumfactor_w62isr,matrix,100,26-Week Relative Price Strength: It is defined as a stock's most recent weekly closing price divided by its weekly closing price 26 weeks ago.,Matrix,100,33,USA,TOP3000,1
mdl77_opricemomentumfactor_w93ntr,matrix,100,39-Week Return with 4-week Lag: It is defined as a stock's price change from week t-43 to week t-4.,Matrix,100,1,USA,TOP3000,1
mdl77_oput_put_capmod,matrix,45,"Capital Strength Module: It is defined as the equal-weighted average of the Industry Relative ROE, Change in Shares Outstanding, Total Coverage, and Change in Operating Liability Leverage factors.",Matrix,100,7,USA,TOP3000,1
mdl77_oput_put_cashburn,matrix,45,Cash Burn Rate: It is defined as: -(Cash From Operations + Cash from Investments)/(Cash + Short-term Investments).,Matrix,100,8,USA,TOP3000,1
mdl77_oput_put_chgalpha,matrix,53,"Six-Month Alpha Change Rank: It is defined as the six-month change in a stock's twelve-month alpha, as calculated by a rolling CAPM regression.",Matrix,100,4,USA,TOP3000,1
mdl77_oput_put_chgoll,matrix,45,"Change in Operating Liability Leverage: It is defined as the current quarter operating liability leverage less the operating liability leverage 4 quarters ago, where operating liability leverage equals 1 minus the ratio of (short-term debt + long-term debt + common equity + preferred equity - cash) to (total assets - cash).",Matrix,100,3,USA,TOP3000,1
mdl77_oput_put_chshrs,matrix,56,Percent Change in Shares Outstanding: It is defined as the percent change in a company's current number of outstanding shares as compared to the number of shares outstanding 1 year ago.,Matrix,100,36,USA,TOP3000,1
mdl77_oput_put_composite,matrix,54,"Custom Small Cap Composite: It is defined as the equal-weighted average of the Momentum, Quality, Valuation, and Capital Strength modules.",Matrix,100,2,USA,TOP3000,1
mdl77_oput_put_dypeg,matrix,43,Reciprocal of Dividend Yield-adjusted PEG: It is defined as the reciprocal of a stock's forward 12-month P/E ratio divided by the total growth rate. The total growth rate is the sum of the forecasted long-term growth rate and the indicated dividend yield.,Matrix,100,16,USA,TOP3000,1
mdl77_oput_put_equality,matrix,50,"Earnings Quality Rank: It is defined as the equal-weighted composite of the Earnings Shortfall, Change in Inventory, Change in Asset Turnover, Change in Net Operating Working Capital, and Capex/Depreciations Ranks.",Matrix,100,12,USA,TOP3000,1
mdl77_oput_put_indepsp,matrix,56,Industry Relative Core EPS to Price: It is defined as a stock's trailing 12-month earnings per share before extra items-to-price ratio (EP) less the average of the EPs of all stocks in the same industry deflated by the standard deviation of these EPs.,Matrix,100,4,USA,TOP3000,1
mdl77_oput_put_indestep,matrix,53,Industry Relative Leading 4-QTRs EPS to Price: It is defined as a stock's trailing 12-month earnings per share before extra items-to-price ratio (EP) less the average of the EPs of all stocks in the same industry deflated by the standard deviation of these EPs,Matrix,100,4,USA,TOP3000,1
mdl77_oput_put_indfcfp,matrix,48,"Industry Relative Free Cash Flow-to-Price: It is defined as a stock's trailing 12-month free cash flow-to-price ratio (FCFP) less the average of the FCFPs of all stocks in the same industry, deflated by the standard deviation of the FCFPs of all stocks in the same relative universe.",Matrix,100,4,USA,TOP3000,1
mdl77_oput_put_indroe,matrix,56,Company's ability to generate profit.,Matrix,100,8,USA,TOP3000,1
mdl77_oput_put_momod,matrix,56,"The mean of three components: unexpected changes in expense or profit, and consumer confidence report.",Matrix,100,10,USA,TOP3000,1
mdl77_oput_put_opincev,matrix,54,Operating Income to EV: It is defined as a stock's ratio of trailing 4Q operating income to enterprise value (OpInc/EV).,Matrix,100,1,USA,TOP3000,1
mdl77_oput_put_qualmod,matrix,50,Quality Module: It is defined as the aggregation of the Earnings Quality (90%) and Short-Interest Ratio (10%) factors.,Matrix,100,31,USA,TOP3000,1
mdl77_oput_put_siratio,matrix,56,Short-Interest Ratio: It is defined as short-interest to average monthly volume.,Matrix,100,1,USA,TOP3000,1
mdl77_oput_put_strevconf,matrix,54,Street Revision Confidence: It is defined as the sum of the 3-month change in a stock's analysts' highest earnings forecast and change in analysts' lowest earnings estimates for fiscal year 1 by its month-end trading price.,Matrix,100,1,USA,TOP3000,1
mdl77_oput_put_sucf,matrix,49,Standardized Unexpected Cash Flow: It is defined as a stock's most recent reported quarterly operating cash flow minus that of 4 quarters ago divided by the standard deviation of this difference over the preceding 8 quarters.,Matrix,100,2,USA,TOP3000,1
mdl77_oput_put_totcov,matrix,39,Total Coverage: It equals (Cash Flow from Operations + Interest Paid + Tax Paid) / (Interest + Principal Paid).,Matrix,100,3,USA,TOP3000,1
mdl77_oput_put_valmod,matrix,56,The weighted average of various financial ratios related to a company's profits.,Matrix,100,1,USA,TOP3000,1
mdl77_ovalueanalystmodel_ccaghc_avq,matrix,84,"The 1-year change in a company's trailing 4Q net operating working capital, scaled by current total assets.",Matrix,100,70,USA,TOP3000,1
mdl77_ovalueanalystmodel_qva_alertrank,matrix,100,"The aggregate of the Earnings Quality (50%), Investor Sentiment (25%) and Management Signaling (25%) Rank.",Matrix,100,1,USA,TOP3000,1
mdl77_ovalueanalystmodel_qva_balsht,matrix,99,The ratio of recent cash & cash equivalents to market capitalization for a stock.,Matrix,100,5,USA,TOP3000,1
mdl77_ovalueanalystmodel_qva_capexdep,matrix,94,Capex to Depreciation Rank: It is defined as a company's trailing 12-month capital expenditures divided by the trailing 12-month depreciation.,Matrix,100,3,USA,TOP3000,1
mdl77_ovalueanalystmodel_qva_cashflow,matrix,94,Cash Flow Rank: It is defined as a stock's ratio of trailing 4Q free cash flow to market capitalization (FCF/P).,Matrix,100,1,USA,TOP3000,1
mdl77_ovalueanalystmodel_qva_chgato,matrix,98,Change in Asset Turnover Rank: It is defined as the 1-year change in a company's asset turnover (TTM Sales/Total Assets).,Matrix,100,1,USA,TOP3000,1
mdl77_ovalueanalystmodel_qva_chginv,matrix,91,"The one-year change in a company's trailing 4Q inventory, scaled by current total assets",Matrix,100,62,USA,TOP3000,1
mdl77_ovalueanalystmodel_qva_composite,matrix,99,The equal weighted combinations of ranks based on intrinsic value of stock and the quality of earnings.,Matrix,100,8,USA,TOP3000,1
mdl77_ovalueanalystmodel_qva_earnquality,matrix,99,"Earnings Quality Rank: It is defined as the equal weighted composite of the Earnings Shortfall, Change in Inventory, Change in Asset Turnover, Change in Net Operating Working Capital and Capex/Depreciations Ranks.",Matrix,100,1,USA,TOP3000,1
mdl77_ovalueanalystmodel_qva_earnval,matrix,100,"The equal weighted average of ranks based on price, earnings, growth, and yield.",Matrix,100,57,USA,TOP3000,1
mdl77_ovalueanalystmodel_qva_epmodule,matrix,99,"Earnings Cyclicality Rank: It is defined as the aggregated ranking of a company's 3-year low 4Q EPS to enterprise value, FY1 EPS estimate to enterprise value, and industry-relative EP rankings.",Matrix,100,6,USA,TOP3000,1
mdl77_ovalueanalystmodel_qva_finstmt,matrix,98,"Financial Statement Rank: It is defined as the equal-weighted average of the Income Statement Rank (OpInc/Price), the Balance Sheet Rank (Cash/Price), and the Cash Flow Rank (FCF/Price).",Matrix,100,96,USA,TOP3000,1
mdl77_ovalueanalystmodel_qva_invsentiment,matrix,99,The equal-weighted sum based on a ratio of the number of stocks and those that have been sold short by investors.,Matrix,100,2,USA,TOP3000,1
mdl77_ovalueanalystmodel_qva_mgtsignaling,matrix,99,The sum of the indicators based on the changes in the number of stocks and the company's financial status.,Matrix,100,44,USA,TOP3000,1
mdl77_ovalueanalystmodel_qva_pegy,matrix,99,"PEGY Rank: It is defined as the aggregated ranking of a company's price, earnings, estimated long-term growth, and dividend yield rankings.",Matrix,100,1,USA,TOP3000,1
mdl77_ovalueanalystmodel_qva_shortfall,matrix,94,"Earnings Shortfall Rank: It is defined as the difference between recent 4Q operating income before depreciation and trailing 4Q earnings, scaled by a company's enterprise value.",Matrix,100,251,USA,TOP3000,1
mdl77_ovalueanalystmodel_qva_valuation,matrix,100,Valuation Rank: It is defined as the equal-weighted average of the Financial Statement Rank and the Earnings Valuation Rank.,Matrix,100,77,USA,TOP3000,1
mdl77_ovalueanalystmodel_qva_yoychgdebt,matrix,99,Chg in Debt Issuance Rank: It is defined as a company's change in total debt over the last 12 months.,Matrix,100,42,USA,TOP3000,1
mdl77_ovalueanalystmodel_qva_yoychgshares,matrix,99,Change in Shares Outstanding Rank: It is defined as a company's change in common shares outstanding over the last 12 months.,Matrix,100,1,USA,TOP3000,1
mdl77_ovalueanalystmodel_tmtscni_avq,matrix,97,Income Statement Rank: It is defined as a stock's ratio of trailing 4Q operating income to enterprise value (OpInc/EV).,Matrix,100,4,USA,TOP3000,1
mdl77_pfcfy3ghc,matrix,83,3-yr Change in Price-Adj TTM FCF: It is defined as the difference between the most recently reported trailing 12-month free cash flow per share and that of 12 quarters ago for a stock divided by its month-end trading price.,Matrix,100,53,USA,TOP3000,1
mdl77_pfcoghc,matrix,90,The difference between the most recently reported trailing 12-month operating cash flow per share and that of 4 quarters ago for a stock divided by its trading price.,Matrix,100,124,USA,TOP3000,1
mdl77_priceanalystmodel_nspmoc_apq,matrix,99,Price Analyst Sector-Neutral,Matrix,100,31,USA,TOP3000,1
mdl77_priceanalystmodel_qpa_composite,matrix,95,Score based on analysts,Matrix,100,27,USA,TOP3000,1
mdl77_priceanalystmodel_qpa_indrs,matrix,95,Industry Relative Strength,Matrix,100,13,USA,TOP3000,1
mdl77_priceanalystmodel_srjdaksr_apq,matrix,95,Risk-Adjusted Relative Strength,Matrix,100,12,USA,TOP3000,1
mdl77_pricemomemtummodel_indrelrtn5d_,matrix,98,"Stock's return in the last 5 days minus the average of the comparable returns of all stocks in the same industry, then deflated by the standard deviation of these returns.",Matrix,100,3,USA,TOP3000,1
mdl77_pricemomemtummodel_pmm_composite,matrix,94,Price Momentum Model Composite,Matrix,100,9,USA,TOP3000,1
mdl77_pricemomemtummodel_rationalalpha,matrix,94,Rational Decay Alpha: It evaluates stocks based on their historical 12-month market (S&P 500) adjusted excess return (the Y intercept from an OLS regression equation) using a proprietary rational decay function,Matrix,100,76,USA,TOP3000,1
mdl77_pricemomemtummodel_relpricestrength_,matrix,94,Industry-adjusted 12-month Relative Price Strength: It is defined as a stock's 12-month relative price-strength (PS) minus the PSs of all stocks in the same industry deflated by the standard deviation of these PSs.,Matrix,100,1,USA,TOP3000,1
mdl77_pricemomemtummodel_visiratio,matrix,98,The Visibility Ratio: It equals a stock's most recent daily trading volume divided by the average daily trading volume in the previous 50 trading days.,Matrix,100,1,USA,TOP3000,1
mdl77_pricemomemtummodel_voldiff_pc,matrix,84,ATM Put Volatility - ATM Call Volatility: It is defined as the difference between the time-weighted average implied volatility of the 2 nearest-to-expiration at-the-money put options and 2 nearest-to-expiration at-the-money call options.,Matrix,100,6,USA,TOP3000,1
mdl77_pricemomentumfactor_25_4op,matrix,96,One minus the quotient of a stock's last 52-week price exponential moving average divided by its last 4-week price exponential moving average.,Matrix,100,9,USA,TOP3000,1
mdl77_pricemomentumfactor_6351_rp,matrix,97,15/36 Week Stock Price Ratio: It is defined as the moving average of a stock's prices in last 15-week divided by the moving average of its prices in last 36-week.,Matrix,100,1,USA,TOP3000,1
mdl77_pricemomentumfactor_actrtn12m,matrix,96,12-Month Active Return with 1-month Lag: It is defined as the percent change in price for a stock from month t-13 to month t-1.,Matrix,100,1,USA,TOP3000,1
mdl77_pricemomentumfactor_actrtn18m,matrix,93,18-Month Active Return with 1-Month Lag: It is defined as the percent change in price for a stock from month t-19 to month t-1.,Matrix,100,17,USA,TOP3000,1
mdl77_pricemomentumfactor_actrtn1m,matrix,100,1-Month Active Return: It is defined as the percent change in price for a stock from month t-1 to month t.,Matrix,100,3,USA,TOP3000,1
mdl77_pricemomentumfactor_actrtn24m,matrix,91,24-Month Active Return with 1-Month Lag: It is defined as the percent change in price for a stock from month t-25 to month t-1.,Matrix,100,19,USA,TOP3000,1
mdl77_pricemomentumfactor_actrtn2m,matrix,100,2-Month Active Return: It is defined as the percent change in price for a stock from month t-2 to month t.,Matrix,100,2,USA,TOP3000,1
mdl77_pricemomentumfactor_actrtn36m,matrix,87,36-Month Active Return with 1-Month Lag: It is defined as the percent change in price for a stock from month t-37 to month t-1.,Matrix,100,19,USA,TOP3000,1
mdl77_pricemomentumfactor_actrtn3m,matrix,99,3-Month Active Return: It is defined as the percent change in price for a stock from month t-3 to month t.,Matrix,100,1,USA,TOP3000,1
mdl77_pricemomentumfactor_actrtn60m,matrix,80,60-Month Active Return with 1-Month Lag: It is defined as the percent change in price for a stock from month t-61 to month t-1.,Matrix,100,2,USA,TOP3000,1
mdl77_pricemomentumfactor_actrtn6m,matrix,98,6-Month Active Return with 1-Month Lag: It is defined as the percent change in price for a stock from month t-7 to month t-1.,Matrix,100,11,USA,TOP3000,1
mdl77_pricemomentumfactor_alpha60m,matrix,80,60-Month Alpha: It is defined as the intercept of the regression line which best fits a stock's monthly price return against the S&P 500 index monthly return over the last 60-month period.,Matrix,100,5,USA,TOP3000,1
mdl77_pricemomentumfactor_chg6malpha18m,matrix,92,"6-Month Nominal Change in 18-Month Alpha: It is defined as the 6-month change in a stock's 18-month alpha, which equals the intercept from the regression of a stock price's monthly return against the S&P 500 index monthly return over the last 18-month period.",Matrix,100,3,USA,TOP3000,1
mdl77_pricemomentumfactor_chgalpha12m,matrix,94,"6-Month Nominal Change in 12-Month Alpha: It is defined as the 6-month change in a stock's 12-month alpha, which equals the intercept from the regression of a stock price's monthly return against the S&P 500 index monthly return over the last 12-month period.",Matrix,100,1,USA,TOP3000,1
mdl77_pricemomentumfactor_chgalpha36m,matrix,86,"6-Month Nominal Change in 36-Month Alpha: It is defined as the 6-month change in a stock's 36-month alpha, which equals the intercept from the regression of a stock price's monthly return against the S&P 500 index monthly return over the last 36-month period.",Matrix,100,1,USA,TOP3000,1
mdl77_pricemomentumfactor_chgvolpre4y,matrix,78,4-Year Change in the Average Trading Volume: It is defined as the change in the most recent 6-month moving average of monthly turnover ratio (average monthly trading volume/total shares outstanding) as compared to the 12-month moving average of monthly turnover ratio 4 years ago.,Matrix,100,62,USA,TOP3000,1
mdl77_pricemomentumfactor_high52w,matrix,98,52-Week High: It is defined as the month-end price divided by the highest monthly closing price in the past 12 months.,Matrix,100,1,USA,TOP3000,1
mdl77_pricemomentumfactor_indrelrtn4w_,matrix,97,"4-Week Industry Relative Return: It is defined as a stock's return in the last 4 weeks minus the average of the comparable returns of all stocks in the same industry, deflated by the standard deviation of these returns.",Matrix,100,24,USA,TOP3000,1
mdl77_pricemomentumfactor_indrelrtn5d_,matrix,98,"Stock's return in the last 5 days minus the average of the comparable returns of all stocks in the same industry, then deflated by the standard deviation of these returns.",Matrix,100,1,USA,TOP3000,1
mdl77_pricemomentumfactor_m42rav,matrix,92,24-Month Value at Risk: It is defined as the minimum of a stock's monthly price return in the last 20-month period.,Matrix,100,13,USA,TOP3000,1
mdl77_pricemomentumfactor_m6dn2ntr,matrix,96,Second Preceding 6-month Return: It is defined as the percent change in a stock's price from month t-12 to month t-7.,Matrix,100,18,USA,TOP3000,1
mdl77_pricemomentumfactor_normalmf60d,matrix,98,The 60-day average of a stock's daily money flow divided by daily total dollar volume.,Matrix,100,3,USA,TOP3000,1
mdl77_pricemomentumfactor_ntrm01ff,matrix,96,Fama-French Momentum: It is defined as the percent change in a stock's price from month t-12 to month t-2.,Matrix,100,7,USA,TOP3000,1
mdl77_pricemomentumfactor_p50_200ratio,matrix,97,50-200 Day Stock Price Ratio: It is defined as the moving average of a stock's prices in the last 50 days divided by the moving average of its prices in the last 200 days.,Matrix,100,10,USA,TOP3000,1
mdl77_pricemomentumfactor_pc_ratio,matrix,84,"Put/Call Ratio: It is defined as the open interest in 7 near-the-money (1 at-the-money, next 3 above and next 3 below), nearest to expiration put option contracts divided by the open interest in 7 near-the-money (1 at-the-money, next 3 above and next 3 below), nearest to expiration call option contracts.",Matrix,100,2,USA,TOP3000,1
mdl77_pricemomentumfactor_pctabv260low,matrix,97,Price Above Last 260-Day Lowest Trading Price: It is defined as a stock's current closing price divided by its lowest daily low price in the last 260 trading days.,Matrix,100,48,USA,TOP3000,1
mdl77_pricemomentumfactor_pd09erpvc,matrix,99,CV of Prior 90-Day Closing Prices: It is defined as the standard deviation of a stock's last 90 days closing prices divided by the mean of these prices.,Matrix,100,3,USA,TOP3000,1
mdl77_pricemomentumfactor_rationalalpha,matrix,96,Rational Decay Alpha: It evaluates stocks based on their historical 12-month market (S&P 500) adjusted excess return (the Y intercept from an OLS regression equation) using a proprietary rational decay function.,Matrix,100,1,USA,TOP3000,1
mdl77_pricemomentumfactor_rba,matrix,98,Abnormal Return around QTR Earnings Release: It is defined as the sum of a stock's daily market-adjusted price return from two days before to one day after its quarterly earnings announcement. The market return proxy is the S&P 500 index.,Matrix,100,30,USA,TOP3000,1
mdl77_pricemomentumfactor_relpricestrength_,matrix,94,Industry-adjusted 12-month Relative Price Strength: It is defined as a stock's 12-month relative price-strength (PS) minus the PSs of all stocks in the same industry deflated by the standard deviation of these PSs.,Matrix,100,1,USA,TOP3000,1
mdl77_pricemomentumfactor_sharpe36m,matrix,89,Changes in company's monthly profit in the last 3 years compared to its profit 3 months ago.,Matrix,100,28,USA,TOP3000,1
mdl77_pricemomentumfactor_skew90cortn,matrix,99,Skewness of 90-Day Stock Daily Excess Returns: It is defined as the skewness of the distribution of a stock's daily excess (compared to the S&P 500 index) price returns in the last 90 days. Skewness = 3*(Mean-Median])/Standard Deviation.,Matrix,100,94,USA,TOP3000,1
mdl77_pricemomentumfactor_skew90drtn,matrix,99,Skewness of 90-Day Stock Daily Returns: It is defined as the skewness (measure of lack of symmetry) of the distribution of a stock's daily price returns in the last 90 days. Skewness = 3*(Mean-Median])/Standard Deviation.,Matrix,100,2,USA,TOP3000,1
mdl77_pricemomentumfactor_slope52wp,matrix,96,Slope of 52-Week Price Trend Line: It is defined as the 4-week lagged slope coefficient of the least squares regression line of the last 52-week weekly stock's closing price against the corresponding weekly dates.,Matrix,100,23,USA,TOP3000,1
mdl77_pricemomentumfactor_slope66wp,matrix,95,Slope of 66 Week Price Trend Line: It is defined as the 4-week lagged slope coefficient of the least squares regression line of the last 66-week weekly stock's closing price against the corresponding weekly dates.,Matrix,100,7,USA,TOP3000,1
mdl77_pricemomentumfactor_sortinoratio,matrix,89,Sortino Ratio: It is defined as a stock's annualized average monthly total return over the last 36 months less the average annualized 90-Day T-Bill rate over the same period divided by the standard deviation of the stock's monthly returns in months when total return was negative.,Matrix,100,19,USA,TOP3000,1
mdl77_pricemomentumfactor_tstalp,matrix,96,1-Year Price Momentum Indicator: It is defined as: (CORREL*(260-2)^.5)/(1-CORREL^2)^.5. CORREL is the correlation coefficient between the natural logarithm of stock daily closing price and the corresponding daily dates in the last 260 days.,Matrix,100,18,USA,TOP3000,1
mdl77_pricemomentumfactor_varresirtn,matrix,89,24-Month Residual Return Variance: It is defined as the variance of a stock's monthly residual return in the last 24 months. The monthly residual return equals the stock's monthly return minus the product of the multiplication of a stock's proprietary 60-month Beta by the S&P 500 index monthly return.,Matrix,100,72,USA,TOP3000,1
mdl77_pricemomentumfactor_visiratio,matrix,100,The Visibility Ratio: It equals a stock's most recent daily trading volume divided by the average daily trading volume in the previous 50 trading days.,Matrix,100,2,USA,TOP3000,1
mdl77_pricemomentumfactor_volpre6m,matrix,98,The 6-month moving average of average monthly turnover ratio.,Matrix,100,236,USA,TOP3000,1
mdl77_pricemomentumfactor_w15tvp,matrix,95,This field determines the strength of trends and warns of reversals.,Matrix,100,30,USA,TOP3000,1
mdl77_pricemomentumfactor_w57w03_rp,matrix,94,30-75 Week Stock Price Ratio: It is defined as the moving average of a stock's prices in the last 30 weeks divided by the moving average of its prices in the last 75 weeks.,Matrix,100,5,USA,TOP3000,1
mdl77_pricemomentumfactor_w62isr,matrix,98,26-Week Relative Price Strength: It is defined as a stock's most recent weekly closing price divided by its weekly closing price 26 weeks ago.,Matrix,100,7,USA,TOP3000,1
mdl77_pricemomentumfactor_w93ntr,matrix,97,39-Week Return with 4-Week Lag: It is defined as a stock's price change from week t-43 to week t-4.,Matrix,100,9,USA,TOP3000,1
mdl77_put_put_capmod,matrix,44,"Capital Strength Module: It is defined as the equal-weighted average of the Industry Relative ROE, Change in Shares Outstanding, Total Coverage, and Change in Operating Liability Leverage factors.",Matrix,100,5,USA,TOP3000,1
mdl77_put_put_cashburn,matrix,44,Cash Burn Rate: It is defined as: -(Cash From Operations + Cash from Investments)/(Cash + Short-term Investments).,Matrix,100,1,USA,TOP3000,1
mdl77_put_put_chgalpha,matrix,52,"Six-Month Alpha Change Rank: It is defined as the 6-month change in a stock's 12-month alpha, as calculated by a rolling CAPM regression.",Matrix,100,9,USA,TOP3000,1
mdl77_put_put_chgoll,matrix,44,"Change in Operating Liability Leverage: It is defined as the current quarter operating liability leverage less the operating liability leverage 4 quarters ago, where operating liability leverage equals 1 minus the ratio of (short-term debt + long-term debt + common equity + preferred equity - cash) to (total assets - cash).",Matrix,100,4,USA,TOP3000,1
mdl77_put_put_chshrs,matrix,55,Percent Change in Shares Outstanding: It is defined as the percent change in a company's current number of outstanding shares as compared to the number of shares outstanding 1 year ago.,Matrix,100,1,USA,TOP3000,1
mdl77_put_put_composite,matrix,53,"Custom Small Cap Composite: It is defined as the equal-weighted average of the Momentum, Quality, Valuation, and Capital Strength modules.",Matrix,100,9,USA,TOP3000,1
mdl77_put_put_dypeg,matrix,42,Reciprocal of Dividend Yield-adjusted PEG: It is defined as the reciprocal of a stock's forward 12-month P/E ratio divided by the total growth rate. The total growth rate is the sum of the forecasted long-term growth rate and the indicated dividend yield.,Matrix,100,6,USA,TOP3000,1
mdl77_put_put_equality,matrix,49,"Earnings Quality Rank: It is defined as the equal weighted composite of the Earnings Shortfall, Change in Inventory, Change in Asset Turnover, Change in Net Operating Working Capital and Capex/Depreciations Ranks.",Matrix,100,38,USA,TOP3000,1
mdl77_put_put_indepsp,matrix,55,Industry Relative Core EPS to Price: It is defined as a stock's trailing 12-month earnings per share before extra items-to-price ratio (EP) less the average of the EPs of all stocks in the same industry deflated by the standard deviation of these EPs.,Matrix,100,46,USA,TOP3000,1
mdl77_put_put_indestep,matrix,52,Industry Relative Leading 4-QTRs EPS to Price: It is defined as a stock's trailing 12-month earnings per share before extra items-to-price ratio (EP) less the average of the EPs of all stocks in the same industry deflated by the standard deviation of these EPs.,Matrix,100,11,USA,TOP3000,1
mdl77_put_put_indfcfp,matrix,47,Industry Relative Free Cash Flow-to-Price: It is defined as a stock's trailing 12-month free cash flow-to-price ratio (FCFP) less the average of the FCFPs of all stocks in the same industry deflated by the standard deviation of the FCFPs of all stocks in the same relative universe.,Matrix,100,6,USA,TOP3000,1
mdl77_put_put_indroe,matrix,55,Company's ability to generate profit.,Matrix,100,1,USA,TOP3000,1
mdl77_put_put_momod,matrix,54,"The mean of three components: unexpected changes in expense or profit, and the consumer confidence report.",Matrix,100,1,USA,TOP3000,1
mdl77_put_put_opincev,matrix,53,Operating Income to EV: It is defined as a stock's ratio of trailing 4Q operating income to enterprise value (OpInc/EV).,Matrix,100,15,USA,TOP3000,1
mdl77_put_put_qualmod,matrix,49,Quality Module: It is defined as the aggregation of the Earnings Quality (90%) and Short-Interest Ratio (10%) factors.,Matrix,100,1,USA,TOP3000,1
mdl77_put_put_siratio,matrix,55,Short-Interest Ratio: It is defined as short-interest to average monthly volume.,Matrix,100,1,USA,TOP3000,1
mdl77_put_put_strevconf,matrix,53,Street Revision Confidence: It is defined as the sum of the 3-month change in a stock's analysts' highest earnings forecast and change in analysts' lowest earnings estimates for fiscal year 1 by its month-end trading price.,Matrix,100,7,USA,TOP3000,1
mdl77_put_put_sucf,matrix,48,Standardized Unexpected Cash Flow: It is defined as a stock's most recent reported quarterly operating cash flow minus that of 4 quarters ago divided by the standard deviation of this difference over the preceding 8 quarters.,Matrix,100,2,USA,TOP3000,1
mdl77_put_put_totcov,matrix,38,Total Coverage: It equals (Cash Flow from Operations + Interest Paid + Tax Paid) / (Interest + Principal Paid).,Matrix,100,7,USA,TOP3000,1
mdl77_put_put_valmod,matrix,55,The weighted average of various financial ratios related to a company's profits.,Matrix,100,118,USA,TOP3000,1
mdl77_putput_capmod,matrix,44,"Capital Strength Module: It is defined as the equal-weighted average of the Industry Relative ROE, Change in Shares Outstanding, Total Coverage, and Change in Operating Liability Leverage factors.",Matrix,100,6,USA,TOP3000,1
mdl77_putput_cashburn,matrix,44,Cash Burn Rate: It is defined as: -(Cash From Operations + Cash from Investments)/(Cash + Short-term Investments).,Matrix,100,9,USA,TOP3000,1
mdl77_putput_chgalpha,matrix,52,"Six-Month Alpha Change Rank: It is defined as the six-month change in a stock's twelve-month alpha, as calculated by a rolling CAPM regression.",Matrix,100,8,USA,TOP3000,1
mdl77_putput_chgoll,matrix,44,"Change in Operating Liability Leverage: It is defined as the current quarter operating liability leverage less the operating liability leverage 4 quarters ago, where operating liability leverage equals 1 minus the ratio of (short-term debt + long-term debt + common equity + preferred equity - cash) to (total assets - cash).",Matrix,100,7,USA,TOP3000,1
mdl77_putput_chshrs,matrix,55,Percent Change in Shares Outstanding: It is defined as the percent change in a company's current number of outstanding shares as compared to the number of shares outstanding one year ago.,Matrix,100,32,USA,TOP3000,1
mdl77_putput_composite,matrix,53,"Custom Small Cap Composite: It is defined as the equal-weighted average of the Momentum, Quality, Valuation, and Capital Strength modules.",Matrix,100,11,USA,TOP3000,1
mdl77_putput_dypeg,matrix,42,Reciprocal of Dividend Yield-adjusted PEG: It is defined as the reciprocal of a stock's forward 12-month P/E ratio divided by the total growth rate. The total growth rate is the sum of the forecasted long-term growth rate and the indicated dividend yield.,Matrix,100,9,USA,TOP3000,1
mdl77_putput_equality,matrix,49,"Earnings Quality Rank: It is defined as the equal-weighted composite of the Earnings Shortfall, Change in Inventory, Change in Asset Turnover, Change in Net Operating Working Capital, and Capex/Depreciations Ranks.",Matrix,100,37,USA,TOP3000,1
mdl77_putput_indepsp,matrix,55,Industry Relative Core EPS to Price: It is defined as a stock's trailing 12-month earnings per share before extra items-to-price ratio (EP) less the average of the EPs of all stocks in the same industry deflated by the standard deviation of these EPs.,Matrix,100,3,USA,TOP3000,1
mdl77_putput_indestep,matrix,52,Industry Relative Leading 4-QTRs EPS to Price: It is defined as a stock's trailing 12-month earnings per share before extra items-to-price ratio (EP) less the average of the EPs of all stocks in the same industry deflated by the standard deviation of these EPs,Matrix,100,12,USA,TOP3000,1
mdl77_putput_indfcfp,matrix,47,Industry Relative Free Cash Flow-to-Price: It is defined as a stock's trailing 12-month free cash flow-to-price ratio (FCFP) less the average of the FCFPs of all stocks in the same industry deflated by the standard deviation of the FCFPs of all stocks in the same relative universe.,Matrix,100,6,USA,TOP3000,1
mdl77_putput_indroe,matrix,55,Company's ability to generate profit.,Matrix,100,24,USA,TOP3000,1
mdl77_putput_momod,matrix,54,"The mean of 3 components: unexpected changes in expense or profit, and consumer confidence report.",Matrix,100,4,USA,TOP3000,1
mdl77_putput_opincev,matrix,53,Operating Income to EV: It is defined as a stock's ratio of trailing 4Q operating income to enterprise value (OpInc/EV).,Matrix,100,1,USA,TOP3000,1
mdl77_putput_qualmod,matrix,49,Quality Module: It is defined as the aggregation of the Earnings Quality (90%) and Short-Interest Ratio (10%) factors.,Matrix,100,40,USA,TOP3000,1
mdl77_putput_siratio,matrix,55,Short-Interest Ratio: It is defined as short-interest to average monthly volume.,Matrix,100,3,USA,TOP3000,1
mdl77_putput_strevconf,matrix,53,Street Revision Confidence: It is defined as the sum of the 3-month change in a stock's analysts' highest earnings forecast and change in analysts' lowest earnings estimates for fiscal year 1 by its month-end trading price.,Matrix,100,7,USA,TOP3000,1
mdl77_putput_sucf,matrix,48,Standardized Unexpected Cash Flow: It is defined as a stock's most recent reported quarterly operating cash flow minus that of 4 quarters ago divided by the standard deviation of this difference over the preceding 8 quarters.,Matrix,100,6,USA,TOP3000,1
mdl77_putput_totcov,matrix,38,Total Coverage: It equals (Cash Flow from Operations + Interest Paid + Tax Paid) / (Interest + Principal Paid).,Matrix,100,9,USA,TOP3000,1
mdl77_putput_valmod,matrix,55,The weighted average of various financial ratios related to a company's profits.,Matrix,100,1,USA,TOP3000,1
mdl77_qsa_efficiency,matrix,94,Fundamentals Rank,Matrix,100,7,USA,TOP3000,1
mdl77_qva_earnquality,matrix,95,"Earnings Quality Rank: It is defined as the equal-weighted composite of the Earnings Shortfall, Change in Inventory, Change in Asset Turnover, Change in Net Operating Working Capital, and Capex/Depreciations Ranks.",Matrix,100,104,USA,TOP3000,1
mdl77_qva_valuation,matrix,96,Valuation Rank: It is defined as the equal-weighted average of the Financial Statement Rank and the Earnings Valuation Rank.,Matrix,100,1,USA,TOP3000,1
mdl77_ratrev6m,matrix,93,Street Rating Revision: It is defined as the 6-month average of the change in the average analyst recommendation tracked by,Matrix,100,1,USA,TOP3000,1
mdl77_rel5ycfp,matrix,70,5-yr Relative TTM Cash Flow-to-Price: It is defined as a stock's current trailing 12-month cash flow-to-price ratio (CFP) minus the average of the CFPs in the last 60 months scaled by the standard deviation of the CFPs over the same period.,Matrix,100,1,USA,TOP3000,1
mdl77_rel5ycoreepsp,matrix,70,5-yr Relative TTM Core Earnings-to-Price: It is defined as a stock's current trailing 12-month core earnings-to-price ratio (CoreEP) minus the average of the CoreEPs in the last 60 months scaled by the standard deviation of the CoreEPs over the same period.,Matrix,100,25,USA,TOP3000,1
mdl77_rel5yebitdap,matrix,57,5-yr Relative TTM EBITDA-to-Price: It is defined as a stock's current trailing 12-month EBITDA per share-to-price ratio (EBITDAP) minus the average of the EBITDAPs in the last 60 months scaled by the standard deviation of the EBITDAPs over the same period.,Matrix,100,1,USA,TOP3000,1
mdl77_rel5yfcfp,matrix,61,5-yr Relative TTM Free Cash Flow-to-Price: It is defined as a stock's current trailing 12-month free cash flow-to-price ratio (FCFP) minus the average of the FCFPs in the last 60 months scaled by the standard deviation of the FCFPs over the same period.,Matrix,100,2,USA,TOP3000,1
mdl77_rel5yocfp,matrix,63,5-yr Relative TTM Oper Cash Flow-to-Price: It is defined as a stock's current trailing 12-month operating cash flow-to-price ratio (OCFP) minus the average of the OCFPs in the last 60 months scaled by the standard deviation of the OCFPs over the same period.,Matrix,100,1,USA,TOP3000,1
mdl77_relativevaluemodel_capacq,matrix,95,Capital Acquisition Ratio: It is defined as the trailing 12-month operating cash flow less the trailing 12-month cash dividends and then divided by the total expenditures in the same period.,Matrix,100,2,USA,TOP3000,1
mdl77_relativevaluemodel_fc_estep,matrix,97,Leading 12-Month Median Earnings Yield: It is defined as the next fiscal year median consensus earnings estimate divided by trading price.,Matrix,100,7,USA,TOP3000,1
mdl77_relativevaluemodel_fmrelval,matrix,90,"Fielitz & Muller Relative Intrinsic Value: It is defined as a derivative of the two-stage dividend discount model to calculate a stock's intrinsic value. The formula uses projected long-term earnings growth rate, dividend yield, P/E ratio, and Beta. The expectation with this indicator is that stocks with high intrinsic value will outperform alternatives in the long run.",Matrix,100,52,USA,TOP3000,1
mdl77_relativevaluemodel_pfcfmtt,matrix,97,TTM Free Cash Flow-to-Price: It is defined as the trailing 12-month free cash flow per share for a stock divided by its month-end trading price. Free cash flow equals operating cash flow minus capital expenditures and cash dividends.,Matrix,100,51,USA,TOP3000,1
mdl77_relativevaluemodel_roe,matrix,99,Return on Equity: It is defined as the trailing 12-month income before extra items divided by the average of common equity in the same period.,Matrix,100,102,USA,TOP3000,1
mdl77_relativevaluemodel_rvm_composite,matrix,99,Model composition based on arbitrage,Matrix,100,5,USA,TOP3000,1
mdl77_rerror60m,matrix,79,Regression Error of 60-Month CAPM: It is defined as the standard error of the slope of the least squares regression line for a stock's last 60-month monthly returns against the S&P 500 Index returns.,Matrix,100,35,USA,TOP3000,1
mdl77_rsqr4qsales3y,matrix,86,The conditional square of the correlation between monthly dates and the corresponding trailing 12-month sales per share in the prior 12 quarters,Matrix,100,2,USA,TOP3000,1
mdl77_saleicap,matrix,93,The trailing 12-month total revenues divided by the average of the invested capital in the same period.,Matrix,100,6,USA,TOP3000,1
mdl77_shortsentimentfactor_act_util,matrix,95,Account Utility,Matrix,100,53,USA,TOP3000,1
mdl77_shortsentimentfactor_benchmark_fee,matrix,94,Benchmark fee,Matrix,100,5,USA,TOP3000,1
mdl77_shortsentimentfactor_conc_ratio,matrix,79,Concentration ratio,Matrix,100,3,USA,TOP3000,1
mdl77_shortsentimentfactor_days_to_cover,matrix,96,Days to Cover,Matrix,100,2,USA,TOP3000,1
mdl77_shortsentimentfactor_dmd_conc,matrix,99,Demand concentration,Matrix,100,12,USA,TOP3000,1
mdl77_shortsentimentfactor_dmd_supply,matrix,94,Demand Supply,Matrix,100,8,USA,TOP3000,1
mdl77_shortsentimentfactor_inv_conc,matrix,72,Inventory concentration.,Matrix,100,11,USA,TOP3000,1
mdl77_shortsentimentfactor_lend_supply,matrix,94,Lend supply,Matrix,100,48,USA,TOP3000,1
mdl77_shortsentimentfactor_onloan_conc,matrix,71,On loan concentration,Matrix,100,1,USA,TOP3000,1
mdl77_shortsentimentfactor_tni_ths,matrix,77,Short Interest Ratio,Matrix,100,1,USA,TOP3000,1
mdl77_sighc,matrix,86,1-yr Chg in QTR Inventory as Percentage ofSales: It is defined as the most recently reported inventory as a percentage of trailing 12-month sales minus that percentage 4 quarters ago.,Matrix,100,5,USA,TOP3000,1
mdl77_surpriseanalystmodel_qsa_composite,matrix,91,Surprise Analyst Composite Rank: Surprise Analyst Composite Rank,Matrix,100,4,USA,TOP3000,1
mdl77_surpriseanalystmodel_qsa_efficiency,matrix,95,Fundamentals Rank,Matrix,100,4,USA,TOP3000,1
mdl77_surpriseanalystmodel_qsa_estexpect,matrix,93,Estimate Trend Rank,Matrix,100,1,USA,TOP3000,1
mdl77_surpriseanalystmodel_qsa_percent,matrix,91,Probability of Surprise (%): Probability of Surprise (%),Matrix,100,3,USA,TOP3000,1
mdl77_surpriseanalystmodel_qsa_surpsn,matrix,91,Rank based on analysts' surprise.,Matrix,100,1,USA,TOP3000,1
mdl77_surpriseforecastmodule,matrix,97,Surprise Forecaster Module,Matrix,100,12,USA,TOP3000,1
mdl77_totalcov,matrix,82,Total Coverage: It equals (Cash Flow from Operations + Interest Paid + Tax Paid) / (Interest + Principal Paid).,Matrix,100,296,USA,TOP3000,1
mdl77_valueanalystmodel_ccaghc_avq,matrix,82,"The 1-year change in a company's trailing 4Q net operating working capital, scaled by current total assets.",Matrix,100,77,USA,TOP3000,1
mdl77_valueanalystmodel_qva_alertrank,matrix,97,"The aggregate of the Earnings Quality (50%), Investor Sentiment (25%), and Management Signaling (25%) Rank.",Matrix,100,3,USA,TOP3000,1
mdl77_valueanalystmodel_qva_balsht,matrix,97,The ratio of recent cash & cash equivalents to market capitalization for a stock.,Matrix,100,1,USA,TOP3000,1
mdl77_valueanalystmodel_qva_capexdep,matrix,92,Capex to Depreciation Rank: It is defined as a company's trailing 12-month capital expenditures divided by the trailing 12-month depreciation.,Matrix,100,2,USA,TOP3000,1
mdl77_valueanalystmodel_qva_cashflow,matrix,91,Cash Flow Rank: It is defined as a stock's ratio of trailing 4Q free cash flow to market capitalization (FCF/P).,Matrix,100,5,USA,TOP3000,1
mdl77_valueanalystmodel_qva_chgato,matrix,95,Change in Asset Turnover Rank: It is defined as the 1-year change in a company's asset turnover (TTM Sales/Total Assets).,Matrix,100,4,USA,TOP3000,1
mdl77_valueanalystmodel_qva_chginv,matrix,88,"The one-year change in a company's trailing 4Q inventory, scaled by current total assets.",Matrix,100,2,USA,TOP3000,1
mdl77_valueanalystmodel_qva_composite,matrix,97,The equal-weighted combinations of ranks based on intrinsic value of stock and the quality of earnings.,Matrix,100,8,USA,TOP3000,1
mdl77_valueanalystmodel_qva_earnquality,matrix,96,"Earnings Quality Rank: It is defined as the equal-weighted composite of the Earnings Shortfall, Change in Inventory, Change in Asset Turnover, Change in Net Operating Working Capital, and Capex/Depreciations Ranks.",Matrix,100,2,USA,TOP3000,1
mdl77_valueanalystmodel_qva_earnval,matrix,97,"The equal-weighted average of ranks based on price, earnings, growth, and yield.",Matrix,100,49,USA,TOP3000,1
mdl77_valueanalystmodel_qva_epmodule,matrix,96,"Earnings Cyclicality Rank: It is defined as the aggregated ranking of a company's 3-year low 4Q EPS to enterprise value, FY1 EPS estimate to enterprise value, and industry-relative EP rankings.",Matrix,100,3,USA,TOP3000,1
mdl77_valueanalystmodel_qva_finstmt,matrix,95,"Financial Statement Rank: It is defined as the equal-weighted average of the Income Statement Rank (OpInc/Price), the Balance Sheet Rank (Cash/Price), and the Cash Flow Rank (FCF/Price).",Matrix,100,1,USA,TOP3000,1
mdl77_valueanalystmodel_qva_invsentiment,matrix,96,The equal weighted sum based on a ratio of number of stocks and those that have been sold short by investors.,Matrix,100,2,USA,TOP3000,1
mdl77_valueanalystmodel_qva_mgtsignaling,matrix,97,"The sum of the indicators based on the changes in number of stocks, and company's financial status.",Matrix,100,1,USA,TOP3000,1
mdl77_valueanalystmodel_qva_pegy,matrix,97,"PEGY Rank: It is defined as the aggregated ranking of a company's price, earnings, estimated long-term growth, and dividend yield rankings",Matrix,100,81,USA,TOP3000,1
mdl77_valueanalystmodel_qva_shortfall,matrix,92,"Earnings Shortfall Rank: It is defined as the difference between recent 4Q operating income before depreciation and trailing 4Q earnings, scaled by a company's enterprise value.",Matrix,100,2,USA,TOP3000,1
mdl77_valueanalystmodel_qva_valuation,matrix,97,Valuation Rank: It is defined as the equal-weighted average of the Financial Statement Rank and the Earnings Valuation Rank.,Matrix,100,4,USA,TOP3000,1
mdl77_valueanalystmodel_qva_yoychgdebt,matrix,96,Chg in Debt Issuance Rank: It is defined as a company's change in total debt over the last 12 months.,Matrix,100,28,USA,TOP3000,1
mdl77_valueanalystmodel_qva_yoychgshares,matrix,96,Change in Shares Outstanding Rank: It is defined as a company's change in common shares outstanding over the last 12 months.,Matrix,100,23,USA,TOP3000,1
mdl77_valueanalystmodel_tmtscni_avq,matrix,94,Income Stmt Rank : It is defined as a stock's ratio of trailing 4Q operating income to enterprise value (OpInc/EV).,Matrix,100,2,USA,TOP3000,1
mdl77_valueanalystmodelccaghc_avq,matrix,100,"The 1-year change in a company's trailing 4Q net operating working capital, scaled by current total assets.",Matrix,100,10,USA,TOP3000,1
mdl77_valueanalystmodelqva_alertrank,matrix,100,"The aggregate of the Earnings Quality (50%), Investor Sentiment (25%), and Management Signaling (25%) Rank.",Matrix,100,59,USA,TOP3000,1
mdl77_valueanalystmodelqva_balsht,matrix,100,The ratio of recent cash & cash equivalents to market capitalization for a stock.,Matrix,100,1,USA,TOP3000,1
mdl77_valueanalystmodelqva_capexdep,matrix,100,Capex to Depreciation Rank: It is defined as a company's trailing twelve-month capital expenditures divided by the trailing twelve-month depreciation.,Matrix,100,4,USA,TOP3000,1
mdl77_valueanalystmodelqva_cashflow,matrix,100,Cash Flow Rank: It is defined as a stock's ratio of trailing 4Q free cash flow to market capitalization (FCF/P).,Matrix,100,2,USA,TOP3000,1
mdl77_valueanalystmodelqva_chgato,matrix,100,Change in Asset Turnover Rank: It is defined as the 1-year change in a company's asset turnover (TTM Sales/Total Assets).,Matrix,100,3,USA,TOP3000,1
mdl77_valueanalystmodelqva_chginv,matrix,100,"The 1-year change in a company's trailing 4Q inventory, scaled by current total assets",Matrix,100,1,USA,TOP3000,1
mdl77_valueanalystmodelqva_composite,matrix,100,The equal-weighted combinations of ranks based on intrinsic value of stock and the quality of earnings.,Matrix,100,4,USA,TOP3000,1
mdl77_valueanalystmodelqva_earnquality,matrix,100,"Earnings Quality Rank: It is defined as the equal-weighted composite of the Earnings Shortfall, Change in Inventory, Change in Asset Turnover, Change in Net Operating Working Capital, and Capex/Depreciations Ranks.",Matrix,100,2,USA,TOP3000,1
mdl77_valueanalystmodelqva_earnval,matrix,100,"The equal-weighted average of ranks based on price, earnings, growth, and yield.",Matrix,100,55,USA,TOP3000,1
mdl77_valueanalystmodelqva_epmodule,matrix,100,"Earnings Cyclicality Rank: It is defined as the aggregated ranking of a company's 3-year low 4Q EPS to enterprise value, FY1 EPS estimate to enterprise value, and industry-relative EP rankings",Matrix,100,8,USA,TOP3000,1
mdl77_valueanalystmodelqva_finstmt,matrix,100,"Financial Statement Rank: It is defined as the equal weighted average of the Income Statement Rank (OpInc/Price), the Balance Sheet Rank (Cash/Price) and the Cash Flow Rank (FCF/Price).",Matrix,100,6,USA,TOP3000,1
mdl77_valueanalystmodelqva_invsentiment,matrix,100,The equal-weighted sum based on a ratio of the number of stocks and those that have been sold short by investors.,Matrix,100,74,USA,TOP3000,1
mdl77_valueanalystmodelqva_mgtsignaling,matrix,100,"The sum of the indicators based on the changes in number of stocks, and company's financial status.",Matrix,100,1,USA,TOP3000,1
mdl77_valueanalystmodelqva_pegy,matrix,100,"PEGY Rank: It is defined as the aggregated ranking of a company's price, earnings, estimated long-term growth, and dividend yield rankings.",Matrix,100,82,USA,TOP3000,1
mdl77_valueanalystmodelqva_shortfall,matrix,100,"Earnings Shortfall Rank: It is defined as the difference between recent 4Q operating income before depreciation and trailing 4Q earnings, scaled by a company's enterprise value.",Matrix,100,5,USA,TOP3000,1
mdl77_valueanalystmodelqva_valuation,matrix,100,Valuation Rank: It is defined as the equal-weighted average of the Financial Statement Rank and the Earnings Valuation Rank.,Matrix,100,49,USA,TOP3000,1
mdl77_valueanalystmodelqva_yoychgdebt,matrix,100,Chg in Debt Issuance Rank: It is defined as a company's change in total debt over the last 12 months.,Matrix,100,1,USA,TOP3000,1
mdl77_valueanalystmodelqva_yoychgshares,matrix,100,Change in Shares Outstanding Rank: It is defined as a company's change in common shares outstanding over the last 12 months.,Matrix,100,28,USA,TOP3000,1
mdl77_valueanalystmodeltmtscni_avq,matrix,100,Income Stmt Rank: It is defined as a stock's ratio of trailing 4Q operating income to enterprise value (OpInc/EV).,Matrix,100,8,USA,TOP3000,1
mdl77_valuemomemtummodel_earningsexpectationmodule,matrix,100,Earnings Expectation Module,Matrix,100,1,USA,TOP3000,1
mdl77_valuemomemtummodel_earningspricelinkmodule,matrix,100,Earnings-Price Link Module,Matrix,100,1,USA,TOP3000,1
mdl77_valuemomemtummodel_earningsqualitymodule,matrix,100,Earnings Quality Module,Matrix,100,47,USA,TOP3000,1
mdl77_valuemomemtummodel_earningsvaluationmodule,matrix,100,Earnings Valuation Module,Matrix,100,1,USA,TOP3000,1
mdl77_valuemomemtummodel_financialstatementmodule,matrix,100,Financial Statement Module,Matrix,100,105,USA,TOP3000,1
mdl77_valuemomemtummodel_investorsentimentmodule,matrix,100,Investor Sentiment Module,Matrix,100,1,USA,TOP3000,1
mdl77_valuemomemtummodel_managementsignalingmodule,matrix,100,Management Signaling Module,Matrix,100,1,USA,TOP3000,1
mdl77_valuemomemtummodel_pricemomentummodule,matrix,100,Price Momentum Module,Matrix,100,1,USA,TOP3000,1
mdl77_valuemomemtummodel_reportedearningsmomentummodule,matrix,100,Reported Earnings Momentum Module,Matrix,100,6,USA,TOP3000,1
mdl77_valuemomemtummodel_vm_compositesn,matrix,100,Model composition based on momentum with sector neutral,Matrix,100,3,USA,TOP3000,1
mdl77_valuemomemtummodel_vma_composite,matrix,100,Model composition based on momentum,Matrix,100,242,USA,TOP3000,1
mdl77_voldiff_pc,matrix,79,ATM Put Volatility - ATM Call Volatility: It is defined as the difference between the time-weighted average implied volatility of the 2 nearest to expiration at-the-money put options and 2 nearest to expiration at-the-money call options.,Matrix,100,1,USA,TOP3000,1
mdl77_yoychggpm,matrix,86,Yearly Change in Gross Profit Margin: It is defined as the most recent quarterly reported gross profit margin minus the margin for the same quarter one year ago. Gross profit margin equals the difference between sales and cost of goods sold then scaled by the sales.,Matrix,100,1,USA,TOP3000,1
median_sales_estimate,matrix,100,Sales - median of estimations,Matrix,100,49,USA,TOP3000,1
min_adjusted_funds_from_operations_adj_guidance,matrix,100,Minimum guidance value for Adjusted funds from operation,Matrix,100,38,USA,TOP3000,1
min_adjusted_funds_from_operations_guidance,matrix,100,Funds from operation - minimum guidance value,Matrix,100,36,USA,TOP3000,1
min_adjusted_funds_from_operations_guidance_2,matrix,100,Adjusted funds from operation - minimum guidance for the annual period,Matrix,100,49,USA,TOP3000,1
min_adjusted_net_income_guidance,matrix,100,Adjusted net income - minimum guidance value,Matrix,100,1410,USA,TOP3000,1
min_basic_shares_guidance,matrix,100,Shares Basic - Minimum guidance value,Matrix,100,54,USA,TOP3000,1
min_book_value_per_share_guidance,matrix,100,Book value per share - minimum guidance value for the annual period,Matrix,100,43,USA,TOP3000,1
min_capex_guidance,matrix,100,Minimum guidance value for Capital Expenditures,Matrix,100,58,USA,TOP3000,1
min_capital_expenditure_guidance,matrix,100,Minimum guidance value for Capital Expenditures,Matrix,100,19,USA,TOP3000,1
min_custom_eps_guidance,matrix,100,Custom Earnings per share - Minimum guidance value,Matrix,100,27,USA,TOP3000,1
min_customized_eps_guidance,matrix,100,Customized Earnings per share - Minimum guidance value for the annual period,Matrix,100,25,USA,TOP3000,1
min_ebit_guidance,matrix,100,Minimum guidance value for Earnings Before Interest and Taxes (EBIT),Matrix,100,57,USA,TOP3000,1
min_ebit_guidance_2,matrix,100,Minimum guidance value for Earnings Before Interest and Taxes (EBIT) on an annual basis.,Matrix,100,45,USA,TOP3000,1
min_ebitda_guidance,matrix,100,"Minimum guidance value for Earnings Before Interest, Taxes, Depreciation, and Amortization (EBITDA) - Annual",Matrix,100,26,USA,TOP3000,1
min_financing_cashflow_guidance,matrix,100,Minimum guidance value for Cash Flow From Financing,Matrix,100,27,USA,TOP3000,1
min_financing_cashflow_guidance_2,matrix,100,Minimum guidance value for Cash Flow From Financing on an annual basis,Matrix,100,49,USA,TOP3000,1
min_free_cash_flow_guidance,matrix,100,The minimum guidance value for Free Cash Flow on an annual basis.,Matrix,100,30,USA,TOP3000,1
min_free_cash_flow_per_share_guidance,matrix,100,Free cash flow per share - minimum guidance value for the annual period,Matrix,100,47,USA,TOP3000,1
min_free_cashflow_guidance,matrix,100,Minimum guidance value for Free Cash Flow,Matrix,100,37,USA,TOP3000,1
min_free_cashflow_per_share_guidance,matrix,100,Free cash flow per share - minimum guidance value,Matrix,100,45,USA,TOP3000,1
min_funds_from_operations_guidance,matrix,100,Funds from operation - minimum guidance value for annual period,Matrix,100,35,USA,TOP3000,1
min_gross_income_guidance,matrix,100,The minimum guidance value for Gross Income.,Matrix,100,27,USA,TOP3000,1
min_gross_income_guidance_2,matrix,100,The minimum guidance for Gross Income on an annual basis.,Matrix,100,20,USA,TOP3000,1
min_investing_cashflow_guidance,matrix,100,Cash Flow From Investing - Minimum guidance value,Matrix,100,54,USA,TOP3000,1
min_investing_cashflow_guidance_2,matrix,100,Cash Flow From Investing - Minimum guidance value for the annual period,Matrix,100,52,USA,TOP3000,1
min_net_debt_guidance,matrix,100,The minimum guidance value for Net Debt on an annual basis.,Matrix,100,62,USA,TOP3000,1
min_net_income_guidance,matrix,100,Net profit - minimum guidance value,Matrix,100,79,USA,TOP3000,1
min_net_profit_guidance,matrix,100,Minimum guidance value for Net Profit on an annual basis,Matrix,100,34,USA,TOP3000,1
min_operating_cashflow_guidance,matrix,100,Minimum guidance value for Cash Flow from Operations,Matrix,100,35,USA,TOP3000,1
min_pretax_profit_guidance,matrix,100,Minimum guidance value for Pretax income,Matrix,100,38,USA,TOP3000,1
min_pretax_profit_guidance_2,matrix,100,The minimum guidance value for Pretax income on an annual basis.,Matrix,100,55,USA,TOP3000,1
min_reported_eps_guidance,matrix,100,Reported Earnings Per Share - Minimum guidance value for the annual period,Matrix,100,20,USA,TOP3000,1
min_research_development_expense_guidance,matrix,100,Minimum guidance value for Research & Development Expense,Matrix,100,28,USA,TOP3000,1
min_research_development_expense_guidance_2,matrix,100,Minimum guidance value for Research & Development Expense on an annual basis,Matrix,100,24,USA,TOP3000,1
min_sg_and_a_expense_guidance,matrix,100,"Selling, General & Administrative Expense - Minimum guidance value",Matrix,100,28,USA,TOP3000,1
min_share_buyback_guidance,matrix,100,Shares Basic - Minimum guidance value for the annual period,Matrix,100,42,USA,TOP3000,1
min_share_count_guidance,matrix,100,Minimum guidance for shares on an annual basis,Matrix,100,45,USA,TOP3000,1
min_shareholders_equity_guidance,matrix,100,Minimum guidance value for Shareholders' Equity,Matrix,100,52,USA,TOP3000,1
min_shares_outstanding_guidance,matrix,100,Minimum guidance value for Shares,Matrix,100,37,USA,TOP3000,1
min_stock_option_expense_guidance,matrix,100,Stock option expense - minimum guidance value,Matrix,100,93,USA,TOP3000,1
min_stock_option_expense_guidance_2,matrix,100,Minimum guidance value for stock option expense on an annual basis,Matrix,100,35,USA,TOP3000,1
min_tangible_book_value_per_share_guidance,matrix,100,Tangible Book Value per Share - minimum guidance value,Matrix,100,40,USA,TOP3000,1
min_tangible_book_value_per_share_guidance_2,matrix,100,Tangible Book Value per Share - Minimum guidance value,Matrix,100,79,USA,TOP3000,1
min_total_assets_guidance,matrix,100,Minimum guidance value for Total Assets,Matrix,100,22,USA,TOP3000,1
min_total_assets_guidance_2,matrix,100,Minimum guidance value for Total Assets on an annual basis,Matrix,100,37,USA,TOP3000,1
min_total_goodwill_guidance,matrix,100,Total Goodwill - The lowest guidance value,Matrix,100,29,USA,TOP3000,1
minimum_guidance_value,vector,58,Minimum guidance value for basic annual financials,Vector,100,39,USA,TOP3000,1
net_debt_actual_value,matrix,39,Net debt- announced financial value,Matrix,100,43,USA,TOP3000,1
net_debt_amount,matrix,68,Net debt - actual value for the annual period,Matrix,100,95,USA,TOP3000,1
momentum_analyst_composite_score,matrix,100,Momentum Analyst II: momentum metrics component,Matrix,100,2,USA,TOP3000,1
multi_factor_acceleration_score_derivative,matrix,100,Change in the acceleration of multi-factor score compared to previous period.,Matrix,100,136,USA,TOP3000,1
multi_factor_static_score_derivative,matrix,100,Change in static multi-factor score compared to previous period.,Matrix,100,93,USA,TOP3000,1
net_debt_max_guidance_qtr,matrix,100,Maximum guidance value for Net Debt,Matrix,100,45,USA,TOP3000,1
net_debt_min_guidance_qtr,matrix,100,Minimum guidance value for Net Debt,Matrix,100,63,USA,TOP3000,1
net_debt_reported_value,matrix,39,Net Debt value for the quarter,Matrix,100,35,USA,TOP3000,1
net_income_adjusted,matrix,91,Adjusted net income- announced financial value for annual frequency,Matrix,100,244,USA,TOP3000,1
net_income_total_2,matrix,97,Net profit- announced financial value for annual data,Matrix,100,102,USA,TOP3000,1
net_profit_adjusted_min_guidance,matrix,100,The minimum guidance value for adjusted net profit on an annual basis.,Matrix,100,25,USA,TOP3000,1
net_profit_adjusted_value,matrix,93,Adjusted net income- announced financial value,Matrix,100,81,USA,TOP3000,1
net_profit_reported_value,matrix,100,Net profit- announced financial value,Matrix,100,45,USA,TOP3000,1
net_fy1_analyst_revisions,matrix,100,"Weighted net number of FY1 analyst earnings forecast increases minus decreases within a month, divided by total forecasts",Matrix,100,10,USA,TOP3000,1
net_num_revisions_fiscal_q1,matrix,100,Net count of analyst EPS forecast revisions for fiscal quarter 1 over a specified period,Matrix,100,4,USA,TOP3000,1
net_num_revisions_fy1,matrix,100,"Weighted average net number of FY1 analyst earnings forecast increases minus decreases within one month, divided by the total analyst forecasts",Matrix,100,2,USA,TOP3000,1
net_num_revisions_fy1_earnings,matrix,100,"Net number of analyst estimate revisions for Fiscal Year 1, indicating the weighted average of upward minus downward changes in EPS estimates for the upcoming fiscal year",Matrix,100,3,USA,TOP3000,1
net_num_revisions_fy2,matrix,100,"Net number of FY2 analyst forecast revisions (raised minus lowered) within a month, weighted by total forecasts.",Matrix,100,4,USA,TOP3000,1
news_all_vwap,matrix,73,"VWAP across all sessions (pre, main, post)",Matrix,100,1489,USA,TOP3000,1
news_atr14,matrix,89,14-day Average True Range,Matrix,100,3666,USA,TOP3000,1
news_atr_ratio,matrix,80,Ratio of current day's price range to 20-day average true range,Matrix,100,2275,USA,TOP3000,1
news_cap,matrix,83,Reported total market capitalization for the calendar day of the session,Matrix,100,6575,USA,TOP3000,1
news_close_vol,matrix,69,Main session close volume,Matrix,100,1634,USA,TOP3000,1
news_curr_vol,matrix,78,Current day's session volume,Matrix,100,872,USA,TOP3000,1
news_dividend_yield,matrix,85,Reported annual dividend yield percentage for the calendar day of the session,Matrix,100,392,USA,TOP3000,1
news_eod_close,matrix,88,Session closing price,Matrix,100,2883,USA,TOP3000,1
news_eod_high,matrix,97,Highest price from the time of news to end of session,Matrix,100,1250,USA,TOP3000,1
news_eod_low,matrix,97,Lowest price from the time of news to end of session,Matrix,100,858,USA,TOP3000,1
news_eod_vwap,matrix,97,VWAP from the time of news to the end of the session,Matrix,100,1078,USA,TOP3000,1
news_eps_actual,matrix,96,Actual Earnings Per Share reported in the news release,Matrix,100,1377,USA,TOP3000,1
news_high_exc_stddev,matrix,97,"Standardized measure of price movement from end-of-day high to last price in the time-of-news window, divided by 30-day closing price standard deviation",Matrix,100,1194,USA,TOP3000,1
news_indx_perf,matrix,97,Difference in percent return between the stock and the S&P 500 ETF over the session: ((EODClose - TONLast) / TONLast) - ((SPYClose - SPYLast) / SPYLast),Matrix,100,1306,USA,TOP3000,1
news_low_exc_stddev,matrix,97,"Standardized measure of price movement from last price in time-of-news window to end-of-day low, divided by 30-day closing price standard deviation",Matrix,100,1077,USA,TOP3000,1
news_ls,matrix,49,"Indicates if a long or short position would have been more advantageous, based on comparison of (EODHigh - Last) and (Last - EODLow)",Matrix,100,681,USA,TOP3000,1
news_main_vwap,matrix,97,Main session volume-weighted average price,Matrix,100,910,USA,TOP3000,1
news_max_dn_amt,matrix,97,Price at the time of the news minus the after-news low,Matrix,100,1348,USA,TOP3000,1
news_max_dn_ret,matrix,97,Percent change from price at time of news to lowest price after news,Matrix,100,1137,USA,TOP3000,1
news_max_up_amt,matrix,97,After-news high minus the price at the time of the news,Matrix,100,890,USA,TOP3000,1
news_max_up_ret,matrix,85,Percent change from price at time of news to highest price after news,Matrix,100,1939,USA,TOP3000,1
news_mins_10_chg,matrix,74,"Minimum value among L or S for each minute bucket, indicating the fastest reaction time at the 10th percentile",Matrix,100,1304,USA,TOP3000,1
news_mins_10_pct_dn,matrix,4,Number of minutes elapsed before price decreases by 10 percentage points after the event,Matrix,100,7689,USA,TOP3000,1
news_mins_10_pct_up,matrix,63,Number of minutes before the price increased by at least 10 percent after the news release,Matrix,100,1836,USA,TOP3000,1
news_mins_1_chg,matrix,92,Minimum number of minutes taken for price to move (up or down) 1 percentage point after the event,Matrix,100,548,USA,TOP3000,1
news_mins_1_pct_dn,matrix,83,Number of minutes before the price decreased by at least 1 percent after the news release,Matrix,100,573,USA,TOP3000,1
news_mins_1_pct_up,matrix,19,Number of minutes before the price increased by at least 1 percent after the news release,Matrix,100,573,USA,TOP3000,1
news_mins_20_chg,matrix,91,The minimum of L or S above for 20-minute bucket,Matrix,100,2189,USA,TOP3000,1
news_mins_20_pct_dn,matrix,97,Number of minutes that elapsed before price went down 20 percentage points,Matrix,100,1053,USA,TOP3000,1
news_mins_20_pct_up,matrix,97,Number of minutes that elapsed before price went up 20 percentage points,Matrix,100,443,USA,TOP3000,1
news_mins_2_chg,matrix,53,Minimum number of minutes taken for price to move (up or down) 2 percentage points after the event,Matrix,100,348,USA,TOP3000,1
news_mins_2_pct_dn,matrix,44,Number of minutes before the price decreased by at least 2 percent after the news release,Matrix,100,336,USA,TOP3000,1
news_mins_2_pct_up,matrix,28,Number of minutes before the price increased by at least 2 percent after the news release,Matrix,100,551,USA,TOP3000,1
news_mins_3_chg,matrix,92,Minimum number of minutes taken for price to move (up or down) 3 percentage points after the event,Matrix,100,374,USA,TOP3000,1
news_mins_3_pct_dn,matrix,92,Number of minutes before the price decreased by at least 3 percent after the news release,Matrix,100,351,USA,TOP3000,1
news_mins_3_pct_up,matrix,92,Number of minutes before the price increased by at least 3 percent after the news release,Matrix,100,719,USA,TOP3000,1
news_mins_4_chg,matrix,92,"Minimum value among L or S (minutes to reach positive/negative return thresholds) for each minute bucket, representing the fastest reaction time at the 4th percentile",Matrix,100,332,USA,TOP3000,1
news_mins_4_pct_dn,matrix,97,Number of minutes before the price decreased by at least 4 percent after the news release,Matrix,100,365,USA,TOP3000,1
news_mins_4_pct_up,matrix,97,Number of minutes before the price increased by at least 4 percent after the news release,Matrix,100,476,USA,TOP3000,1
news_mins_5_chg,matrix,97,"Minimum value among L or S for each minute bucket, indicating the fastest reaction time at the 5th percentile",Matrix,100,1129,USA,TOP3000,1
news_mins_5_pct_dn,matrix,85,Number of minutes before the price decreased by at least 5 percent after the news release,Matrix,100,1010,USA,TOP3000,1
news_mins_5_pct_up,matrix,92,Number of minutes before the price increased by at least 5 percent after the news release,Matrix,100,1116,USA,TOP3000,1
news_mins_7_5_chg,matrix,30,"Minimum value among L or S for each minute bucket, indicating the fastest reaction time at the 75th percentile",Matrix,100,483,USA,TOP3000,1
news_mins_7_5_pct_dn,matrix,88,Number of minutes elapsed before price decreases by 7.5 percentage points after the event,Matrix,100,892,USA,TOP3000,1
news_mins_7_5_pct_up,matrix,7,Number of minutes elapsed before price increases by 7.5 percentage points after the event,Matrix,100,472,USA,TOP3000,1
news_mov_vol,matrix,80,30-day moving average of session volume,Matrix,100,1439,USA,TOP3000,1
news_open,matrix,71,Price at the session open,Matrix,100,1067,USA,TOP3000,1
news_open_gap,matrix,62,Percent difference between current day's open and previous day's close,Matrix,100,715,USA,TOP3000,1
news_open_vol,matrix,44,Main session open volume,Matrix,100,364,USA,TOP3000,1
news_pct_10min,matrix,77,Percent change in price during the first 10 minutes following the news release,Matrix,100,673,USA,TOP3000,1
news_pct_120min,matrix,91,Percent change in price during the first 120 minutes following the news release,Matrix,100,1009,USA,TOP3000,1
news_pct_1min,matrix,97,Percent change in price during the first minute following the news release,Matrix,100,967,USA,TOP3000,1
news_pct_30min,matrix,97,Percent change in price during the first 30 minutes following the news release,Matrix,100,550,USA,TOP3000,1
news_pct_30sec,matrix,97,Percent change in price in the 30 seconds after the news release,Matrix,100,615,USA,TOP3000,1
news_pct_5_min,matrix,77,Percent change in price during the first 5 minutes following the news release,Matrix,100,351,USA,TOP3000,1
news_pct_60min,matrix,97,Percent change in price during the first 60 minutes following the news release,Matrix,100,589,USA,TOP3000,1
news_pct_90min,matrix,97,Percent change in price during the first 90 minutes following the news release,Matrix,100,705,USA,TOP3000,1
news_pe_ratio,matrix,97,Reported price-to-earnings ratio for the calendar day of the session,Matrix,100,2801,USA,TOP3000,1
news_post_vwap,matrix,97,Post-session volume-weighted average price,Matrix,100,538,USA,TOP3000,1
news_pre_vwap,matrix,83,Pre-session volume-weighted average price,Matrix,100,300,USA,TOP3000,1
news_prev_close,matrix,17,Previous trading day’s closing price,Matrix,100,302,USA,TOP3000,1
news_prev_day_ret,matrix,73,Percent change between previous day's open and close price,Matrix,100,527,USA,TOP3000,1
news_prev_vol,matrix,4,Previous day's session volume,Matrix,100,1376,USA,TOP3000,1
news_range_stddev,matrix,62,"Z-score of current day's trading range compared to 30-day average range, using 30-day range standard deviation",Matrix,100,566,USA,TOP3000,1
news_ratio_vol,matrix,51,Ratio of current session volume to 30-day moving average volume,Matrix,100,542,USA,TOP3000,1
news_session_range,matrix,42,Difference between session high and session low price,Matrix,100,1061,USA,TOP3000,1
news_session_range_pct,matrix,27,(Session High Price - Session Low Price) / Session Low Price,Matrix,100,743,USA,TOP3000,1
news_short_interest,matrix,87,Ratio of total number of shares sold short to total shares outstanding,Matrix,100,532,USA,TOP3000,1
news_spy_close,matrix,97,SPY price at session close,Matrix,100,1801,USA,TOP3000,1
news_spy_last,matrix,97,SPY last price at the time of the news,Matrix,100,1407,USA,TOP3000,1
news_ton_high,matrix,97,Highest price reached during the session before the time of news,Matrix,100,493,USA,TOP3000,1
news_ton_last,matrix,97,Price at the time of the news,Matrix,100,826,USA,TOP3000,1
news_ton_low,matrix,97,Lowest price reached during the session before the time of news,Matrix,100,467,USA,TOP3000,1
news_tot_ticks,matrix,97,Total number of ticks during the trading day,Matrix,100,2096,USA,TOP3000,1
news_vol_stddev,matrix,97,"Z-score of current volume compared to 30-day average volume, using 30-day volume standard deviation",Matrix,100,901,USA,TOP3000,1
nws12_afterhsz_01l,vector,71,Number of minutes that elapsed before price went up 10 percentage points,Vector,,841,USA,TOP3000,1
nws12_afterhsz_01p,vector,71,The minimum of L or S above for 10 minute bucket,Vector,,276,USA,TOP3000,1
nws12_afterhsz_01s,vector,71,Number of minutes that elapsed before price went down 10 percentage points,Vector,,426,USA,TOP3000,1
nws12_afterhsz_02l,vector,71,Number of minutes that elapsed before price went up 20 percentage points,Vector,,39,USA,TOP3000,1
nws12_afterhsz_02p,vector,71,The minimum of L or S above for 20-minute bucket,Vector,,38,USA,TOP3000,1
nws12_afterhsz_02s,vector,71,Number of minutes that elapsed before price went down 20 percentage points,Vector,,41,USA,TOP3000,1
nws12_afterhsz_10_min,vector,37,The percent change in price in the first 10 minutes following the news release,Vector,,352,USA,TOP3000,1
nws12_afterhsz_120_min,vector,46,The percent change in price in the first 120 minutes following the news release,Vector,,194,USA,TOP3000,1
nws12_afterhsz_1_minute,vector,26,The percent change in price in the first minute following the news release,Vector,,510,USA,TOP3000,1
nws12_afterhsz_1l,vector,71,Number of minutes that elapsed before price went up 1 percentage points,Vector,,850,USA,TOP3000,1
normalized_earnings_yield,matrix,87,Normalized earnings yield; composite metric averaging normalized measures of earnings yield,Matrix,100,6,USA,TOP3000,1
north_america_sales_exposure,matrix,94,Proportion of company sales from North America,Matrix,100,0,USA,TOP3000,1
nws12_afterhsz_1p,vector,71,The minimum of L or S above for 1-minute bucket,Vector,,156,USA,TOP3000,1
nws12_afterhsz_1s,vector,71,Number of minutes that elapsed before price went down 1 percentage point,Vector,,223,USA,TOP3000,1
nws12_afterhsz_2l,vector,71,Number of minutes that elapsed before price went up 2 percentage points,Vector,,289,USA,TOP3000,1
nws12_afterhsz_2p,vector,71,The minimum of L or S above for 2-minute bucket,Vector,,128,USA,TOP3000,1
nws12_afterhsz_2s,vector,71,Number of minutes that elapsed before price went down 2 percentage points,Vector,,97,USA,TOP3000,1
nws12_afterhsz_30_min,vector,42,The percent change in price in the first 30 minutes following the news release,Vector,,46,USA,TOP3000,1
nws12_afterhsz_3l,vector,71,Number of minutes that elapsed before price went up 3 percentage points,Vector,,184,USA,TOP3000,1
nws12_afterhsz_3p,vector,71,The minimum of L or S above for 3-minute bucket,Vector,,154,USA,TOP3000,1
nws12_afterhsz_3s,vector,71,Number of minutes that elapsed before price went down 3 percentage points,Vector,,560,USA,TOP3000,1
nws12_afterhsz_41rta,vector,71,14-day Average True Range,Vector,,56,USA,TOP3000,1
nws12_afterhsz_4l,vector,71,Number of minutes that elapsed before price went up 4 percentage points,Vector,,94,USA,TOP3000,1
nws12_afterhsz_4p,vector,71,The minimum of L or S above for 4-minute bucket,Vector,,115,USA,TOP3000,1
nws12_afterhsz_4s,vector,71,Number of minutes that elapsed before price went down 4 percentage points,Vector,,692,USA,TOP3000,1
nws12_afterhsz_57l,vector,71,Number of minutes that elapsed before price went up 7.5 percentage points,Vector,,386,USA,TOP3000,1
nws12_afterhsz_57p,vector,71,The minimum of L or S above for 7.5-minute bucket,Vector,,80,USA,TOP3000,1
nws12_afterhsz_57s,vector,71,Number of minutes that elapsed before price went down 7.5 percentage points,Vector,,2066,USA,TOP3000,1
nws12_afterhsz_5_min,vector,33,The percent change in price in the first 5 minutes following the news release,Vector,,118,USA,TOP3000,1
nws12_afterhsz_5l,vector,71,Number of minutes that elapsed before price went up 5 percentage points,Vector,,678,USA,TOP3000,1
nws12_afterhsz_5p,vector,71,The minimum of L or S above for 5-minute bucket,Vector,,110,USA,TOP3000,1
nws12_afterhsz_5s,vector,71,Number of minutes that elapsed before price went down 5 percentage points,Vector,,243,USA,TOP3000,1
nws12_afterhsz_60_min,vector,44,The percent change in price in the first 60 minutes following the news release,Vector,,39,USA,TOP3000,1
nws12_afterhsz_90_min,vector,45,The percent change in price in the first 90 minutes following the news release,Vector,,119,USA,TOP3000,1
nws12_afterhsz_allticks,vector,71,Total number of ticks for the trading day,Vector,,62,USA,TOP3000,1
nws12_afterhsz_atrratio,vector,64,Ratio of Today Range to 20-day average true range,Vector,,104,USA,TOP3000,1
nws12_afterhsz_close_vol,vector,55,Main close volume,Vector,,8,USA,TOP3000,1
nws12_afterhsz_curr_vol,vector,71,Current day's session volume,Vector,,42,USA,TOP3000,1
nws12_afterhsz_dayopen,vector,71,Price at the session open,Vector,,34,USA,TOP3000,1
nws12_afterhsz_div_y,vector,33,Annual yield,Vector,,21,USA,TOP3000,1
nws12_afterhsz_eodclose,vector,71,Close price of the session,Vector,,41,USA,TOP3000,1
nws12_afterhsz_eodhigh,vector,65,Highest price reached between the time of news and the end of the session,Vector,,24,USA,TOP3000,1
nws12_afterhsz_eodlow,vector,65,Lowest price reached between the time of news and the end of the session,Vector,,29,USA,TOP3000,1
nws12_afterhsz_eodvwap,vector,56,volume weighted average price between the time of news and the end of the session.,Vector,,18,USA,TOP3000,1
nws12_afterhsz_epsactual,vector,38,The actual Earnings Per Share value that was conveyed by the news release,Vector,,36,USA,TOP3000,1
nws12_afterhsz_highexcstddev,vector,65,"(EODHigh - TONLast)/StdDev, where StdDev is one standard deviation for the close price for 30 calendar days",Vector,,108,USA,TOP3000,1
nws12_afterhsz_lowexcstddev,vector,65,"(TONLast - EODLow) / StdDev, where StdDev is one standard deviation for the close price for 30 calendar days",Vector,,72,USA,TOP3000,1
nws12_afterhsz_mainvwap,vector,55,Main session volume weighted average price,Vector,,18,USA,TOP3000,1
nws12_afterhsz_maxdnamt,vector,65,The price at the time of the news minus the after the news low,Vector,,27,USA,TOP3000,1
nws12_afterhsz_maxdown,vector,65,Percent change from the price at the time of the news to the after the news low,Vector,,25,USA,TOP3000,1
nws12_afterhsz_maxup,vector,65,Percent change from the price at the time of the news to the after the news high,Vector,,21,USA,TOP3000,1
nws12_afterhsz_maxupamt,vector,65,The after the news high minus the price at the time of the news,Vector,,46,USA,TOP3000,1
nws12_afterhsz_mktcap,vector,71,Reported market capitalization for the calendar day of the session,Vector,,54,USA,TOP3000,1
nws12_afterhsz_mov_vol,vector,71,30-day moving average session volume,Vector,,287,USA,TOP3000,1
nws12_afterhsz_newrecord,vector,71,Tracks whether the news is first instance or a duplicate,Vector,,57,USA,TOP3000,1
nws12_afterhsz_newssess,vector,71,Index of the session in which the news was reported,Vector,,18,USA,TOP3000,1
nws12_afterhsz_open_vol,vector,55,Main open volume,Vector,,12,USA,TOP3000,1
nws12_afterhsz_opengap,vector,71,(DayOpen - PrevClose) / PrevClose.,Vector,,87,USA,TOP3000,1
nws12_afterhsz_peratio,vector,55,Reported price to earnings ratio for the calendar day of the session,Vector,,18,USA,TOP3000,1
nws12_afterhsz_postvwap,vector,71,Post-session volume weighted average price,Vector,,20,USA,TOP3000,1
nws12_afterhsz_prev_vol,vector,67,Previous day's session volume,Vector,,91,USA,TOP3000,1
nws12_afterhsz_prevclose,vector,71,Previous trading day's close price,Vector,,25,USA,TOP3000,1
nws12_afterhsz_prevday,vector,71,Percent change between the previous day's open and close,Vector,,47,USA,TOP3000,1
nws12_afterhsz_prevwap,vector,38,Pre session volume weighted average price,Vector,,3,USA,TOP3000,1
nws12_afterhsz_provider,vector,71,index of name of the news provider,Vector,,88,USA,TOP3000,1
nws12_afterhsz_range,vector,65,Session High Price - Session Low Price) / Session Low Price.,Vector,,53,USA,TOP3000,1
nws12_afterhsz_rangeamt,vector,65,Session High Price - Session Low Price,Vector,,16,USA,TOP3000,1
nws12_afterhsz_rangestddev,vector,62,"(RangeAmt - AvgRange) / RangeStdDev, where AvgRange is the average of the daily range, and RangeStdDev is one standard deviation for the daily range, both for 30 calendar days",Vector,,44,USA,TOP3000,1
nws12_afterhsz_reportsess,vector,71,Index of Session on which the spreadsheet is reporting,Vector,,23,USA,TOP3000,1
nws12_afterhsz_result1,vector,71,Percent change between the price at the time of the news release to the price at the close of the session,Vector,,940,USA,TOP3000,1
nws12_afterhsz_result2,vector,71,Percent change between the price at the time of the news release to the price at the close of the session,Vector,,873,USA,TOP3000,1
nws12_afterhsz_result_vs_index,vector,71,((EODClose - TONLast) / TONLast) - ((SPYClose - SPYLast) / SPYLast),Vector,,799,USA,TOP3000,1
nws12_afterhsz_short_interest,vector,60,Total number of shares sold short divided by total number of shares outstanding,Vector,,138,USA,TOP3000,1
nws12_afterhsz_sl,vector,71,Whether a long or short position would have been more advantageous: If (EODHigh - Last) > (Last - EODLow) Then LS = 1; If (EODHigh - Last) = (Last - EODLow) Then LS = 0; If (EODHigh - Last) < (Last - EODLow) Then LS = -1.,Vector,,18998,USA,TOP3000,1
nws12_afterhsz_spyclose,vector,71,Price of SPY at close of session,Vector,,125,USA,TOP3000,1
nws12_afterhsz_spylast,vector,71,Last Price of the SPY at the time of the news,Vector,,48,USA,TOP3000,1
nws12_afterhsz_tonhigh,vector,71,Highest price reached during the session before the time of news,Vector,,107,USA,TOP3000,1
nws12_afterhsz_tonlast,vector,71,Price at the time of news,Vector,,18,USA,TOP3000,1
nws12_afterhsz_tonlow,vector,71,Lowest price reached during the session before the time of the news,Vector,,23,USA,TOP3000,1
nws12_afterhsz_vol_ratio,vector,71,Curr_Vol / Mov_Vol,Vector,,78,USA,TOP3000,1
nws12_afterhsz_volstddev,vector,71,"(CurrentVolume - AvgVol)/VolStDev, where AvgVol is the average of the daily volume, and VolStdDev is one standard deviation for the daily volume, both for 30 calendar days",Vector,,51,USA,TOP3000,1
nws12_allz_newrecord,vector,97,Tracks whether the news is first instance or a duplicate,Vector,,375,USA,TOP3000,1
nws12_allz_newssess,vector,97,Index of session in which the news was reported,Vector,,103,USA,TOP3000,1
nws12_allz_provider,vector,97,index of name of the news provider,Vector,,350,USA,TOP3000,1
nws12_allz_reportsess,vector,97,Index of Session on which the spreadsheet is reporting,Vector,,43,USA,TOP3000,1
nws12_allz_result1,vector,97,Percent change between the price at the time of the news release and the price at the close of the session,Vector,,80,USA,TOP3000,1
nws12_allz_result2,vector,97,Percent change between the price at the time of the news release and the price at the close of the session,Vector,,43,USA,TOP3000,1
nws12_mainz_01l,vector,97,Number of minutes that elapsed before price went up 10 percentage points,Vector,,1266,USA,TOP3000,1
nws12_mainz_01p,vector,97,The minimum of L or S above for 10-minute bucket,Vector,,2090,USA,TOP3000,1
nws12_mainz_01s,vector,97,Number of minutes that elapsed before price went down 10 percentage points,Vector,,143,USA,TOP3000,1
nws12_mainz_02l,vector,97,Number of minutes that elapsed before price went up 20 percentage points,Vector,,337,USA,TOP3000,1
nws12_mainz_02p,vector,97,The minimum of L or S above for 20-minute bucket,Vector,,101,USA,TOP3000,1
nws12_mainz_02s,vector,97,Number of minutes that elapsed before price went down 20 percentage points,Vector,,36,USA,TOP3000,1
nws12_mainz_10_min,vector,96,The percent change in price in the first 10 minutes following the news release,Vector,,31,USA,TOP3000,1
nws12_mainz_120_min,vector,97,The percent change in price in the first 120 minutes following the news release,Vector,,38,USA,TOP3000,1
nws12_mainz_1_minute,vector,94,The percent change in price in the first minute following the news release,Vector,,29,USA,TOP3000,1
nws12_mainz_1l,vector,97,Number of minutes that elapsed before price went up 1 percentage point,Vector,,68,USA,TOP3000,1
nws12_mainz_1p,vector,97,The minimum of L or S above for 1-minute bucket,Vector,,36,USA,TOP3000,1
nws12_mainz_1s,vector,97,Number of minutes that elapsed before price went down 1 percentage point,Vector,,50,USA,TOP3000,1
nws12_mainz_2l,vector,97,Number of minutes that elapsed before price went up 2 percentage points,Vector,,75,USA,TOP3000,1
nws12_mainz_2p,vector,97,The minimum of L or S above for 2 minute bucket,Vector,,82,USA,TOP3000,1
nws12_mainz_2s,vector,97,Number of minutes that elapsed before price went down 2 percentage points,Vector,,60,USA,TOP3000,1
nws12_mainz_30_min,vector,97,The percent change in price in the first 30 minutes following the news release,Vector,,33,USA,TOP3000,1
nws12_mainz_30_seconds,vector,91,The percent change in price in the 30 seconds following the news release,Vector,,44,USA,TOP3000,1
nws12_mainz_3l,vector,97,Number of minutes that elapsed before price went up 3 percentage points,Vector,,148,USA,TOP3000,1
nws12_mainz_3p,vector,97,The minimum of L or S above for 3-minute bucket,Vector,,101,USA,TOP3000,1
nws12_mainz_3s,vector,97,Number of minutes that elapsed before price went down 3 percentage points,Vector,,91,USA,TOP3000,1
nws12_mainz_41rta,vector,97,14-day Average True Range,Vector,,12,USA,TOP3000,1
nws12_mainz_4l,vector,97,Number of minutes that elapsed before price went up 4 percentage points,Vector,,156,USA,TOP3000,1
nws12_mainz_4p,vector,97,The minimum of L or S above for 4 minute bucket,Vector,,45,USA,TOP3000,1
nws12_mainz_4s,vector,97,Number of minutes that elapsed before price went down 4 percentage points,Vector,,169,USA,TOP3000,1
nws12_mainz_57l,vector,97,Number of minutes that elapsed before price went up 7.5 percentage points,Vector,,730,USA,TOP3000,1
